# Blender v2.91.0 OBJ File: 'untitled.blend'
# www.blender.org
mtllib arco -obj.mtl
o arco_Plano.015
v -0.113189 0.041548 -0.207093
v -0.108829 0.036434 -0.206879
v -0.110980 0.029551 -0.208108
v -0.108707 0.035769 -0.206935
v -0.103454 0.021548 -0.031676
v -0.103704 0.022904 -0.031561
v -0.124710 0.030017 -0.018722
v -0.120191 0.005477 -0.020799
v -0.155522 0.027592 -0.044846
v -0.136116 0.019108 -0.056605
v -0.150636 0.001057 -0.047092
v -0.135848 0.017649 -0.056729
v -0.138789 0.017601 -0.062397
v -0.139052 0.019033 -0.062276
v -0.162572 0.027190 -0.064285
v -0.157950 0.002093 -0.066409
v -0.110186 0.039141 -0.206818
v -0.107102 0.014632 -0.029205
v -0.138974 0.010380 -0.054590
v -0.145500 0.024134 -0.062526
v -0.109016 0.032786 -0.207356
v -0.109486 0.027581 -0.028109
v -0.141547 0.024349 -0.053408
v -0.143019 0.010662 -0.063666
v -0.112158 0.041711 -0.206878
v -0.111009 0.041334 -0.206795
v -0.109951 0.029730 -0.207892
v -0.109107 0.030446 -0.207702
v -0.114788 0.031876 -0.024927
v -0.115755 0.032141 -0.024334
v -0.111236 0.007601 -0.026411
v -0.110443 0.008284 -0.026924
v -0.146528 0.029164 -0.050459
v -0.147463 0.029475 -0.049888
v -0.142586 0.002993 -0.052129
v -0.141839 0.003703 -0.052613
v -0.152594 0.029110 -0.062856
v -0.151397 0.028806 -0.062742
v -0.146886 0.004307 -0.064816
v -0.147901 0.003623 -0.065013
v -0.130068 0.029088 -0.175979
v -0.136112 0.027094 -0.165822
v -0.144296 0.023928 -0.146752
v -0.140186 0.025644 -0.157785
v -0.148738 0.021144 -0.124142
v -0.147016 0.022477 -0.135822
v -0.148784 0.019043 -0.100097
v -0.149338 0.019973 -0.111959
v -0.144188 0.017878 -0.076990
v -0.147150 0.018347 -0.088641
v -0.130237 0.030003 -0.175901
v -0.136288 0.028051 -0.165741
v -0.144439 0.019240 -0.076875
v -0.147391 0.019655 -0.088531
v -0.149015 0.020298 -0.099991
v -0.149559 0.021173 -0.111858
v -0.148949 0.022288 -0.124045
v -0.147217 0.023568 -0.135729
v -0.144488 0.024971 -0.146664
v -0.140369 0.026638 -0.157700
v -0.145365 0.034255 -0.166253
v -0.138364 0.036650 -0.176125
v -0.156010 0.032158 -0.147339
v -0.150552 0.033523 -0.158168
v -0.163437 0.029791 -0.125014
v -0.160160 0.030910 -0.136515
v -0.166847 0.028092 -0.101305
v -0.165714 0.028831 -0.113031
v -0.165675 0.027273 -0.078552
v -0.166889 0.027576 -0.090110
v -0.135320 0.020126 -0.177525
v -0.142418 0.018250 -0.167607
v -0.162623 0.004409 -0.092071
v -0.161249 0.003239 -0.080586
v -0.161766 0.007395 -0.114845
v -0.162736 0.005769 -0.103194
v -0.156541 0.011263 -0.138177
v -0.159657 0.009265 -0.126751
v -0.147284 0.015776 -0.159670
v -0.152545 0.013341 -0.148932
v -0.143321 0.030508 -0.157630
v -0.147782 0.028998 -0.146657
v -0.150888 0.027738 -0.135730
v -0.153026 0.026611 -0.124084
v -0.154075 0.025654 -0.111943
v -0.153969 0.024929 -0.100088
v -0.152786 0.024432 -0.088705
v -0.150280 0.024162 -0.077036
v -0.137293 0.022748 -0.166470
v -0.131032 0.024880 -0.176524
v -0.132643 0.033627 -0.175784
v -0.138949 0.031741 -0.165709
v -0.145951 0.019052 -0.147499
v -0.141574 0.021024 -0.158432
v -0.151021 0.015726 -0.125005
v -0.148973 0.017338 -0.136610
v -0.151780 0.013040 -0.101094
v -0.151977 0.014262 -0.112907
v -0.147913 0.011304 -0.078124
v -0.150509 0.012066 -0.089752
v -0.141174 0.034702 -0.165686
v -0.134645 0.036682 -0.175661
v -0.135700 0.037130 -0.175744
v -0.142208 0.035054 -0.165777
v -0.150633 0.032492 -0.146641
v -0.145834 0.033742 -0.157565
v -0.146895 0.034124 -0.157652
v -0.151724 0.032911 -0.146730
v -0.156623 0.030432 -0.124108
v -0.154098 0.031390 -0.135718
v -0.155207 0.031791 -0.135810
v -0.157751 0.030816 -0.124204
v -0.158415 0.029090 -0.100164
v -0.158094 0.029649 -0.112007
v -0.159237 0.030016 -0.112108
v -0.159572 0.029440 -0.100267
v -0.155590 0.028640 -0.077170
v -0.157657 0.028752 -0.088850
v -0.158827 0.029087 -0.088958
v -0.156772 0.028961 -0.077278
v -0.131827 0.021336 -0.176965
v -0.138324 0.019229 -0.166995
v -0.139170 0.018554 -0.167174
v -0.132648 0.020565 -0.177148
v -0.148253 0.014065 -0.148325
v -0.143637 0.016432 -0.159149
v -0.142777 0.017145 -0.158970
v -0.147379 0.014822 -0.148136
v -0.153954 0.010200 -0.125949
v -0.151579 0.012089 -0.137477
v -0.150681 0.012836 -0.137288
v -0.153033 0.010937 -0.125758
v -0.155427 0.006932 -0.102171
v -0.155265 0.008445 -0.113933
v -0.154323 0.009171 -0.113740
v -0.154466 0.007648 -0.101978
v -0.152290 0.004626 -0.079338
v -0.154517 0.005682 -0.090939
v -0.153539 0.006387 -0.090743
v -0.151296 0.005322 -0.079144
v -0.132136 0.029473 -0.022827
v -0.139275 0.028916 -0.027263
v -0.144123 0.028532 -0.030968
v -0.149745 0.028077 -0.036751
v -0.111094 0.021919 -0.035694
v -0.118229 0.020991 -0.040011
v -0.129411 0.019713 -0.049071
v -0.123335 0.020368 -0.043641
v -0.134452 0.002727 -0.029479
v -0.127448 0.004019 -0.024982
v -0.144821 0.001338 -0.039014
v -0.139231 0.001967 -0.033216
v -0.110835 0.020513 -0.035813
v -0.117962 0.019545 -0.040133
v -0.123065 0.018902 -0.043765
v -0.129139 0.018239 -0.049196
v -0.124073 0.026062 -0.036576
v -0.116897 0.026816 -0.032222
v -0.126524 0.011535 -0.041393
v -0.132487 0.010862 -0.046927
v -0.135082 0.024954 -0.045735
v -0.129104 0.025545 -0.040208
v -0.114424 0.013384 -0.033358
v -0.121529 0.012248 -0.037745
v -0.130402 0.031017 -0.032817
v -0.123188 0.031594 -0.028428
v -0.122228 0.031320 -0.029016
v -0.129448 0.030734 -0.033399
v -0.141238 0.030080 -0.042074
v -0.135360 0.030604 -0.036452
v -0.134412 0.030314 -0.037032
v -0.140295 0.029781 -0.042650
v -0.124806 0.005527 -0.035532
v -0.117718 0.006828 -0.031088
v -0.118500 0.006141 -0.030582
v -0.125580 0.004833 -0.035033
v -0.135560 0.004071 -0.044825
v -0.129703 0.004748 -0.039196
v -0.130470 0.004051 -0.038699
v -0.136319 0.003368 -0.044335
v -0.082050 0.021773 -0.000310
v -0.108144 0.027925 -0.005355
v -0.110990 0.029982 -0.008199
v -0.087823 0.024444 -0.017815
v -0.090407 0.024378 -0.021034
v -0.107062 0.008653 -0.010004
v -0.105044 0.011092 -0.006780
v -0.087651 0.023513 -0.017893
v -0.090187 0.023182 -0.021136
v -0.096017 0.028347 -0.017599
v -0.093271 0.027305 -0.014538
v -0.091635 0.018417 -0.015290
v -0.093925 0.016984 -0.018560
v -0.102042 0.032103 -0.013798
v -0.099196 0.030046 -0.010956
v -0.098235 0.029918 -0.011547
v -0.101076 0.031893 -0.014408
v -0.097304 0.011409 -0.016141
v -0.095261 0.013768 -0.012913
v -0.096096 0.013214 -0.012380
v -0.098114 0.010775 -0.015603
v -0.099811 0.018407 -0.003103
v -0.101020 0.021998 -0.002460
v -0.086033 0.025400 0.000096
v -0.081276 0.024344 0.000358
v -0.097003 0.018376 -0.002735
v -0.101743 0.019457 -0.002966
v -0.083259 0.025364 0.000332
v -0.082050 0.021773 -0.000310
v -0.091556 0.024959 -0.000578
v -0.086557 0.025407 0.000052
v -0.102180 0.020151 -0.002848
v -0.098366 0.023100 -0.001858
v -0.098079 0.023219 -0.001793
v -0.093277 0.024634 -0.000862
v -0.084834 0.020580 -0.000804
v -0.089616 0.019145 -0.001621
v -0.091336 0.018820 -0.001905
v -0.096353 0.018368 -0.002649
v -0.075417 0.017254 0.000575
v -0.076485 0.017700 -0.000141
v -0.107729 0.020543 -0.002859
v -0.107435 0.020672 -0.003444
v -0.106416 0.016364 -0.003983
v -0.106696 0.016164 -0.003382
v -0.077638 0.030670 0.002311
v -0.078434 0.029932 0.001472
v -0.082334 0.032669 0.001446
v -0.081537 0.033408 0.002276
v -0.104577 0.013161 -0.003679
v -0.104643 0.013847 -0.004218
v -0.100758 0.011105 -0.004188
v -0.100693 0.010416 -0.003633
v -0.074384 0.023271 0.001635
v -0.075558 0.023099 0.000810
v -0.076575 0.027407 0.001352
v -0.075414 0.027651 0.002160
v -0.086201 0.034816 0.002015
v -0.086625 0.033964 0.001206
v -0.091627 0.034148 0.000641
v -0.091203 0.035000 0.001448
v -0.104960 0.028222 -0.001511
v -0.104738 0.027728 -0.002175
v -0.106989 0.023633 -0.003043
v -0.107203 0.024121 -0.002373
v -0.096784 0.033773 0.000506
v -0.096887 0.032992 -0.000246
v -0.101332 0.030740 -0.001215
v -0.101230 0.031521 -0.000460
v -0.085201 0.010049 -0.001522
v -0.085960 0.010778 -0.002170
v -0.081546 0.013062 -0.001308
v -0.080788 0.012333 -0.000662
v -0.095805 0.008988 -0.003142
v -0.096246 0.009787 -0.003735
v -0.091224 0.009621 -0.003058
v -0.090783 0.008822 -0.002464
v -0.110984 0.049891 -0.212749
v -0.100404 0.038855 -0.212067
v -0.106134 0.023555 -0.214978
v -0.100128 0.037353 -0.212194
v -0.103661 0.044881 -0.211978
v -0.101038 0.030637 -0.213183
v -0.108401 0.050281 -0.212214
v -0.105581 0.049614 -0.211983
v -0.103566 0.024022 -0.214437
v -0.101402 0.025530 -0.213986
v -0.096546 0.046835 -0.231490
v -0.129828 0.046632 -0.342570
v -0.092163 0.048457 -0.248311
v -0.090925 0.049688 -0.263745
v -0.092342 0.050557 -0.278900
v -0.096172 0.050805 -0.293762
v -0.101096 0.050466 -0.308038
v -0.107257 0.052541 -0.321743
v -0.099909 0.027917 -0.232887
v -0.132549 0.035747 -0.340302
v -0.095889 0.031137 -0.248904
v -0.094562 0.033192 -0.264075
v -0.095647 0.034936 -0.279132
v -0.099325 0.036883 -0.293830
v -0.104751 0.036223 -0.308014
v -0.112211 0.035432 -0.320837
v -0.135097 0.049585 -0.339131
v -0.104155 0.050974 -0.230936
v -0.115648 0.054097 -0.319258
v -0.107983 0.053772 -0.306529
v -0.102254 0.052789 -0.292484
v -0.099244 0.053612 -0.277513
v -0.098194 0.053036 -0.262394
v -0.099738 0.052026 -0.247136
v -0.098433 0.050933 -0.231332
v -0.133752 0.049446 -0.340637
v -0.094008 0.052215 -0.248073
v -0.092728 0.053320 -0.263473
v -0.093964 0.053933 -0.278640
v -0.097701 0.053737 -0.293485
v -0.103849 0.054075 -0.307546
v -0.112374 0.055821 -0.320099
v -0.122834 0.045680 -0.345932
v -0.093346 0.041716 -0.231873
v -0.097769 0.049292 -0.325017
v -0.096332 0.047574 -0.308705
v -0.093538 0.046830 -0.294417
v -0.089638 0.046300 -0.279507
v -0.087910 0.045360 -0.264349
v -0.089050 0.043874 -0.248847
v -0.131842 0.035868 -0.340996
v -0.097136 0.028496 -0.233010
v -0.110249 0.034962 -0.321292
v -0.102639 0.036489 -0.308442
v -0.096915 0.036935 -0.294309
v -0.093075 0.035299 -0.279621
v -0.091840 0.033695 -0.264567
v -0.093072 0.031707 -0.249330
v -0.094831 0.029980 -0.233040
v -0.131424 0.036602 -0.341635
v -0.090735 0.033080 -0.249611
v -0.089596 0.035014 -0.264932
v -0.090971 0.036481 -0.280024
v -0.094958 0.037765 -0.294746
v -0.100976 0.037539 -0.308860
v -0.108732 0.035265 -0.321763
v -0.094277 0.034512 -0.232532
v -0.128439 0.041074 -0.343269
v -0.090107 0.037293 -0.249256
v -0.088974 0.039096 -0.264642
v -0.090444 0.040251 -0.279772
v -0.094380 0.041078 -0.294586
v -0.099528 0.041952 -0.308758
v -0.108401 0.038465 -0.321674
v -0.122670 0.044785 -0.346008
v -0.093108 0.040420 -0.231982
v -0.097342 0.046972 -0.325213
v -0.096118 0.046411 -0.308803
v -0.093343 0.045771 -0.294507
v -0.089440 0.045226 -0.279598
v -0.087705 0.044248 -0.264443
v -0.088835 0.042702 -0.248947
v -0.134412 0.049836 -0.339813
v -0.101367 0.051440 -0.231055
v -0.114004 0.055352 -0.319564
v -0.105928 0.054344 -0.306926
v -0.099999 0.053670 -0.292885
v -0.096551 0.054154 -0.278015
v -0.095517 0.053628 -0.262866
v -0.096919 0.052558 -0.247548
v -0.126958 0.035714 -0.336135
v -0.125740 0.035857 -0.336621
v -0.119586 0.041760 -0.339132
v -0.108662 0.046695 -0.342153
v -0.127474 0.051018 -0.335976
v -0.128578 0.051295 -0.335310
v -0.129756 0.050920 -0.334846
v -0.108949 0.048255 -0.342021
v -0.124893 0.036611 -0.337113
v -0.121292 0.048518 -0.338391
v -0.109440 0.052569 -0.325809
v -0.114619 0.050985 -0.332827
v -0.115123 0.035423 -0.324791
v -0.121074 0.035644 -0.331085
v -0.124139 0.052296 -0.329675
v -0.118486 0.053689 -0.323246
v -0.115547 0.054763 -0.323940
v -0.121437 0.052762 -0.330513
v -0.097999 0.050198 -0.335308
v -0.096692 0.050280 -0.333012
v -0.119508 0.035562 -0.331515
v -0.113275 0.034978 -0.325244
v -0.111860 0.035235 -0.325725
v -0.118347 0.036072 -0.331983
v -0.109331 0.039296 -0.325979
v -0.112948 0.040865 -0.333434
v -0.097538 0.047697 -0.335519
v -0.096220 0.047718 -0.333228
v -0.122714 0.053004 -0.330035
v -0.116937 0.054870 -0.323559
v -0.101499 0.051477 -0.288372
v -0.100289 0.049017 -0.279786
v -0.100107 0.046279 -0.266018
v -0.101869 0.044403 -0.251360
v -0.105560 0.042498 -0.236257
v -0.112071 0.039887 -0.220799
v -0.105610 0.052763 -0.299917
v -0.103062 0.049908 -0.287020
v -0.102433 0.046036 -0.268863
v -0.103943 0.043979 -0.252649
v -0.107474 0.042129 -0.236982
v -0.114120 0.039499 -0.220775
v -0.102647 0.037183 -0.301060
v -0.112981 0.033309 -0.221299
v -0.106317 0.035865 -0.237511
v -0.102846 0.037952 -0.253159
v -0.101092 0.039209 -0.269408
v -0.100985 0.038560 -0.288081
v -0.098961 0.037695 -0.289539
v -0.110928 0.033681 -0.221325
v -0.104379 0.036086 -0.236800
v -0.100705 0.038085 -0.251895
v -0.098832 0.039357 -0.266604
v -0.098445 0.039001 -0.280634
v -0.139473 0.034414 -0.179991
v -0.124712 0.036532 -0.203952
v -0.132400 0.035151 -0.192296
v -0.123429 0.029564 -0.204542
v -0.137262 0.022406 -0.181008
v -0.130756 0.026225 -0.193052
v -0.120655 0.030253 -0.205287
v -0.134282 0.023536 -0.182671
v -0.127643 0.027222 -0.194181
v -0.136338 0.034700 -0.181727
v -0.121897 0.037000 -0.204715
v -0.129171 0.035518 -0.193478
v -0.114983 0.038925 -0.215630
v -0.118336 0.037933 -0.210210
v -0.117231 0.038501 -0.215330
v -0.120864 0.037470 -0.209653
v -0.119670 0.030986 -0.210202
v -0.116079 0.032243 -0.215860
v -0.117160 0.031546 -0.210751
v -0.113836 0.032698 -0.216157
v -0.140595 0.047617 -0.343516
v -0.140389 0.047986 -0.342989
v -0.139572 0.042494 -0.346544
v -0.139257 0.042621 -0.346824
v -0.138176 0.035969 -0.344006
v -0.138516 0.036324 -0.344472
v -0.139461 0.041892 -0.346595
v -0.139130 0.041933 -0.346883
v -0.139814 0.045406 -0.345706
v -0.140107 0.045061 -0.345566
v -0.098921 0.047449 -0.333595
v -0.099866 0.047821 -0.333021
v -0.100076 0.048964 -0.332925
v -0.099342 0.049735 -0.333402
v -0.098398 0.049362 -0.333975
v -0.098187 0.048219 -0.334072
v 0.121140 0.052662 0.171503
v 0.123029 0.047432 0.167725
v 0.123349 0.040665 0.170488
v 0.123152 0.046766 0.167669
v -0.030893 0.024990 0.085559
v -0.031142 0.026345 0.085674
v -0.052190 0.033456 0.098446
v -0.047671 0.008917 0.096369
v -0.042513 0.032952 0.137738
v -0.023110 0.024468 0.125975
v -0.037627 0.006417 0.135492
v -0.022841 0.023009 0.125851
v -0.019082 0.023279 0.131007
v -0.019346 0.024711 0.131128
v -0.028262 0.033561 0.152713
v -0.023641 0.008464 0.150590
v 0.122298 0.050168 0.168797
v -0.034549 0.018074 0.088015
v -0.025959 0.015741 0.128004
v -0.022135 0.029985 0.136790
v 0.123468 0.043813 0.168259
v -0.036934 0.031023 0.089111
v -0.028531 0.029710 0.129186
v -0.019654 0.016513 0.135650
v 0.121404 0.052789 0.170478
v 0.121852 0.052379 0.169430
v 0.123610 0.040808 0.169464
v 0.123799 0.041493 0.168594
v -0.042259 0.035316 0.092254
v -0.043228 0.035581 0.092844
v -0.038709 0.011041 0.090768
v -0.037914 0.011724 0.090258
v -0.033519 0.034524 0.132124
v -0.034456 0.034835 0.132694
v -0.029579 0.008353 0.130453
v -0.028830 0.009063 0.129970
v -0.025137 0.035155 0.143071
v -0.024697 0.034816 0.141963
v -0.020185 0.010317 0.139890
v -0.020443 0.009668 0.140915
v 0.086102 0.039341 0.173279
v 0.074372 0.037077 0.174248
v 0.053745 0.033321 0.173214
v 0.065402 0.035395 0.174376
v 0.031611 0.029698 0.167241
v 0.042792 0.031479 0.170843
v 0.010138 0.026581 0.156668
v 0.020477 0.028028 0.162405
v -0.008447 0.024316 0.142321
v 0.000640 0.025357 0.150136
v 0.085934 0.040256 0.173356
v 0.074195 0.038034 0.174329
v -0.008698 0.025679 0.142436
v 0.000399 0.026664 0.150247
v 0.009907 0.027835 0.156774
v 0.020256 0.029228 0.162506
v 0.031400 0.030842 0.167338
v 0.042591 0.032571 0.170936
v 0.053553 0.034364 0.173302
v 0.065219 0.036389 0.174460
v 0.070439 0.044490 0.182413
v 0.082332 0.047118 0.180444
v 0.048825 0.041874 0.183604
v 0.060911 0.043553 0.183484
v 0.025603 0.038757 0.180410
v 0.037323 0.040277 0.182550
v 0.002918 0.036144 0.172979
v 0.013894 0.037350 0.177153
v -0.016888 0.034330 0.161836
v -0.007100 0.035155 0.168054
v 0.085376 0.030594 0.179045
v 0.073386 0.028485 0.181059
v -0.002834 0.011988 0.166094
v -0.012462 0.010296 0.159802
v 0.017841 0.015914 0.175339
v 0.007029 0.013821 0.171090
v 0.040941 0.020630 0.180888
v 0.029383 0.018231 0.178673
v 0.064179 0.025805 0.181982
v 0.052290 0.023057 0.182012
v 0.063737 0.040329 0.176905
v 0.051970 0.038473 0.176075
v 0.040843 0.036832 0.174042
v 0.029502 0.035268 0.170819
v 0.018199 0.033825 0.166393
v 0.007661 0.032595 0.161052
v -0.001979 0.031585 0.154948
v -0.011291 0.030755 0.147524
v 0.074538 0.032795 0.175777
v 0.086270 0.035187 0.174562
v 0.084659 0.043933 0.175303
v 0.072882 0.041788 0.176538
v 0.053802 0.028526 0.175233
v 0.065483 0.030845 0.176102
v 0.031506 0.024383 0.169898
v 0.042758 0.026431 0.173162
v 0.009850 0.020706 0.160046
v 0.020297 0.022433 0.165429
v -0.008923 0.017896 0.146436
v 0.000298 0.019219 0.153902
v 0.071791 0.044804 0.178392
v 0.083576 0.047033 0.176910
v 0.083166 0.047511 0.177871
v 0.071402 0.045185 0.179344
v 0.050591 0.042036 0.178470
v 0.062472 0.043622 0.178986
v 0.062066 0.044035 0.179958
v 0.050173 0.042487 0.179467
v 0.027817 0.039180 0.173885
v 0.039304 0.040563 0.176753
v 0.038880 0.040997 0.177769
v 0.027390 0.039598 0.174920
v 0.005635 0.036871 0.164886
v 0.016357 0.037923 0.169847
v 0.015927 0.038324 0.170899
v 0.005202 0.037255 0.165952
v -0.013659 0.035372 0.152143
v -0.004137 0.036033 0.159186
v -0.004572 0.036404 0.160267
v -0.014098 0.035728 0.153234
v 0.086403 0.031687 0.175620
v 0.074641 0.029330 0.177083
v 0.074440 0.028685 0.177947
v 0.086220 0.030946 0.176469
v 0.053644 0.023641 0.177872
v 0.065325 0.026343 0.178461
v 0.065529 0.027025 0.177582
v 0.053845 0.024366 0.176974
v 0.031186 0.018982 0.173175
v 0.042509 0.021295 0.176102
v 0.042720 0.022010 0.175183
v 0.031407 0.019686 0.172235
v 0.009346 0.014747 0.164047
v 0.019900 0.016753 0.169073
v 0.020128 0.017445 0.168114
v 0.009584 0.015429 0.163071
v -0.009616 0.011393 0.151175
v -0.000261 0.012999 0.158286
v -0.000019 0.013669 0.157294
v -0.009364 0.012054 0.150170
v -0.051818 0.033282 0.106939
v -0.051023 0.033102 0.115323
v -0.049863 0.033003 0.121324
v -0.047188 0.032941 0.128946
v -0.030719 0.025731 0.094166
v -0.030018 0.025175 0.102508
v -0.026871 0.024576 0.116598
v -0.029034 0.024841 0.108718
v -0.046200 0.006913 0.113106
v -0.047131 0.007828 0.104785
v -0.042264 0.006203 0.126684
v -0.044970 0.006438 0.119076
v -0.030460 0.024325 0.094047
v -0.029751 0.023729 0.102386
v -0.028764 0.023375 0.108594
v -0.026600 0.023103 0.116473
v -0.035832 0.030247 0.105992
v -0.036543 0.030627 0.097603
v -0.032236 0.016007 0.110944
v -0.029930 0.015727 0.118770
v -0.032525 0.029819 0.119962
v -0.034816 0.030017 0.112130
v -0.034070 0.017196 0.096466
v -0.033288 0.016433 0.104823
v -0.042150 0.035203 0.109769
v -0.042870 0.035404 0.101338
v -0.041909 0.035130 0.100753
v -0.041196 0.034920 0.109187
v -0.038682 0.034944 0.123622
v -0.041100 0.035075 0.115840
v -0.040150 0.034785 0.115262
v -0.037738 0.034645 0.123047
v -0.036554 0.009713 0.107054
v -0.037398 0.010638 0.098681
v -0.038183 0.009950 0.099184
v -0.037328 0.009019 0.107553
v -0.033004 0.008935 0.120872
v -0.035442 0.009219 0.113098
v -0.036210 0.008521 0.113592
v -0.033762 0.008233 0.121362
v -0.081850 0.026407 0.035934
v -0.061980 0.025534 0.023661
v -0.079764 0.015080 0.034975
v -0.061865 0.024909 0.023608
v -0.067194 0.027090 0.026842
v -0.066093 0.021114 0.026337
v -0.072902 0.028529 0.030333
v -0.071959 0.028512 0.029750
v -0.069958 0.017646 0.028830
v -0.070816 0.017201 0.029374
v -0.061264 0.017925 0.023441
v -0.049399 0.023321 0.052442
v -0.056696 0.030365 0.077767
v -0.055477 0.032615 0.081491
v -0.036389 0.026883 0.065284
v -0.034661 0.027022 0.069032
v -0.051549 0.011286 0.079686
v -0.053596 0.013532 0.076343
v -0.036218 0.025953 0.065206
v -0.034441 0.025827 0.068931
v -0.040343 0.030987 0.072353
v -0.041828 0.029745 0.068578
v -0.040191 0.020857 0.067826
v -0.038250 0.019625 0.071391
v -0.046530 0.034736 0.075890
v -0.047748 0.032487 0.072167
v -0.046787 0.032358 0.071576
v -0.045548 0.034527 0.075307
v -0.041776 0.014043 0.073573
v -0.043813 0.016208 0.070209
v -0.044648 0.015654 0.070742
v -0.042602 0.013408 0.074085
v -0.083139 0.021709 0.036869
v -0.082101 0.017331 0.036355
v -0.063823 0.031325 0.024632
v -0.066663 0.034113 0.026308
v -0.080396 0.014308 0.035389
v -0.077572 0.011513 0.033723
v -0.061070 0.023903 0.023145
v -0.062107 0.028282 0.023659
v -0.069937 0.035587 0.028291
v -0.073304 0.035849 0.030367
v -0.081840 0.029319 0.035842
v -0.083024 0.025268 0.036693
v -0.076903 0.034716 0.032628
v -0.079656 0.032544 0.034395
v -0.067307 0.010898 0.027388
v -0.064530 0.013104 0.025604
v -0.074238 0.010011 0.031703
v -0.070907 0.009765 0.029649
v -0.054741 0.020545 0.069715
v -0.055950 0.024136 0.070357
v -0.051636 0.027031 0.055671
v -0.049719 0.025841 0.051344
v -0.053816 0.020424 0.067041
v -0.055754 0.021639 0.071337
v -0.050608 0.026913 0.053085
v -0.049399 0.023321 0.052442
v -0.053487 0.026764 0.060929
v -0.051830 0.027054 0.056159
v -0.056072 0.022338 0.071646
v -0.055332 0.025141 0.067670
v -0.055266 0.025250 0.067378
v -0.053992 0.026497 0.062609
v -0.050169 0.022224 0.055203
v -0.051535 0.020951 0.059905
v -0.052041 0.020684 0.061584
v -0.053602 0.020396 0.066421
v -0.047111 0.018597 0.046308
v -0.046959 0.019100 0.047562
v -0.058550 0.022875 0.076598
v -0.057898 0.023022 0.076591
v -0.056848 0.018715 0.076101
v -0.057506 0.018497 0.076093
v -0.050008 0.031981 0.046952
v -0.049593 0.031300 0.048069
v -0.051383 0.034137 0.051453
v -0.051789 0.034819 0.050339
v -0.056216 0.015455 0.074457
v -0.055781 0.016164 0.074727
v -0.054001 0.013323 0.071355
v -0.054451 0.012609 0.071079
v -0.047756 0.024534 0.044656
v -0.047538 0.024428 0.046080
v -0.048590 0.028735 0.046567
v -0.048800 0.028913 0.045158
v -0.053674 0.036359 0.054567
v -0.053118 0.035554 0.055343
v -0.054850 0.035892 0.060061
v -0.055405 0.036698 0.059286
v -0.058721 0.030416 0.073195
v -0.058015 0.029944 0.073314
v -0.058136 0.025950 0.075887
v -0.058844 0.026415 0.075760
v -0.057022 0.035659 0.064749
v -0.056374 0.034913 0.065209
v -0.057432 0.032822 0.069712
v -0.058082 0.033567 0.069251
v -0.049414 0.011746 0.056298
v -0.049192 0.012522 0.057234
v -0.048053 0.014650 0.052806
v -0.048273 0.013875 0.051870
v -0.052670 0.011034 0.066549
v -0.052358 0.011869 0.067173
v -0.050717 0.011542 0.062387
v -0.051031 0.010708 0.061762
v 0.126964 0.061177 0.171694
v 0.131367 0.049848 0.162396
v 0.131814 0.034842 0.169466
v 0.131643 0.048346 0.162269
v 0.129675 0.055948 0.165014
v 0.132298 0.041704 0.163808
v 0.127629 0.061476 0.169130
v 0.128698 0.060726 0.166532
v 0.132464 0.035217 0.166908
v 0.132988 0.036647 0.164708
v 0.150252 0.058541 0.167252
v 0.234757 0.063925 0.246476
v 0.167212 0.060759 0.170751
v 0.181537 0.062611 0.176461
v 0.194437 0.064159 0.184438
v 0.206015 0.065138 0.194469
v 0.216595 0.065534 0.205242
v 0.226048 0.068349 0.216766
v 0.150497 0.039794 0.171685
v 0.231800 0.053028 0.248362
v 0.166534 0.043584 0.175082
v 0.180642 0.046245 0.180561
v 0.193579 0.048654 0.188160
v 0.205033 0.051319 0.197909
v 0.215316 0.051404 0.209105
v 0.223476 0.051354 0.221520
v 0.229252 0.066866 0.249533
v 0.146251 0.062851 0.173636
v 0.220039 0.070019 0.223099
v 0.212084 0.068953 0.210590
v 0.202104 0.067225 0.199255
v 0.190036 0.067332 0.189865
v 0.176996 0.066088 0.182219
v 0.162686 0.064473 0.176852
v 0.149161 0.062676 0.168696
v 0.231202 0.066756 0.249006
v 0.166077 0.064551 0.172136
v 0.180393 0.066275 0.177799
v 0.193392 0.067562 0.185630
v 0.205007 0.068095 0.195588
v 0.214831 0.069190 0.207333
v 0.222208 0.071690 0.220472
v 0.240912 0.062933 0.241757
v 0.152157 0.053361 0.164778
v 0.233297 0.064994 0.209874
v 0.219394 0.062549 0.201401
v 0.207881 0.061126 0.192573
v 0.196299 0.059862 0.182470
v 0.183537 0.058235 0.174217
v 0.169201 0.056123 0.168400
v 0.232733 0.053160 0.248033
v 0.151830 0.040305 0.169235
v 0.224771 0.050853 0.219987
v 0.216634 0.051632 0.207395
v 0.206536 0.051328 0.195965
v 0.195156 0.048970 0.186062
v 0.182284 0.046697 0.178324
v 0.168158 0.044098 0.172728
v 0.152847 0.041727 0.167123
v 0.233472 0.053910 0.247913
v 0.169415 0.045419 0.170705
v 0.183578 0.047971 0.176423
v 0.196424 0.050112 0.184309
v 0.207779 0.052124 0.194374
v 0.217723 0.052655 0.206049
v 0.225861 0.051135 0.218827
v 0.152521 0.046218 0.166209
v 0.236149 0.058367 0.245780
v 0.169268 0.049595 0.169806
v 0.183488 0.052019 0.175565
v 0.196335 0.053853 0.183566
v 0.207806 0.055411 0.193646
v 0.218162 0.057020 0.204522
v 0.225845 0.054319 0.218355
v 0.241077 0.062038 0.241682
v 0.152396 0.052065 0.164668
v 0.233725 0.062675 0.209678
v 0.219608 0.061386 0.201303
v 0.208076 0.060067 0.192483
v 0.196497 0.058788 0.182379
v 0.183742 0.057123 0.174123
v 0.169417 0.054951 0.168301
v 0.230161 0.067128 0.249213
v 0.147590 0.063249 0.171175
v 0.221014 0.071242 0.221711
v 0.213342 0.069487 0.208905
v 0.203447 0.068063 0.197380
v 0.191672 0.067825 0.187656
v 0.178598 0.066630 0.180010
v 0.164299 0.064948 0.174491
v 0.230569 0.052672 0.241507
v 0.231544 0.052803 0.240628
v 0.236382 0.058644 0.235991
v 0.243831 0.063414 0.227355
v 0.229795 0.067964 0.241249
v 0.228699 0.068241 0.241928
v 0.227768 0.067878 0.242792
v 0.243544 0.064974 0.227487
v 0.232343 0.053555 0.240058
v 0.234780 0.065406 0.236901
v 0.228710 0.068607 0.220527
v 0.232718 0.067460 0.228351
v 0.225713 0.051590 0.225884
v 0.228681 0.052233 0.234000
v 0.225614 0.068885 0.235407
v 0.222350 0.069855 0.227430
v 0.224255 0.070880 0.225064
v 0.227557 0.069315 0.233344
v 0.242376 0.066342 0.214622
v 0.240903 0.066292 0.212428
v 0.229767 0.052128 0.232794
v 0.226955 0.051115 0.224452
v 0.228010 0.051355 0.223390
v 0.230690 0.052627 0.231942
v 0.229260 0.055356 0.221069
v 0.234271 0.057334 0.227556
v 0.242837 0.063842 0.214410
v 0.241375 0.063730 0.212211
v 0.226553 0.069570 0.234263
v 0.223291 0.071007 0.226134
v 0.198798 0.065720 0.196806
v 0.191722 0.062867 0.192006
v 0.179561 0.059544 0.185830
v 0.165713 0.057095 0.180961
v 0.150606 0.054648 0.177620
v 0.133942 0.051555 0.176675
v 0.207256 0.067602 0.205568
v 0.196932 0.064137 0.197668
v 0.181074 0.059483 0.189187
v 0.165951 0.056780 0.183408
v 0.150410 0.054361 0.179671
v 0.133016 0.051221 0.178513
v 0.210010 0.052013 0.204086
v 0.134156 0.045031 0.177989
v 0.151564 0.048097 0.179138
v 0.167056 0.050753 0.182910
v 0.182339 0.052652 0.188521
v 0.199106 0.052794 0.196764
v 0.201337 0.051938 0.195640
v 0.135085 0.045350 0.176150
v 0.151787 0.048236 0.177078
v 0.166876 0.050776 0.180426
v 0.180837 0.052622 0.185245
v 0.193568 0.052851 0.191159
v 0.085353 0.045078 0.183252
v 0.113318 0.047822 0.180624
v 0.099497 0.046150 0.182371
v 0.114602 0.040854 0.180035
v 0.087565 0.033070 0.182235
v 0.101141 0.037224 0.181615
v 0.116488 0.041501 0.177856
v 0.090353 0.034190 0.180263
v 0.103515 0.038186 0.179291
v 0.088297 0.045354 0.181208
v 0.115245 0.048248 0.178427
v 0.101986 0.046482 0.179993
v 0.128044 0.050452 0.177019
v 0.121725 0.049319 0.177648
v 0.126783 0.050075 0.178914
v 0.120111 0.048900 0.179680
v 0.121306 0.042416 0.179132
v 0.127936 0.043817 0.178385
v 0.122902 0.042932 0.177107
v 0.129191 0.044225 0.176492
v 0.240496 0.063592 0.214805
v 0.239589 0.063950 0.215357
v 0.239386 0.065049 0.215449
v 0.240092 0.065790 0.214991
v 0.241000 0.065432 0.214440
v 0.241202 0.064333 0.214347
v 0.070886 0.054985 -0.059440
v 0.069518 0.055525 -0.058609
v 0.069213 0.057181 -0.058469
v 0.070276 0.058297 -0.059160
v 0.071645 0.057758 -0.059991
v 0.071950 0.056102 -0.060131
v 0.116736 0.016638 0.060968
v 0.113958 0.018242 0.060968
v 0.113958 0.021450 0.060968
v 0.116736 0.023054 0.060968
v 0.119515 0.021450 0.060968
v 0.119515 0.018242 0.060968
v 0.116736 0.015123 0.060968
v 0.112646 0.017485 0.060968
v 0.112646 0.022208 0.060968
v 0.116736 0.024569 0.060968
v 0.120827 0.022208 0.060968
v 0.120827 0.017485 0.060968
v 0.116736 0.018539 0.096426
v 0.114847 0.019157 0.096426
v 0.114847 0.020535 0.096426
v 0.116736 0.021153 0.096426
v 0.118625 0.020510 0.096426
v 0.118625 0.019182 0.096426
v 0.118006 0.017799 0.101242
v 0.114881 0.018732 0.099885
v 0.114881 0.020960 0.099885
v 0.118006 0.021893 0.101242
v 0.121132 0.020960 0.102598
v 0.121132 0.018732 0.102598
v 0.116736 0.018702 0.105925
v 0.115168 0.019255 0.105245
v 0.115168 0.020437 0.105245
v 0.116736 0.020991 0.105925
v 0.118304 0.020437 0.106606
v 0.118304 0.019255 0.106606
v 0.113164 0.017767 0.127200
v 0.109556 0.018666 0.124815
v 0.109556 0.021026 0.124815
v 0.113164 0.021925 0.127200
v 0.116772 0.020974 0.129585
v 0.116772 0.018719 0.129585
v 0.115738 0.018909 0.124392
v 0.114972 0.018605 0.125981
v 0.112689 0.019170 0.124823
v 0.114170 0.019354 0.123712
v 0.112689 0.020522 0.124823
v 0.114170 0.020338 0.123712
v 0.114972 0.021087 0.125981
v 0.115738 0.020784 0.124392
v 0.117134 0.020478 0.126981
v 0.117305 0.020334 0.125073
v 0.117134 0.019214 0.126981
v 0.117305 0.019358 0.125073
v 0.115767 0.019210 0.165635
v 0.114509 0.019521 0.164803
v 0.114509 0.020171 0.164803
v 0.115767 0.020482 0.165635
v 0.117026 0.020164 0.166467
v 0.117026 0.019528 0.166467
v 0.115547 0.019240 0.167840
v 0.114288 0.019538 0.167009
v 0.114288 0.020154 0.167009
v 0.115547 0.020453 0.167840
v 0.116805 0.020160 0.168672
v 0.116805 0.019532 0.168672
v 0.114179 0.017725 0.168789
v 0.109743 0.018700 0.165477
v 0.109743 0.020992 0.165477
v 0.114179 0.021968 0.168789
v 0.118616 0.020992 0.172100
v 0.118616 0.018700 0.172100
v 0.116098 0.019293 0.213618
v 0.115698 0.019570 0.213319
v 0.115698 0.020122 0.213319
v 0.116098 0.020399 0.213618
v 0.116497 0.020123 0.213916
v 0.116497 0.019569 0.213916
v 0.116098 0.019846 0.213618
v 0.116166 0.021085 0.203075
v 0.115093 0.021705 0.178645
v 0.115884 0.021557 0.190945
v 0.118365 0.020885 0.181087
v 0.117223 0.020478 0.203864
v 0.117900 0.020756 0.192449
v 0.117223 0.019215 0.203864
v 0.118365 0.018808 0.181087
v 0.117900 0.018937 0.192449
v 0.115110 0.019235 0.202287
v 0.111821 0.018950 0.176203
v 0.113869 0.019020 0.189441
v 0.111821 0.020743 0.176203
v 0.115110 0.020457 0.202287
v 0.113869 0.020672 0.189441
v 0.115093 0.017987 0.178645
v 0.116166 0.018607 0.203075
v 0.115884 0.018135 0.190945
v 0.120248 0.019941 0.150434
v 0.120008 0.020033 0.150607
v 0.120248 0.019751 0.150434
v 0.120008 0.019659 0.150607
v 0.121002 0.020194 0.150342
v 0.120086 0.020521 0.150923
v 0.121002 0.019499 0.150342
v 0.120086 0.019171 0.150923
v 0.117195 0.020362 0.164875
v 0.119435 0.020195 0.157511
v 0.119057 0.021068 0.157991
v 0.116175 0.021624 0.165656
v 0.121094 0.019208 0.159014
v 0.119934 0.018927 0.167571
v 0.119934 0.020765 0.167571
v 0.121094 0.020484 0.159014
v 0.119996 0.019666 0.157759
v 0.118273 0.019582 0.165348
v 0.117195 0.019330 0.164875
v 0.119435 0.019498 0.157511
v 0.118273 0.020111 0.165348
v 0.119996 0.020026 0.157759
v 0.116175 0.018068 0.165656
v 0.119057 0.018624 0.157991
v 0.116736 0.019846 -0.378474
v 0.116736 0.017158 -0.378474
v 0.116736 0.016638 -0.378024
v 0.113958 0.018242 -0.378024
v 0.114408 0.018502 -0.378474
v 0.113958 0.021450 -0.378024
v 0.114408 0.021190 -0.378474
v 0.116736 0.023054 -0.378024
v 0.116736 0.022535 -0.378474
v 0.119515 0.021450 -0.378024
v 0.119064 0.021190 -0.378474
v 0.119515 0.018242 -0.378024
v 0.119064 0.018502 -0.378474
v 0.113958 0.019755 -0.258438
v 0.113958 0.019755 -0.345410
v 0.102317 0.019755 -0.328122
v 0.102317 0.019755 -0.335546
v 0.108680 0.019755 -0.281386
v 0.107038 0.019755 -0.291347
v 0.107038 0.019755 -0.331299
v 0.108680 0.019755 -0.332559
v 0.119436 0.019755 -0.258438
v 0.119436 0.019755 -0.345410
v 0.131076 0.019755 -0.328122
v 0.131076 0.019755 -0.335546
v 0.124714 0.019755 -0.281386
v 0.126355 0.019755 -0.291347
v 0.126355 0.019755 -0.331299
v 0.124714 0.019755 -0.332559
v 0.116710 0.016860 -0.258438
v 0.116710 0.016860 -0.345410
v 0.116710 0.005219 -0.328122
v 0.116710 0.005219 -0.335546
v 0.116710 0.011582 -0.281386
v 0.116710 0.009940 -0.291347
v 0.116710 0.009940 -0.331299
v 0.116710 0.011582 -0.332559
v 0.116710 0.023041 -0.258438
v 0.116710 0.023041 -0.345410
v 0.116710 0.034682 -0.328122
v 0.116710 0.034682 -0.335546
v 0.116710 0.028319 -0.281386
v 0.116710 0.029961 -0.291347
v 0.116710 0.029961 -0.331299
v 0.116710 0.028319 -0.332559
v 0.113958 0.019551 -0.258438
v 0.108680 0.019551 -0.281386
v 0.108680 0.019551 -0.332559
v 0.113958 0.019551 -0.345410
v 0.107038 0.019551 -0.291347
v 0.107038 0.019551 -0.331299
v 0.102317 0.019551 -0.328122
v 0.102317 0.019551 -0.335546
v 0.119436 0.019960 -0.258438
v 0.124714 0.019960 -0.281386
v 0.124714 0.019960 -0.332559
v 0.119436 0.019960 -0.345410
v 0.126355 0.019960 -0.291347
v 0.126355 0.019960 -0.331299
v 0.131076 0.019960 -0.328122
v 0.131076 0.019960 -0.335546
v 0.116915 0.016860 -0.258438
v 0.116915 0.011582 -0.281386
v 0.116915 0.011582 -0.332559
v 0.116915 0.016860 -0.345410
v 0.116915 0.009940 -0.291347
v 0.116915 0.009940 -0.331299
v 0.116915 0.005219 -0.328122
v 0.116915 0.005219 -0.335546
v 0.116506 0.023041 -0.258438
v 0.116506 0.028319 -0.281386
v 0.116506 0.028319 -0.332559
v 0.116506 0.023041 -0.345410
v 0.116505 0.029961 -0.291347
v 0.116506 0.029961 -0.331299
v 0.116506 0.034682 -0.328122
v 0.116506 0.034682 -0.335546
v 0.114437 0.019474 0.216831
v 0.114478 0.004275 0.207332
v 0.114444 0.013881 0.216840
v 0.114430 0.007460 0.213700
v 0.111831 0.014131 0.216934
v 0.107408 0.004952 0.207604
v 0.108845 0.008063 0.213971
v 0.109400 0.014742 0.217027
v 0.100836 0.006589 0.207877
v 0.103796 0.009486 0.214339
v 0.107317 0.015674 0.217115
v 0.095204 0.009078 0.208124
v 0.099593 0.011527 0.214700
v 0.105709 0.016867 0.217168
v 0.090900 0.012259 0.208335
v 0.096433 0.014023 0.214989
v 0.104700 0.018228 0.217203
v 0.088230 0.015927 0.208518
v 0.094486 0.016843 0.215165
v 0.104349 0.019678 0.217205
v 0.087282 0.019846 0.208525
v 0.093802 0.019814 0.215200
v 0.104700 0.021119 0.217203
v 0.088230 0.023762 0.208518
v 0.094494 0.022780 0.215171
v 0.105709 0.022453 0.217168
v 0.090900 0.027394 0.208335
v 0.096448 0.025564 0.215001
v 0.107317 0.023573 0.217115
v 0.095204 0.030482 0.208124
v 0.099616 0.027981 0.214720
v 0.109400 0.024416 0.217027
v 0.100836 0.032804 0.207877
v 0.103820 0.029880 0.214367
v 0.111831 0.024922 0.216934
v 0.107408 0.034192 0.207605
v 0.108859 0.031109 0.213998
v 0.114444 0.025052 0.216840
v 0.114478 0.034546 0.207332
v 0.114430 0.031479 0.213712
v 0.117062 0.024799 0.216750
v 0.121573 0.033846 0.207093
v 0.120034 0.030878 0.213589
v 0.119503 0.024177 0.216670
v 0.128213 0.032150 0.206907
v 0.125145 0.029423 0.213602
v 0.121601 0.023230 0.216602
v 0.133940 0.029577 0.206783
v 0.129432 0.027321 0.213670
v 0.123210 0.022037 0.216550
v 0.138355 0.026297 0.206714
v 0.132677 0.024744 0.213748
v 0.124228 0.020666 0.216527
v 0.141145 0.022517 0.206685
v 0.134703 0.021882 0.213810
v 0.124577 0.019219 0.216522
v 0.142098 0.018594 0.206684
v 0.135393 0.018899 0.213839
v 0.124228 0.017775 0.216527
v 0.141145 0.014682 0.206685
v 0.134698 0.015921 0.213818
v 0.123210 0.016452 0.216550
v 0.138355 0.011161 0.206714
v 0.132661 0.013176 0.213766
v 0.121601 0.015330 0.216602
v 0.133940 0.008172 0.206783
v 0.129415 0.010825 0.213691
v 0.119503 0.014503 0.216670
v 0.128213 0.005935 0.206907
v 0.125133 0.008985 0.213622
v 0.117062 0.014008 0.216750
v 0.121573 0.004606 0.207093
v 0.120032 0.007802 0.213599
v 0.115927 0.015134 -0.151464
v 0.116841 0.016095 -0.150365
v 0.109572 0.016297 -0.150340
v 0.103077 0.016627 -0.150482
v 0.097675 0.017266 -0.150731
v 0.093508 0.018363 -0.151050
v 0.090700 0.019965 -0.151391
v 0.089629 0.022052 -0.151793
v 0.090355 0.024365 -0.152004
v 0.092869 0.026527 -0.151968
v 0.096707 0.028499 -0.151760
v 0.101697 0.030029 -0.151490
v 0.107639 0.030849 -0.151217
v 0.114378 0.031136 -0.150877
v 0.121710 0.030717 -0.150578
v 0.128960 0.029585 -0.150461
v 0.135440 0.027795 -0.150516
v 0.140635 0.025623 -0.150720
v 0.144265 0.023261 -0.151064
v 0.146062 0.020707 -0.151496
v 0.145611 0.018243 -0.151886
v 0.142729 0.016591 -0.151980
v 0.138009 0.016007 -0.151752
v 0.131765 0.015860 -0.151223
v 0.114217 0.013370 -0.153383
v 0.114210 0.012610 -0.154170
v 0.105426 0.012435 -0.154169
v 0.105583 0.013036 -0.153383
v 0.098082 0.012571 -0.154168
v 0.098375 0.013372 -0.153383
v 0.092259 0.013416 -0.154165
v 0.092680 0.014206 -0.153383
v 0.087903 0.015249 -0.154160
v 0.088501 0.015898 -0.153383
v 0.085198 0.018072 -0.154154
v 0.085944 0.018453 -0.153383
v 0.084587 0.021577 -0.154151
v 0.085288 0.021581 -0.153383
v 0.086121 0.025175 -0.154154
v 0.086805 0.024820 -0.153383
v 0.089417 0.028510 -0.154160
v 0.089898 0.027938 -0.153383
v 0.094324 0.031589 -0.154165
v 0.094727 0.030864 -0.153383
v 0.100513 0.034048 -0.154168
v 0.100786 0.033313 -0.153383
v 0.107595 0.035485 -0.154169
v 0.107757 0.034739 -0.153383
v 0.115499 0.035873 -0.154170
v 0.115521 0.035070 -0.153383
v 0.124130 0.035551 -0.154169
v 0.124004 0.034810 -0.153383
v 0.133140 0.034353 -0.154168
v 0.132860 0.033618 -0.153383
v 0.141069 0.032148 -0.154165
v 0.140628 0.031406 -0.153383
v 0.147214 0.028800 -0.154160
v 0.146588 0.028163 -0.153383
v 0.151145 0.024757 -0.154154
v 0.150334 0.024389 -0.153383
v 0.152511 0.020544 -0.154151
v 0.151612 0.020576 -0.153383
v 0.151145 0.016642 -0.154154
v 0.150334 0.017073 -0.153383
v 0.147214 0.013727 -0.154160
v 0.146588 0.014416 -0.153383
v 0.141069 0.012072 -0.154165
v 0.140628 0.012879 -0.153383
v 0.133140 0.011743 -0.154168
v 0.132860 0.012554 -0.153383
v 0.123951 0.012238 -0.154169
v 0.123815 0.012821 -0.153383
v 0.114179 0.010124 -0.154104
v 0.114152 0.009296 -0.153275
v 0.104699 0.009062 -0.153272
v 0.104939 0.009913 -0.154102
v 0.096714 0.009146 -0.153263
v 0.097167 0.010016 -0.154095
v 0.090275 0.010128 -0.153248
v 0.090898 0.010983 -0.154082
v 0.085494 0.012423 -0.153224
v 0.086104 0.013220 -0.154063
v 0.082324 0.016228 -0.153197
v 0.083027 0.016860 -0.154042
v 0.081541 0.021262 -0.153183
v 0.082301 0.021467 -0.154031
v 0.083271 0.026389 -0.153197
v 0.083991 0.026160 -0.154042
v 0.087189 0.030812 -0.153224
v 0.087761 0.030286 -0.154063
v 0.092676 0.034574 -0.153248
v 0.093102 0.033844 -0.154082
v 0.099369 0.037249 -0.153263
v 0.099647 0.036461 -0.154095
v 0.106898 0.038744 -0.153272
v 0.107105 0.037937 -0.154102
v 0.115308 0.039189 -0.153275
v 0.115393 0.038383 -0.154104
v 0.124546 0.038800 -0.153272
v 0.124464 0.038001 -0.154102
v 0.134167 0.037568 -0.153263
v 0.133921 0.036780 -0.154095
v 0.142708 0.035172 -0.153247
v 0.142313 0.034437 -0.154082
v 0.149559 0.031383 -0.153224
v 0.148991 0.030734 -0.154063
v 0.154184 0.026191 -0.153197
v 0.153438 0.025830 -0.154042
v 0.155870 0.020269 -0.153183
v 0.155039 0.020400 -0.154031
v 0.154184 0.014718 -0.153197
v 0.153438 0.015323 -0.154042
v 0.149559 0.010799 -0.153224
v 0.148991 0.011607 -0.154063
v 0.142708 0.008778 -0.153247
v 0.142313 0.009601 -0.154082
v 0.134167 0.008390 -0.153263
v 0.133921 0.009209 -0.154095
v 0.124445 0.008898 -0.153272
v 0.124327 0.009728 -0.154102
v 0.104652 0.002405 -0.123497
v 0.104499 0.002016 -0.124329
v 0.114238 0.001926 -0.124333
v 0.114241 0.002319 -0.123502
v 0.124217 0.002414 -0.123502
v 0.124326 0.002025 -0.124332
v 0.095425 0.001341 -0.124319
v 0.095708 0.001768 -0.123487
v 0.087687 0.002736 -0.124303
v 0.088006 0.003334 -0.123474
v 0.082098 0.006658 -0.124278
v 0.082608 0.007236 -0.123454
v 0.078912 0.012734 -0.124250
v 0.079635 0.013095 -0.123431
v 0.078703 0.019846 -0.124235
v 0.079248 0.019846 -0.123420
v 0.080320 0.026958 -0.124250
v 0.080788 0.026597 -0.123431
v 0.084660 0.032441 -0.123454
v 0.084315 0.033032 -0.124278
v 0.089039 0.037489 -0.124303
v 0.089359 0.036792 -0.123474
v 0.095564 0.040272 -0.124319
v 0.095755 0.039559 -0.123487
v 0.103945 0.041364 -0.124328
v 0.104057 0.040716 -0.123495
v 0.114048 0.041812 -0.124331
v 0.114042 0.041158 -0.123497
v 0.124430 0.041261 -0.124328
v 0.124323 0.040613 -0.123495
v 0.134142 0.040276 -0.124319
v 0.133916 0.039557 -0.123487
v 0.142679 0.037604 -0.124303
v 0.142313 0.036888 -0.123474
v 0.149003 0.032492 -0.123454
v 0.149540 0.033089 -0.124278
v 0.154187 0.026958 -0.124250
v 0.153473 0.026597 -0.123431
v 0.155889 0.019846 -0.124235
v 0.155088 0.019846 -0.123419
v 0.154187 0.012734 -0.124250
v 0.153473 0.013095 -0.123431
v 0.149540 0.006600 -0.124278
v 0.149003 0.007195 -0.123454
v 0.142679 0.002492 -0.124304
v 0.142313 0.003205 -0.123477
v 0.134142 0.001190 -0.124322
v 0.133916 0.001682 -0.123493
v 0.105080 0.004489 -0.122894
v 0.105013 0.004224 -0.123418
v 0.114248 0.004145 -0.123423
v 0.114248 0.004408 -0.122899
v 0.123771 0.004496 -0.122904
v 0.123843 0.004231 -0.123428
v 0.096496 0.004029 -0.123405
v 0.096641 0.004326 -0.122878
v 0.089389 0.005624 -0.123403
v 0.089637 0.005967 -0.122878
v 0.084509 0.009273 -0.123410
v 0.084852 0.009653 -0.122894
v 0.081897 0.014330 -0.123408
v 0.082210 0.014563 -0.122897
v 0.081346 0.019846 -0.123408
v 0.081694 0.019846 -0.122899
v 0.082660 0.025362 -0.123408
v 0.082973 0.025129 -0.122897
v 0.086174 0.030013 -0.122894
v 0.085967 0.030392 -0.123410
v 0.090485 0.034361 -0.123403
v 0.090596 0.033934 -0.122878
v 0.096512 0.037000 -0.123405
v 0.096615 0.036579 -0.122878
v 0.104428 0.038276 -0.123407
v 0.104500 0.037854 -0.122879
v 0.114039 0.038698 -0.123407
v 0.114038 0.038273 -0.122879
v 0.123950 0.038177 -0.123407
v 0.123878 0.037755 -0.122879
v 0.133132 0.036987 -0.123405
v 0.132983 0.036567 -0.122878
v 0.141043 0.034429 -0.123403
v 0.140801 0.034000 -0.122878
v 0.146800 0.030045 -0.122878
v 0.147153 0.030428 -0.123400
v 0.151040 0.025362 -0.123396
v 0.150572 0.025129 -0.122878
v 0.152383 0.019846 -0.123394
v 0.151858 0.019846 -0.122877
v 0.151040 0.014330 -0.123396
v 0.150572 0.014563 -0.122878
v 0.147153 0.009257 -0.123400
v 0.146800 0.009640 -0.122878
v 0.141043 0.005531 -0.123416
v 0.140801 0.005916 -0.122895
v 0.133133 0.004029 -0.123422
v 0.132983 0.004324 -0.122900
v 0.100503 0.004411 0.153575
v 0.099081 0.005045 0.097050
v 0.097570 0.004611 0.039165
v 0.098549 0.002866 -0.017686
v 0.097568 0.003320 -0.071272
v 0.105798 0.001595 -0.070971
v 0.106438 0.000826 -0.017275
v 0.104926 0.002604 0.039436
v 0.106260 0.003193 0.096996
v 0.107741 0.002586 0.153313
v 0.114672 0.000934 -0.070677
v 0.114851 0.000058 -0.016821
v 0.112841 0.001757 0.039704
v 0.113934 0.002429 0.096920
v 0.115455 0.001839 0.153046
v 0.123614 0.001485 -0.070329
v 0.123235 0.000712 -0.016345
v 0.120797 0.002404 0.039930
v 0.121592 0.002866 0.096821
v 0.123146 0.002195 0.152801
v 0.132029 0.003116 -0.070054
v 0.131044 0.002666 -0.015922
v 0.128269 0.004277 0.040097
v 0.128735 0.004435 0.096714
v 0.130318 0.003664 0.152598
v 0.094251 0.007211 0.153801
v 0.092886 0.007876 0.097072
v 0.091258 0.007647 0.038916
v 0.091705 0.005999 -0.018032
v 0.090577 0.006302 -0.071592
v 0.089444 0.010797 0.153973
v 0.088121 0.011491 0.097063
v 0.086438 0.011510 0.038698
v 0.086407 0.010013 -0.018304
v 0.085318 0.010370 -0.071876
v 0.086420 0.014919 0.154104
v 0.085160 0.015661 0.097044
v 0.083485 0.015943 0.038516
v 0.083096 0.014662 -0.018496
v 0.082035 0.014955 -0.071897
v 0.085378 0.019322 0.154109
v 0.084132 0.020123 0.097020
v 0.082507 0.020667 0.038496
v 0.081949 0.019657 -0.018476
v 0.081018 0.019669 -0.071824
v 0.086418 0.023543 0.154063
v 0.085161 0.024551 0.096979
v 0.083486 0.025391 0.038499
v 0.083079 0.024658 -0.018421
v 0.082160 0.024377 -0.071809
v 0.089440 0.027449 0.153885
v 0.088124 0.028688 0.096926
v 0.086437 0.029807 0.038664
v 0.086397 0.029334 -0.018136
v 0.085343 0.028902 -0.071602
v 0.094244 0.030764 0.153661
v 0.092891 0.032247 0.096854
v 0.091256 0.033623 0.038859
v 0.091706 0.033390 -0.017778
v 0.090497 0.032876 -0.071302
v 0.100493 0.033240 0.153381
v 0.099088 0.034971 0.096749
v 0.097570 0.036574 0.039086
v 0.098556 0.036568 -0.017334
v 0.097471 0.035930 -0.070945
v 0.107735 0.034701 0.153068
v 0.106267 0.036671 0.096624
v 0.104927 0.038453 0.039341
v 0.106450 0.038643 -0.016835
v 0.105692 0.037786 -0.070562
v 0.115455 0.035040 0.152793
v 0.113941 0.037117 0.096547
v 0.112842 0.039038 0.039607
v 0.114856 0.039217 -0.016373
v 0.114631 0.038373 -0.070210
v 0.123149 0.034280 0.152552
v 0.121597 0.036374 0.096477
v 0.120799 0.038362 0.039863
v 0.123233 0.038476 -0.015929
v 0.123645 0.037708 -0.069894
v 0.130324 0.032445 0.152398
v 0.128739 0.034401 0.096474
v 0.128271 0.036418 0.040128
v 0.131043 0.036371 -0.015507
v 0.132052 0.035836 -0.069639
v 0.136483 0.029666 0.152295
v 0.134889 0.031452 0.096464
v 0.134748 0.033398 0.040305
v 0.137763 0.033180 -0.015216
v 0.139284 0.032775 -0.069525
v 0.141184 0.026124 0.152232
v 0.139609 0.027726 0.096453
v 0.139755 0.029521 0.040413
v 0.142911 0.029115 -0.015026
v 0.144775 0.028782 -0.069463
v 0.144110 0.022033 0.152192
v 0.142541 0.023458 0.096454
v 0.142889 0.025055 0.040500
v 0.146093 0.024433 -0.014886
v 0.148130 0.024238 -0.069406
v 0.145065 0.017722 0.152158
v 0.143579 0.019002 0.096461
v 0.143968 0.020311 0.040571
v 0.147162 0.019427 -0.014776
v 0.149242 0.019488 -0.069368
v 0.144106 0.013434 0.152238
v 0.142541 0.014561 0.096507
v 0.142889 0.015566 0.040491
v 0.146092 0.014432 -0.014978
v 0.148131 0.014735 -0.069521
v 0.141179 0.009506 0.152327
v 0.139609 0.010513 0.096564
v 0.139755 0.011136 0.040396
v 0.142909 0.009776 -0.015220
v 0.144776 0.010182 -0.069705
v 0.136477 0.006160 0.152443
v 0.134887 0.007054 0.096638
v 0.134747 0.007286 0.040279
v 0.137762 0.005768 -0.015521
v 0.139272 0.006159 -0.069877
v 0.119722 0.017142 0.060870
v 0.116947 0.018745 0.060715
v 0.116948 0.021953 0.060683
v 0.119723 0.023558 0.060806
v 0.122498 0.021955 0.060961
v 0.122497 0.018747 0.060993
v 0.119721 0.015627 0.060885
v 0.115636 0.017987 0.060657
v 0.115638 0.022710 0.060610
v 0.119724 0.025073 0.060790
v 0.123808 0.022713 0.061019
v 0.123807 0.017990 0.061066
v 0.117950 0.019397 0.096262
v 0.116063 0.020015 0.096162
v 0.116064 0.021393 0.096148
v 0.117951 0.022012 0.096236
v 0.119837 0.021369 0.096337
v 0.119837 0.020041 0.096350
v 0.118978 0.018706 0.101143
v 0.115924 0.019624 0.099622
v 0.115925 0.021853 0.099600
v 0.118979 0.022800 0.101102
v 0.122032 0.021881 0.102622
v 0.122032 0.019653 0.102644
v 0.117475 0.019655 0.105748
v 0.115944 0.020202 0.104984
v 0.115944 0.021383 0.104972
v 0.117476 0.021944 0.105725
v 0.119007 0.021398 0.106488
v 0.119007 0.020215 0.106500
v 0.112844 0.018933 0.126825
v 0.109360 0.019806 0.124254
v 0.109361 0.022167 0.124231
v 0.112845 0.023090 0.126784
v 0.116329 0.022163 0.129355
v 0.116328 0.019908 0.129378
v 0.115555 0.020046 0.124139
v 0.114711 0.019758 0.125691
v 0.112489 0.020311 0.124413
v 0.114024 0.020485 0.123376
v 0.112490 0.021663 0.124400
v 0.114024 0.021468 0.123367
v 0.114712 0.022241 0.125666
v 0.115556 0.021921 0.124120
v 0.116821 0.021642 0.126779
v 0.117087 0.021479 0.124882
v 0.116821 0.020378 0.126791
v 0.117087 0.020503 0.124892
v 0.113523 0.020760 0.165327
v 0.112308 0.021063 0.164430
v 0.112308 0.021712 0.164423
v 0.113524 0.022032 0.165314
v 0.114739 0.021722 0.166211
v 0.114739 0.021087 0.166217
v 0.113193 0.020812 0.167517
v 0.111978 0.021101 0.166621
v 0.111978 0.021718 0.166615
v 0.113193 0.022024 0.167505
v 0.114409 0.021741 0.168402
v 0.114408 0.021112 0.168408
v 0.111780 0.019306 0.168411
v 0.107515 0.020247 0.164873
v 0.107515 0.022539 0.164850
v 0.111781 0.023549 0.168369
v 0.116046 0.022607 0.171907
v 0.116045 0.020315 0.171930
v 0.111456 0.021323 0.213262
v 0.111071 0.021597 0.212942
v 0.111072 0.022148 0.212936
v 0.111456 0.022429 0.213251
v 0.111840 0.022156 0.213572
v 0.111840 0.021601 0.213577
v 0.111456 0.021876 0.213257
v 0.112052 0.023009 0.202719
v 0.112201 0.023385 0.178261
v 0.112376 0.023360 0.190586
v 0.115346 0.022590 0.180871
v 0.113067 0.022410 0.203565
v 0.114314 0.022574 0.192197
v 0.113067 0.021147 0.203578
v 0.115346 0.020513 0.180892
v 0.114313 0.020755 0.192215
v 0.111035 0.021151 0.201897
v 0.109054 0.020604 0.175686
v 0.110438 0.020808 0.189009
v 0.109055 0.022397 0.175668
v 0.111036 0.022373 0.201885
v 0.110439 0.022459 0.188992
v 0.112200 0.019667 0.178298
v 0.112051 0.020532 0.202744
v 0.112375 0.019938 0.190620
v 0.118759 0.021340 0.150362
v 0.118511 0.021434 0.150521
v 0.118759 0.021150 0.150364
v 0.118510 0.021060 0.150525
v 0.119516 0.021592 0.150305
v 0.118573 0.021925 0.150836
v 0.119516 0.020897 0.150312
v 0.118573 0.020575 0.150850
v 0.114988 0.021904 0.164627
v 0.117593 0.021664 0.157387
v 0.117192 0.022543 0.157838
v 0.113930 0.023174 0.165344
v 0.119174 0.020693 0.158980
v 0.117588 0.020498 0.167471
v 0.117589 0.022335 0.167453
v 0.119175 0.021969 0.158967
v 0.118141 0.021138 0.157667
v 0.116041 0.021129 0.165162
v 0.114987 0.020873 0.164637
v 0.117593 0.020967 0.157393
v 0.116041 0.021658 0.165156
v 0.118141 0.021498 0.157663
v 0.113929 0.019619 0.165379
v 0.117192 0.020098 0.157863
v 0.141685 0.015957 -0.378034
v 0.141684 0.013269 -0.378007
v 0.141662 0.012754 -0.377552
v 0.138887 0.014357 -0.377707
v 0.139359 0.014613 -0.378137
v 0.138888 0.017565 -0.377739
v 0.139360 0.017301 -0.378164
v 0.141663 0.019170 -0.377617
v 0.141686 0.018646 -0.378061
v 0.144438 0.017567 -0.377462
v 0.144011 0.017302 -0.377931
v 0.144437 0.014359 -0.377430
v 0.144010 0.014614 -0.377904
v 0.132911 0.017066 -0.258292
v 0.137258 0.016197 -0.345150
v 0.124768 0.016366 -0.328466
v 0.125139 0.016292 -0.335881
v 0.128786 0.016835 -0.281473
v 0.127645 0.016735 -0.291503
v 0.129642 0.016336 -0.331404
v 0.131344 0.016324 -0.332580
v 0.138382 0.017067 -0.258018
v 0.142729 0.016198 -0.344877
v 0.153491 0.016374 -0.327029
v 0.153862 0.016299 -0.334444
v 0.144801 0.016839 -0.280672
v 0.146938 0.016740 -0.290538
v 0.148935 0.016341 -0.330439
v 0.147358 0.016328 -0.331779
v 0.135659 0.014171 -0.258125
v 0.140006 0.013302 -0.344984
v 0.139139 0.001835 -0.327602
v 0.139510 0.001760 -0.335017
v 0.136805 0.008664 -0.280990
v 0.137302 0.006923 -0.290922
v 0.139299 0.006524 -0.330823
v 0.139363 0.008152 -0.332097
v 0.135661 0.020352 -0.258187
v 0.140008 0.019483 -0.345046
v 0.139147 0.031296 -0.327896
v 0.139518 0.031222 -0.335311
v 0.136809 0.025401 -0.281158
v 0.137307 0.026943 -0.291122
v 0.139304 0.026543 -0.331023
v 0.139367 0.024889 -0.332265
v 0.132911 0.016861 -0.258290
v 0.128786 0.016630 -0.281471
v 0.131344 0.016119 -0.332578
v 0.137257 0.015992 -0.345148
v 0.127645 0.016530 -0.291501
v 0.129642 0.016131 -0.331402
v 0.124768 0.016162 -0.328464
v 0.125139 0.016087 -0.335879
v 0.138382 0.017272 -0.258020
v 0.144801 0.017044 -0.280674
v 0.147358 0.016533 -0.331781
v 0.142729 0.016403 -0.344879
v 0.146938 0.016945 -0.290540
v 0.148935 0.016546 -0.330441
v 0.153491 0.016578 -0.327031
v 0.153862 0.016504 -0.334446
v 0.135864 0.014171 -0.258115
v 0.137010 0.008664 -0.280980
v 0.139567 0.008152 -0.332087
v 0.140211 0.013302 -0.344974
v 0.137507 0.006923 -0.290912
v 0.139504 0.006524 -0.330812
v 0.139344 0.001835 -0.327591
v 0.139715 0.001760 -0.335006
v 0.135456 0.020352 -0.258197
v 0.136605 0.025401 -0.281168
v 0.139162 0.024889 -0.332275
v 0.139803 0.019483 -0.345056
v 0.137103 0.026942 -0.291132
v 0.139100 0.026543 -0.331033
v 0.138942 0.031296 -0.327906
v 0.139313 0.031222 -0.335321
v 0.105572 0.011695 0.059822
v 0.102835 0.013349 0.060078
v 0.102905 0.016553 0.060228
v 0.105712 0.018103 0.060121
v 0.108449 0.016449 0.059865
v 0.108379 0.013245 0.059715
v 0.105539 0.010182 0.059751
v 0.101510 0.012617 0.060129
v 0.101613 0.017334 0.060349
v 0.105745 0.019616 0.060192
v 0.109775 0.017181 0.059815
v 0.109672 0.012464 0.059594
v 0.107895 0.011892 0.095254
v 0.106023 0.012545 0.095406
v 0.106053 0.013921 0.095470
v 0.107952 0.014503 0.095376
v 0.109822 0.013826 0.095222
v 0.109793 0.012499 0.095160
v 0.109455 0.010899 0.099937
v 0.106270 0.011954 0.098832
v 0.106319 0.014179 0.098936
v 0.109545 0.014987 0.100128
v 0.112730 0.013932 0.101232
v 0.112681 0.011707 0.101128
v 0.108509 0.011599 0.104730
v 0.106914 0.012214 0.104180
v 0.106939 0.013394 0.104235
v 0.108559 0.013885 0.104837
v 0.110155 0.013271 0.105387
v 0.110129 0.012089 0.105332
v 0.106293 0.009712 0.126126
v 0.102560 0.010791 0.124026
v 0.102612 0.013149 0.124136
v 0.106384 0.013864 0.126320
v 0.110116 0.012732 0.128417
v 0.110067 0.010480 0.128312
v 0.108706 0.010938 0.123213
v 0.108038 0.010573 0.124832
v 0.105698 0.011236 0.123853
v 0.107108 0.011445 0.122658
v 0.105727 0.012586 0.123916
v 0.107129 0.012428 0.122703
v 0.108092 0.013052 0.124948
v 0.108747 0.012811 0.123300
v 0.110300 0.012356 0.125775
v 0.110345 0.012300 0.123855
v 0.110272 0.011093 0.125716
v 0.110323 0.011325 0.123809
v 0.111395 0.009261 0.164335
v 0.110092 0.009635 0.163602
v 0.110106 0.010283 0.163633
v 0.111422 0.010530 0.164394
v 0.112724 0.010149 0.165126
v 0.112711 0.009515 0.165097
v 0.111317 0.009188 0.166549
v 0.110014 0.009549 0.165815
v 0.110028 0.010165 0.165844
v 0.111343 0.010399 0.166605
v 0.112646 0.010044 0.167339
v 0.112633 0.009416 0.167309
v 0.109981 0.007655 0.167512
v 0.105363 0.008871 0.164547
v 0.105413 0.011160 0.164654
v 0.110073 0.011893 0.167710
v 0.114691 0.010676 0.170676
v 0.114641 0.008388 0.170569
v 0.114813 0.007035 0.212145
v 0.114401 0.007334 0.211886
v 0.114413 0.007884 0.211912
v 0.114837 0.008139 0.212196
v 0.115249 0.007842 0.212455
v 0.115237 0.007288 0.212429
v 0.114825 0.007587 0.212170
v 0.114242 0.009329 0.201715
v 0.111613 0.011140 0.177463
v 0.113191 0.010388 0.189665
v 0.115017 0.010143 0.179645
v 0.115334 0.008665 0.202404
v 0.115281 0.009477 0.190995
v 0.115306 0.007403 0.202345
v 0.114972 0.008068 0.179548
v 0.115241 0.007661 0.190910
v 0.113097 0.007539 0.200912
v 0.108132 0.008567 0.175114
v 0.111029 0.007964 0.188179
v 0.108171 0.010358 0.175198
v 0.113124 0.008759 0.200969
v 0.111065 0.009614 0.188256
v 0.111532 0.007428 0.177289
v 0.114188 0.006855 0.201600
v 0.113116 0.006970 0.189505
v 0.114903 0.010635 0.148924
v 0.114677 0.010724 0.149116
v 0.114899 0.010446 0.148916
v 0.114669 0.010350 0.149099
v 0.115655 0.010878 0.148795
v 0.114786 0.011195 0.149449
v 0.115640 0.010184 0.148762
v 0.114757 0.009846 0.149386
v 0.112795 0.010420 0.163537
v 0.114553 0.010565 0.156043
v 0.114226 0.011421 0.156587
v 0.111855 0.011662 0.164442
v 0.116283 0.009477 0.157387
v 0.115670 0.008807 0.165979
v 0.115710 0.010642 0.166065
v 0.116311 0.010750 0.157446
v 0.115117 0.010015 0.156229
v 0.113885 0.009598 0.163902
v 0.112773 0.009390 0.163489
v 0.114537 0.009869 0.156011
v 0.113896 0.010127 0.163927
v 0.115125 0.010374 0.156245
v 0.111778 0.008112 0.164276
v 0.114173 0.008980 0.156473
v 0.077373 0.035982 -0.378054
v 0.077315 0.033297 -0.378179
v 0.077332 0.032756 -0.377755
v 0.074595 0.034410 -0.377499
v 0.075021 0.034683 -0.377965
v 0.074665 0.037614 -0.377349
v 0.075080 0.037368 -0.377839
v 0.077472 0.039164 -0.377456
v 0.077432 0.038667 -0.377929
v 0.080209 0.037510 -0.377712
v 0.079726 0.037281 -0.378143
v 0.080139 0.034306 -0.377862
v 0.079667 0.034596 -0.378269
v 0.082321 0.030184 -0.258228
v 0.076726 0.034357 -0.344919
v 0.066225 0.033745 -0.326926
v 0.065747 0.034101 -0.334327
v 0.075579 0.031384 -0.280757
v 0.073301 0.031893 -0.290578
v 0.070731 0.033809 -0.330402
v 0.072287 0.033839 -0.331765
v 0.087787 0.030082 -0.258585
v 0.082192 0.034254 -0.345277
v 0.094918 0.033207 -0.328804
v 0.094440 0.033563 -0.336204
v 0.091576 0.031084 -0.281803
v 0.092573 0.031531 -0.291840
v 0.090003 0.033448 -0.331663
v 0.088284 0.033539 -0.332812
v 0.085004 0.027241 -0.258543
v 0.079410 0.031413 -0.345234
v 0.080268 0.018959 -0.328544
v 0.079791 0.019315 -0.335945
v 0.083413 0.023071 -0.281662
v 0.082737 0.021910 -0.291668
v 0.080167 0.023826 -0.331492
v 0.080121 0.025526 -0.332671
v 0.085139 0.033414 -0.258254
v 0.079544 0.037587 -0.344945
v 0.080910 0.048383 -0.327170
v 0.080432 0.048739 -0.334570
v 0.083778 0.039786 -0.280881
v 0.083173 0.041903 -0.290734
v 0.080603 0.043820 -0.330557
v 0.080486 0.042241 -0.331890
v 0.082317 0.029980 -0.258237
v 0.075575 0.031179 -0.280766
v 0.072283 0.033634 -0.331775
v 0.076722 0.034152 -0.344929
v 0.073296 0.031688 -0.290588
v 0.070726 0.033605 -0.330412
v 0.066220 0.033541 -0.326936
v 0.065743 0.033897 -0.334336
v 0.087791 0.030286 -0.258576
v 0.091581 0.031289 -0.281794
v 0.088289 0.033744 -0.332802
v 0.082196 0.034459 -0.345267
v 0.092578 0.031736 -0.291830
v 0.090008 0.033652 -0.331654
v 0.094922 0.033412 -0.328795
v 0.094445 0.033768 -0.336195
v 0.085209 0.027237 -0.258556
v 0.083618 0.023067 -0.281676
v 0.080326 0.025522 -0.332684
v 0.079614 0.031410 -0.345247
v 0.082941 0.021906 -0.291681
v 0.080371 0.023822 -0.331505
v 0.080473 0.018955 -0.328558
v 0.079995 0.019311 -0.335958
v 0.084935 0.033418 -0.258241
v 0.083573 0.039790 -0.280868
v 0.080281 0.042245 -0.331876
v 0.079340 0.037591 -0.344932
v 0.082968 0.041907 -0.290720
v 0.080398 0.043824 -0.330544
v 0.080706 0.048386 -0.327156
v 0.080228 0.048743 -0.334557
v 0.108556 0.012147 0.059552
v 0.105812 0.013808 0.059654
v 0.105881 0.017013 0.059772
v 0.108693 0.018558 0.059788
v 0.111436 0.016897 0.059686
v 0.111367 0.013692 0.059568
v 0.108523 0.010633 0.059497
v 0.104485 0.013078 0.059646
v 0.104586 0.017797 0.059820
v 0.108725 0.020071 0.059843
v 0.112764 0.017627 0.059694
v 0.112663 0.012908 0.059520
v 0.109114 0.012735 0.095051
v 0.107238 0.013391 0.095103
v 0.107268 0.014769 0.095154
v 0.109170 0.015347 0.095147
v 0.111045 0.014665 0.095095
v 0.111016 0.013338 0.095046
v 0.110438 0.011791 0.099817
v 0.107314 0.012838 0.098544
v 0.107361 0.015065 0.098625
v 0.110526 0.015881 0.099967
v 0.113650 0.014834 0.101240
v 0.113602 0.012608 0.101158
v 0.109256 0.012546 0.104549
v 0.107691 0.013157 0.103914
v 0.107716 0.014337 0.103957
v 0.109305 0.014833 0.104633
v 0.110870 0.014222 0.105269
v 0.110845 0.013041 0.105225
v 0.105976 0.010900 0.125828
v 0.102354 0.011961 0.123533
v 0.102404 0.014319 0.123620
v 0.106065 0.015053 0.125980
v 0.109686 0.013940 0.128273
v 0.109637 0.011687 0.128190
v 0.108532 0.012090 0.123025
v 0.107784 0.011744 0.124613
v 0.105497 0.012399 0.123511
v 0.106965 0.012593 0.122385
v 0.105526 0.013750 0.123561
v 0.106986 0.013576 0.122422
v 0.107837 0.014224 0.124704
v 0.108572 0.013963 0.123094
v 0.110000 0.013533 0.125648
v 0.110140 0.013456 0.123733
v 0.109973 0.012270 0.125602
v 0.110119 0.012482 0.123697
v 0.109170 0.010865 0.164246
v 0.107906 0.011233 0.163445
v 0.107920 0.011882 0.163469
v 0.109197 0.012135 0.164292
v 0.110461 0.011761 0.165093
v 0.110447 0.011126 0.165069
v 0.108982 0.010817 0.166454
v 0.107718 0.011172 0.165653
v 0.107732 0.011788 0.165675
v 0.109008 0.012029 0.166498
v 0.110272 0.011680 0.167299
v 0.110259 0.011052 0.167276
v 0.107597 0.009297 0.167366
v 0.103135 0.010487 0.164162
v 0.103184 0.012777 0.164246
v 0.107688 0.013536 0.167522
v 0.112150 0.012347 0.170727
v 0.112101 0.010057 0.170643
v 0.110203 0.009166 0.212188
v 0.109805 0.009462 0.211906
v 0.109817 0.010013 0.211926
v 0.110227 0.010271 0.212229
v 0.110625 0.009976 0.212510
v 0.110613 0.009422 0.212490
v 0.110215 0.009718 0.212208
v 0.110156 0.011345 0.201719
v 0.108740 0.012890 0.177347
v 0.109707 0.012271 0.189620
v 0.112028 0.011912 0.179707
v 0.111210 0.010687 0.202468
v 0.111726 0.011372 0.191062
v 0.111183 0.009425 0.202422
v 0.111984 0.009837 0.179631
v 0.111687 0.009555 0.190996
v 0.109049 0.009548 0.200879
v 0.105374 0.010296 0.174856
v 0.107616 0.009834 0.188055
v 0.105413 0.012087 0.174922
v 0.109075 0.010768 0.200924
v 0.107652 0.011484 0.188116
v 0.108660 0.009176 0.177211
v 0.110103 0.008869 0.201628
v 0.109634 0.008852 0.189494
v 0.113443 0.012064 0.149015
v 0.113208 0.012155 0.149194
v 0.113439 0.011875 0.149008
v 0.113200 0.011781 0.149180
v 0.114200 0.012304 0.148920
v 0.113301 0.012629 0.149527
v 0.114186 0.011610 0.148895
v 0.113272 0.011280 0.149477
v 0.110611 0.012014 0.163506
v 0.112739 0.012073 0.156108
v 0.112387 0.012936 0.156625
v 0.109630 0.013267 0.164349
v 0.114398 0.010997 0.157548
v 0.113358 0.010424 0.166106
v 0.113397 0.012260 0.166173
v 0.114425 0.012271 0.157594
v 0.113292 0.011524 0.156327
v 0.111679 0.011194 0.163934
v 0.110589 0.010984 0.163468
v 0.112724 0.011376 0.156082
v 0.111690 0.011723 0.163954
v 0.113300 0.011883 0.156340
v 0.109553 0.009715 0.164219
v 0.112335 0.010493 0.156536
v 0.102208 0.031610 -0.379425
v 0.102151 0.028924 -0.379524
v 0.102146 0.028388 -0.379093
v 0.099403 0.030049 -0.378992
v 0.099852 0.030316 -0.379439
v 0.099472 0.033254 -0.378874
v 0.099909 0.033002 -0.379340
v 0.102284 0.034799 -0.378858
v 0.102266 0.034296 -0.379327
v 0.105027 0.033139 -0.378959
v 0.104565 0.032905 -0.379412
v 0.104958 0.029933 -0.379077
v 0.104507 0.030219 -0.379510
v 0.101181 0.027137 -0.259445
v 0.099912 0.030354 -0.346347
v 0.088527 0.029957 -0.328894
v 0.088419 0.030232 -0.336312
v 0.095570 0.028096 -0.282293
v 0.093784 0.028498 -0.292221
v 0.093201 0.029976 -0.332142
v 0.094823 0.029989 -0.333426
v 0.106658 0.027023 -0.259529
v 0.105388 0.030240 -0.346432
v 0.117277 0.029358 -0.329336
v 0.117169 0.029633 -0.336755
v 0.111599 0.027762 -0.282540
v 0.113094 0.028096 -0.292518
v 0.112511 0.029574 -0.332439
v 0.110852 0.029655 -0.333673
v 0.103871 0.024186 -0.259593
v 0.102601 0.027404 -0.346496
v 0.102605 0.015134 -0.329648
v 0.102497 0.015409 -0.337067
v 0.103423 0.019762 -0.282716
v 0.103243 0.018491 -0.292730
v 0.102660 0.019969 -0.332650
v 0.102676 0.021655 -0.333849
v 0.104003 0.030362 -0.259366
v 0.102734 0.033580 -0.346269
v 0.103235 0.044570 -0.328568
v 0.103127 0.044845 -0.335986
v 0.103781 0.036485 -0.282102
v 0.103671 0.038493 -0.291995
v 0.103088 0.039971 -0.331916
v 0.103034 0.038378 -0.333235
v 0.101177 0.026932 -0.259452
v 0.095566 0.027891 -0.282300
v 0.094819 0.029784 -0.333433
v 0.099907 0.030150 -0.346355
v 0.093779 0.028294 -0.292228
v 0.093196 0.029772 -0.332149
v 0.088523 0.029753 -0.328901
v 0.088415 0.030027 -0.336320
v 0.106662 0.027227 -0.259521
v 0.111603 0.027966 -0.282532
v 0.110856 0.029859 -0.333665
v 0.105392 0.030445 -0.346424
v 0.113099 0.028301 -0.292510
v 0.112516 0.029779 -0.332431
v 0.117281 0.029563 -0.329329
v 0.117173 0.029837 -0.336747
v 0.104076 0.024182 -0.259596
v 0.103628 0.019758 -0.282719
v 0.102881 0.021651 -0.333852
v 0.102806 0.027400 -0.346499
v 0.103448 0.018486 -0.292733
v 0.102864 0.019964 -0.332654
v 0.102810 0.015130 -0.329651
v 0.102701 0.015405 -0.337070
v 0.103799 0.030367 -0.259363
v 0.103577 0.036489 -0.282099
v 0.102829 0.038382 -0.333232
v 0.102529 0.033584 -0.346266
v 0.103466 0.038497 -0.291992
v 0.102883 0.039975 -0.331913
v 0.103030 0.044575 -0.328565
v 0.102922 0.044849 -0.335983
v 0.118423 0.016906 0.059634
v 0.115388 0.017944 0.059574
v 0.114765 0.021090 0.059679
v 0.117179 0.023198 0.059845
v 0.120214 0.022160 0.059905
v 0.120836 0.019014 0.059799
v 0.118717 0.015421 0.059584
v 0.114248 0.016949 0.059496
v 0.113332 0.021580 0.059651
v 0.116885 0.024683 0.059894
v 0.121353 0.023155 0.059983
v 0.122269 0.018524 0.059828
v 0.116868 0.017350 0.095106
v 0.114896 0.017592 0.095049
v 0.114629 0.018944 0.095095
v 0.116362 0.019913 0.095191
v 0.118339 0.019647 0.095247
v 0.118596 0.018344 0.095203
v 0.118096 0.016677 0.099942
v 0.114896 0.017043 0.098491
v 0.114464 0.019228 0.098565
v 0.117302 0.020690 0.100077
v 0.120502 0.020323 0.101527
v 0.120934 0.018138 0.101454
v 0.116519 0.017129 0.104598
v 0.114898 0.017397 0.103873
v 0.114669 0.018556 0.103911
v 0.116075 0.019373 0.104673
v 0.117697 0.019106 0.105397
v 0.117926 0.017946 0.105359
v 0.112486 0.014673 0.125668
v 0.108855 0.014955 0.123169
v 0.108397 0.017269 0.123247
v 0.111680 0.018749 0.125804
v 0.115322 0.018416 0.128301
v 0.115759 0.016205 0.128227
v 0.114883 0.016400 0.123006
v 0.114138 0.015891 0.124552
v 0.111829 0.016052 0.123320
v 0.113282 0.016562 0.122277
v 0.111567 0.017378 0.123365
v 0.113091 0.017527 0.122310
v 0.113657 0.018325 0.124633
v 0.114519 0.018239 0.123067
v 0.115861 0.018104 0.125699
v 0.116121 0.018072 0.123796
v 0.116106 0.016865 0.125658
v 0.116310 0.017116 0.123764
v 0.113474 0.015050 0.164204
v 0.112207 0.015146 0.163332
v 0.112081 0.015783 0.163353
v 0.113227 0.016296 0.164245
v 0.114495 0.016194 0.165117
v 0.114618 0.015571 0.165096
v 0.113178 0.014948 0.166398
v 0.111914 0.015031 0.165526
v 0.111794 0.015636 0.165546
v 0.112943 0.016137 0.166438
v 0.114206 0.016059 0.167310
v 0.114327 0.015443 0.167289
v 0.112100 0.013161 0.167239
v 0.107671 0.013396 0.163785
v 0.107227 0.015643 0.163860
v 0.111277 0.017321 0.167379
v 0.115705 0.017086 0.170833
v 0.116149 0.014839 0.170758
v 0.112177 0.013273 0.212137
v 0.111741 0.013480 0.211832
v 0.111634 0.014020 0.211850
v 0.111963 0.014357 0.212173
v 0.112398 0.014152 0.212478
v 0.112506 0.013608 0.212460
v 0.112070 0.013815 0.212155
v 0.112250 0.015465 0.201670
v 0.111894 0.016845 0.177250
v 0.112287 0.016359 0.189561
v 0.115179 0.016573 0.179795
v 0.113377 0.015041 0.202481
v 0.114368 0.015901 0.191118
v 0.113622 0.013803 0.202439
v 0.115582 0.014536 0.179727
v 0.114721 0.014118 0.191059
v 0.111599 0.013480 0.200779
v 0.109302 0.013611 0.174588
v 0.110854 0.013544 0.187894
v 0.108954 0.015369 0.174647
v 0.111362 0.014678 0.200820
v 0.110533 0.015164 0.187948
v 0.112615 0.013200 0.177128
v 0.112730 0.013036 0.201589
v 0.112951 0.013005 0.189449
v 0.118234 0.017238 0.149229
v 0.117975 0.017275 0.149395
v 0.118270 0.017052 0.149223
v 0.118047 0.016908 0.149382
v 0.118927 0.017634 0.149176
v 0.117946 0.017756 0.149730
v 0.119061 0.016953 0.149153
v 0.118208 0.016432 0.149685
v 0.114675 0.016484 0.163540
v 0.117150 0.017046 0.156272
v 0.116595 0.017811 0.156764
v 0.113405 0.017494 0.164320
v 0.118918 0.016339 0.157807
v 0.117549 0.015497 0.166297
v 0.117193 0.017299 0.166357
v 0.118671 0.017589 0.157849
v 0.117795 0.016627 0.156524
v 0.115868 0.015908 0.164031
v 0.114875 0.015473 0.163506
v 0.117286 0.016363 0.156249
v 0.115766 0.016426 0.164048
v 0.117725 0.016979 0.156536
v 0.114094 0.014008 0.164204
v 0.117069 0.015414 0.156684
v 0.132497 0.037653 -0.379105
v 0.133018 0.035017 -0.379193
v 0.133104 0.034489 -0.378761
v 0.130069 0.035527 -0.378821
v 0.130475 0.035887 -0.379243
v 0.129447 0.038673 -0.378715
v 0.129954 0.038523 -0.379155
v 0.131860 0.040781 -0.378550
v 0.131976 0.040289 -0.379017
v 0.134895 0.039743 -0.378490
v 0.134519 0.039419 -0.378966
v 0.135517 0.036597 -0.378595
v 0.135041 0.036783 -0.379055
v 0.125776 0.032221 -0.259348
v 0.128685 0.035705 -0.346201
v 0.116694 0.032771 -0.329409
v 0.116942 0.033068 -0.336823
v 0.121369 0.032124 -0.282478
v 0.120093 0.032207 -0.292492
v 0.121429 0.033807 -0.332390
v 0.123080 0.034174 -0.333582
v 0.131147 0.033276 -0.259126
v 0.134056 0.036759 -0.345979
v 0.144891 0.038308 -0.328242
v 0.145139 0.038606 -0.335656
v 0.137090 0.035211 -0.281828
v 0.139032 0.035926 -0.291709
v 0.140368 0.037527 -0.331607
v 0.138801 0.037261 -0.332932
v 0.129037 0.029912 -0.259331
v 0.131945 0.033395 -0.346185
v 0.133624 0.021290 -0.329302
v 0.133872 0.021587 -0.336716
v 0.130827 0.025656 -0.282421
v 0.131479 0.024446 -0.292422
v 0.132815 0.026046 -0.332320
v 0.132539 0.027706 -0.333525
v 0.127838 0.035973 -0.259128
v 0.130747 0.039457 -0.345982
v 0.127911 0.050177 -0.328335
v 0.128160 0.050475 -0.335749
v 0.127582 0.042067 -0.281871
v 0.127597 0.044075 -0.291765
v 0.128933 0.045676 -0.331663
v 0.129293 0.044117 -0.332975
v 0.125816 0.032020 -0.259355
v 0.121409 0.031923 -0.282485
v 0.123120 0.033973 -0.333589
v 0.128724 0.035504 -0.346208
v 0.120132 0.032006 -0.292499
v 0.121469 0.033606 -0.332397
v 0.116733 0.032570 -0.329415
v 0.116982 0.032867 -0.336830
v 0.131108 0.033477 -0.259119
v 0.137050 0.035412 -0.281821
v 0.138761 0.037462 -0.332925
v 0.134016 0.036960 -0.345972
v 0.138992 0.036127 -0.291702
v 0.140329 0.037727 -0.331600
v 0.144851 0.038509 -0.328235
v 0.145099 0.038806 -0.335650
v 0.129237 0.029951 -0.259323
v 0.131028 0.025696 -0.282413
v 0.132740 0.027745 -0.333516
v 0.132146 0.033435 -0.346176
v 0.131680 0.024485 -0.292414
v 0.133016 0.026086 -0.332312
v 0.133825 0.021329 -0.329294
v 0.134073 0.021627 -0.336708
v 0.127637 0.035934 -0.259137
v 0.127381 0.042028 -0.281880
v 0.129093 0.044077 -0.332984
v 0.130546 0.039417 -0.345990
v 0.127396 0.044036 -0.291773
v 0.128732 0.045636 -0.331671
v 0.127710 0.050138 -0.328343
v 0.127959 0.050435 -0.335757
v 0.121256 0.017979 0.059673
v 0.118229 0.019023 0.059459
v 0.117609 0.022170 0.059532
v 0.120015 0.024273 0.059820
v 0.123041 0.023229 0.060034
v 0.123661 0.020082 0.059961
v 0.121548 0.016493 0.059639
v 0.117094 0.018030 0.059323
v 0.116180 0.022663 0.059431
v 0.119722 0.025759 0.059855
v 0.124177 0.024222 0.060170
v 0.125090 0.019589 0.060062
v 0.117898 0.018432 0.095020
v 0.115931 0.018678 0.094863
v 0.115665 0.020030 0.094894
v 0.117392 0.020996 0.095079
v 0.119363 0.020725 0.095235
v 0.119620 0.019423 0.095205
v 0.118876 0.017757 0.099912
v 0.115755 0.018130 0.098301
v 0.115324 0.020316 0.098352
v 0.118085 0.021772 0.100006
v 0.121206 0.021399 0.101618
v 0.121636 0.019213 0.101567
v 0.117065 0.018213 0.104481
v 0.115483 0.018485 0.103675
v 0.115255 0.019644 0.103702
v 0.116623 0.020459 0.104534
v 0.118204 0.020187 0.105340
v 0.118433 0.019027 0.105313
v 0.111959 0.015769 0.125319
v 0.108460 0.016058 0.122639
v 0.108004 0.018373 0.122693
v 0.111156 0.019847 0.125414
v 0.114665 0.019506 0.128093
v 0.115101 0.017294 0.128041
v 0.114492 0.017491 0.122782
v 0.113668 0.016983 0.124288
v 0.111425 0.017149 0.122941
v 0.112931 0.017656 0.121973
v 0.111164 0.018475 0.122972
v 0.112740 0.018621 0.121996
v 0.113188 0.019419 0.124345
v 0.114129 0.019330 0.122825
v 0.115335 0.019193 0.125522
v 0.115691 0.019160 0.123634
v 0.115580 0.017953 0.125493
v 0.115880 0.018203 0.123612
v 0.110984 0.016150 0.163855
v 0.109763 0.016248 0.162920
v 0.109638 0.016885 0.162935
v 0.110738 0.017397 0.163884
v 0.111959 0.017292 0.164819
v 0.112082 0.016668 0.164805
v 0.110576 0.016049 0.166031
v 0.109359 0.016134 0.165096
v 0.109240 0.016739 0.165110
v 0.110342 0.017238 0.166059
v 0.111558 0.017158 0.166995
v 0.111680 0.016542 0.166980
v 0.109453 0.014264 0.166817
v 0.105207 0.014508 0.163141
v 0.104764 0.016756 0.163194
v 0.108633 0.018426 0.166914
v 0.112879 0.018183 0.170590
v 0.113322 0.015935 0.170537
v 0.107244 0.014383 0.211660
v 0.106825 0.014591 0.211333
v 0.106718 0.015132 0.211346
v 0.107030 0.015468 0.211685
v 0.107449 0.015262 0.212012
v 0.107556 0.014718 0.212000
v 0.107137 0.014926 0.211673
v 0.107854 0.016574 0.201211
v 0.108745 0.017950 0.176804
v 0.108510 0.017466 0.189119
v 0.111896 0.017672 0.179513
v 0.108937 0.016148 0.202077
v 0.110508 0.017004 0.190780
v 0.109182 0.014909 0.202049
v 0.112298 0.015634 0.179465
v 0.110860 0.015220 0.190739
v 0.107245 0.014589 0.200288
v 0.106286 0.014721 0.174014
v 0.107158 0.014654 0.187381
v 0.105939 0.016480 0.174055
v 0.107009 0.015788 0.200316
v 0.106838 0.016274 0.187419
v 0.109464 0.014304 0.176719
v 0.108333 0.014143 0.201154
v 0.109172 0.014110 0.189041
v 0.116505 0.018325 0.149142
v 0.116238 0.018364 0.149294
v 0.116541 0.018140 0.149138
v 0.116310 0.017996 0.149286
v 0.117200 0.018721 0.149124
v 0.116193 0.018845 0.149628
v 0.117334 0.018039 0.149108
v 0.116454 0.017520 0.149597
v 0.112221 0.017581 0.163253
v 0.115064 0.018138 0.156121
v 0.114486 0.018904 0.156584
v 0.110914 0.018594 0.163968
v 0.116749 0.017426 0.157744
v 0.114948 0.016589 0.166153
v 0.114593 0.018392 0.166195
v 0.116503 0.018677 0.157773
v 0.115694 0.017716 0.156406
v 0.113386 0.017003 0.163805
v 0.112420 0.016570 0.163230
v 0.115198 0.017454 0.156105
v 0.113284 0.017522 0.163817
v 0.115624 0.018069 0.156414
v 0.111601 0.015107 0.163887
v 0.114958 0.016506 0.156528
v 0.157698 0.038626 -0.377781
v 0.158217 0.035989 -0.377842
v 0.158280 0.035461 -0.377406
v 0.155254 0.036505 -0.377621
v 0.155682 0.036864 -0.378022
v 0.154634 0.039652 -0.377547
v 0.155162 0.039501 -0.377961
v 0.157039 0.041755 -0.377259
v 0.157178 0.041263 -0.377719
v 0.160066 0.040711 -0.377045
v 0.159714 0.040388 -0.377540
v 0.160686 0.037564 -0.377118
v 0.160234 0.037751 -0.377601
v 0.144875 0.033228 -0.258521
v 0.152211 0.036691 -0.345114
v 0.139374 0.033785 -0.328954
v 0.140000 0.034080 -0.336346
v 0.141652 0.033136 -0.281846
v 0.140887 0.033220 -0.291912
v 0.144257 0.034811 -0.331691
v 0.145968 0.035174 -0.332797
v 0.150231 0.034271 -0.258026
v 0.157566 0.037735 -0.344618
v 0.167486 0.039264 -0.326353
v 0.168112 0.039560 -0.333745
v 0.157325 0.036191 -0.280396
v 0.159770 0.036900 -0.290165
v 0.163139 0.038491 -0.329944
v 0.161641 0.038229 -0.331347
v 0.148126 0.030912 -0.258339
v 0.155461 0.034375 -0.344931
v 0.156253 0.022269 -0.327984
v 0.156880 0.022565 -0.335376
v 0.151082 0.026649 -0.281307
v 0.152239 0.025435 -0.291262
v 0.155609 0.027026 -0.331040
v 0.155398 0.028687 -0.332257
v 0.146931 0.036975 -0.258197
v 0.154266 0.040439 -0.344790
v 0.150558 0.051168 -0.327311
v 0.151184 0.051464 -0.334703
v 0.147846 0.043066 -0.280924
v 0.148369 0.045073 -0.290804
v 0.151738 0.046664 -0.330583
v 0.152162 0.045104 -0.331875
v 0.144915 0.033027 -0.258526
v 0.141691 0.032935 -0.281851
v 0.146007 0.034973 -0.332801
v 0.152250 0.036490 -0.345118
v 0.140927 0.033019 -0.291917
v 0.144296 0.034610 -0.331695
v 0.139414 0.033584 -0.328958
v 0.140040 0.033879 -0.336350
v 0.150191 0.034472 -0.258021
v 0.157286 0.036392 -0.280392
v 0.161602 0.038430 -0.331342
v 0.157526 0.037936 -0.344614
v 0.159730 0.037101 -0.290161
v 0.163100 0.038692 -0.329939
v 0.167447 0.039465 -0.326348
v 0.168073 0.039761 -0.333740
v 0.148326 0.030951 -0.258320
v 0.151282 0.026688 -0.281288
v 0.155598 0.028726 -0.332239
v 0.155661 0.034414 -0.344913
v 0.152439 0.025474 -0.291243
v 0.155809 0.027065 -0.331022
v 0.156454 0.022308 -0.327966
v 0.157080 0.022604 -0.335358
v 0.146731 0.036936 -0.258216
v 0.147646 0.043027 -0.280943
v 0.151962 0.045065 -0.331893
v 0.154066 0.040400 -0.344808
v 0.148169 0.045034 -0.290823
v 0.151538 0.046625 -0.330601
v 0.150358 0.051129 -0.327329
v 0.150984 0.051425 -0.334721
v 0.230771 0.065231 0.256486
v 0.230383 0.065572 0.256052
v 0.234071 0.060216 0.257136
v 0.234459 0.060346 0.256974
v 0.232596 0.053555 0.255035
v 0.232851 0.053938 0.255530
v 0.234182 0.059614 0.257085
v 0.234586 0.059658 0.256916
v 0.233137 0.063095 0.256856
v 0.232890 0.062753 0.257070
v 0.233988 0.056808 0.256569
v 0.234325 0.056683 0.256315
v 0.231274 0.065728 0.256479
v 0.231382 0.065339 0.256779
v 0.232074 0.065053 0.257113
v 0.232233 0.065331 0.256938
v 0.233468 0.054007 0.255821
v 0.233497 0.053657 0.255457
v 0.234198 0.054280 0.255937
v 0.233955 0.054440 0.256148
v 0.228564 0.051617 0.228733
v 0.227400 0.051920 0.230060
v 0.242106 0.063786 0.213311
v 0.232131 0.056368 0.224041
v 0.225114 0.070343 0.230314
v 0.226054 0.070082 0.229320
v 0.224179 0.069412 0.231539
v 0.241640 0.066317 0.213525
v 0.229557 0.051956 0.227772
v 0.230942 0.068260 0.224371
v 0.243215 0.065731 0.220770
v 0.233985 0.066434 0.232481
v 0.228841 0.068573 0.237445
v 0.226837 0.068321 0.239345
v 0.229750 0.052506 0.238009
v 0.230758 0.052569 0.236923
v 0.227768 0.068795 0.238288
v 0.243590 0.063697 0.220598
v 0.231603 0.053228 0.236179
v 0.235651 0.058118 0.231486
v 0.231262 0.052833 0.245032
v 0.236505 0.058750 0.240598
v 0.230565 0.067375 0.245099
v 0.232964 0.053757 0.243968
v 0.235027 0.064554 0.241420
v 0.232205 0.052978 0.244362
v 0.243170 0.062925 0.234033
v 0.229492 0.067707 0.245605
v 0.228580 0.067398 0.246264
v 0.242953 0.064102 0.234132
v 0.232233 0.053271 0.251705
v 0.229843 0.066250 0.252803
v 0.230739 0.066471 0.252825
v 0.234072 0.063484 0.251533
v 0.238003 0.061697 0.249141
v 0.238142 0.060944 0.249077
v 0.233149 0.053382 0.251718
v 0.235370 0.057632 0.250906
v 0.231735 0.066082 0.252921
v 0.233868 0.054070 0.251872
v 0.218512 0.051277 0.212861
v 0.221162 0.051251 0.217079
v 0.222350 0.051023 0.215602
v 0.219644 0.051376 0.211391
v 0.220723 0.056120 0.209133
v 0.223284 0.055219 0.213744
v 0.228789 0.062170 0.207335
v 0.224098 0.061778 0.204483
v 0.217574 0.069862 0.211555
v 0.219968 0.070735 0.215976
v 0.218688 0.070891 0.217281
v 0.216173 0.070206 0.212983
v 0.217617 0.069872 0.218766
v 0.214993 0.069482 0.214571
v 0.228433 0.064099 0.207498
v 0.223824 0.063262 0.204609
v 0.220733 0.052212 0.210115
v 0.223446 0.051557 0.214379
v 0.219919 0.066355 0.208953
v 0.223056 0.067447 0.212788
v 0.185080 0.046974 0.182866
v 0.189406 0.047742 0.185394
v 0.191002 0.048140 0.183249
v 0.186701 0.047408 0.180675
v 0.187902 0.052682 0.177986
v 0.192190 0.053291 0.180646
v 0.192425 0.058291 0.179325
v 0.188163 0.057733 0.176585
v 0.184833 0.066794 0.180188
v 0.189167 0.067241 0.182796
v 0.187409 0.067579 0.184892
v 0.183051 0.067153 0.182344
v 0.185820 0.067058 0.187053
v 0.181468 0.066612 0.184510
v 0.192224 0.059379 0.179417
v 0.187960 0.058833 0.176678
v 0.187985 0.048673 0.178822
v 0.192274 0.049371 0.181446
v 0.185971 0.063165 0.178874
v 0.190276 0.063686 0.181526
v 0.171351 0.044585 0.176654
v 0.176090 0.045479 0.178505
v 0.177749 0.045945 0.176229
v 0.172996 0.045072 0.174334
v 0.174158 0.050479 0.171458
v 0.178948 0.051293 0.173412
v 0.179177 0.056460 0.171951
v 0.174350 0.055730 0.169974
v 0.171008 0.065133 0.173750
v 0.175829 0.065714 0.175670
v 0.174026 0.066062 0.177929
v 0.169216 0.065496 0.176061
v 0.172399 0.065535 0.180197
v 0.167592 0.064994 0.178382
v 0.178970 0.057587 0.172046
v 0.174139 0.056876 0.170071
v 0.174278 0.046364 0.172345
v 0.179048 0.047220 0.174284
v 0.172146 0.061403 0.172383
v 0.176971 0.062027 0.174320
v 0.156352 0.041249 0.172654
v 0.161554 0.042472 0.173753
v 0.163134 0.043005 0.171369
v 0.157858 0.041786 0.170242
v 0.158771 0.047537 0.167250
v 0.164164 0.048621 0.168408
v 0.164256 0.054106 0.166884
v 0.158782 0.053178 0.165717
v 0.155472 0.063344 0.169673
v 0.160923 0.063956 0.170782
v 0.159175 0.064402 0.173178
v 0.153777 0.063847 0.172108
v 0.157598 0.063954 0.175571
v 0.152269 0.063421 0.174530
v 0.164034 0.055309 0.166986
v 0.158553 0.054420 0.165822
v 0.159006 0.043183 0.168162
v 0.164348 0.044365 0.169315
v 0.156593 0.059363 0.168251
v 0.162054 0.060081 0.169377
v 0.143875 0.057727 0.166474
v 0.137006 0.056863 0.165755
v 0.138788 0.051105 0.163190
v 0.145729 0.052280 0.163957
v 0.142812 0.062044 0.167939
v 0.135981 0.061399 0.167245
v 0.144628 0.038271 0.170911
v 0.138394 0.036609 0.170196
v 0.133764 0.061753 0.172324
v 0.140201 0.062307 0.172945
v 0.145787 0.038750 0.168430
v 0.139325 0.037043 0.167680
v 0.134706 0.062091 0.169799
v 0.141369 0.062678 0.170455
v 0.139051 0.049680 0.163070
v 0.145978 0.050924 0.163842
v 0.146673 0.040190 0.166294
v 0.140046 0.038484 0.165514
v 0.146248 0.044843 0.165383
v 0.139499 0.043330 0.164610
v 0.197565 0.049636 0.191170
v 0.201384 0.050615 0.194417
v 0.202924 0.050696 0.192418
v 0.199124 0.049841 0.189121
v 0.200307 0.054380 0.186726
v 0.204129 0.054892 0.190097
v 0.204215 0.059649 0.189091
v 0.200400 0.059234 0.185664
v 0.197455 0.067776 0.188701
v 0.201353 0.067918 0.192009
v 0.199738 0.067947 0.193877
v 0.195783 0.067928 0.190650
v 0.198114 0.067358 0.196054
v 0.194116 0.067427 0.192888
v 0.204021 0.060701 0.189180
v 0.200205 0.060294 0.185754
v 0.200392 0.050858 0.187420
v 0.204188 0.051574 0.190769
v 0.198431 0.064563 0.187588
v 0.202287 0.064894 0.190943
v 0.157050 0.049121 0.178002
v 0.162023 0.049969 0.179116
v 0.160850 0.056337 0.179655
v 0.155868 0.055542 0.178545
v 0.156979 0.049021 0.180201
v 0.162048 0.049901 0.181450
v 0.160922 0.056032 0.181960
v 0.155832 0.055251 0.180728
v 0.171686 0.051517 0.181928
v 0.176322 0.052142 0.183528
v 0.175119 0.058670 0.184080
v 0.170516 0.057868 0.182465
v 0.172018 0.051523 0.184560
v 0.177091 0.052183 0.186402
v 0.175933 0.058416 0.186983
v 0.170909 0.057550 0.185075
v 0.185300 0.052918 0.187127
v 0.189518 0.053002 0.189083
v 0.187927 0.061636 0.189814
v 0.183895 0.060542 0.187772
v 0.187494 0.052881 0.190887
v 0.193184 0.052925 0.193601
v 0.191468 0.062332 0.194435
v 0.186080 0.060738 0.191593
v 0.197531 0.052479 0.193373
v 0.195363 0.064249 0.194369
v 0.204469 0.052457 0.200061
v 0.202139 0.065921 0.201294
v 0.140998 0.046407 0.176130
v 0.146483 0.047344 0.176453
v 0.145313 0.053698 0.176991
v 0.139844 0.052675 0.176660
v 0.140398 0.046168 0.177993
v 0.146100 0.047162 0.178399
v 0.144949 0.053412 0.178930
v 0.139254 0.052379 0.178518
v 0.106503 0.046904 0.181570
v 0.107934 0.039136 0.180912
v 0.108749 0.047305 0.179236
v 0.110106 0.039941 0.178612
v 0.092455 0.045558 0.182944
v 0.094365 0.035187 0.182067
v 0.095194 0.045836 0.180654
v 0.096956 0.036273 0.179845
v 0.110802 0.044291 0.169539
v 0.098452 0.041816 0.171409
v 0.098669 0.038062 0.172461
v 0.111069 0.040938 0.170360
v 0.110664 0.045040 0.169602
v 0.098299 0.042648 0.171479
v 0.109752 0.048090 0.170966
v 0.097205 0.046012 0.173134
v 0.110691 0.037308 0.173340
v 0.098034 0.033951 0.176193
v 0.095268 0.048966 0.177464
v 0.108204 0.050814 0.174483
v 0.095912 0.049271 0.175407
v 0.108658 0.051030 0.172942
v 0.111147 0.037521 0.171799
v 0.098683 0.034233 0.174134
v 0.098868 0.034955 0.173278
v 0.111333 0.038224 0.170936
v 0.109093 0.050597 0.171923
v 0.096334 0.048815 0.174416
v -0.020764 0.024591 0.129524
v -0.022045 0.024505 0.127816
v -0.021777 0.023052 0.127694
v -0.020498 0.023148 0.129402
v -0.033551 0.006890 0.141029
v -0.028807 0.007608 0.146018
v -0.033532 0.033264 0.148190
v -0.038371 0.033058 0.143244
v -0.024153 0.015909 0.130766
v -0.021994 0.016188 0.133284
v -0.026701 0.029745 0.131937
v -0.024509 0.029842 0.134439
v -0.030979 0.034559 0.135709
v -0.027959 0.034665 0.138944
v -0.028583 0.034992 0.139887
v -0.031772 0.034876 0.136476
v -0.026942 0.008650 0.134256
v -0.023818 0.009117 0.137698
v -0.023379 0.009792 0.136839
v -0.026336 0.009347 0.133576
v -0.048448 0.009213 0.089825
v -0.049924 0.009924 0.083540
v -0.054324 0.033817 0.085562
v -0.053007 0.033973 0.091920
v -0.045377 0.035939 0.079962
v -0.044051 0.036096 0.086319
v -0.031897 0.026761 0.079240
v -0.033291 0.027017 0.072925
v -0.033046 0.025684 0.072812
v -0.031644 0.025386 0.079123
v -0.037717 0.031511 0.082654
v -0.039079 0.031575 0.076321
v -0.039492 0.011336 0.084224
v -0.040977 0.012046 0.077940
v -0.036742 0.018885 0.075247
v -0.035302 0.018397 0.081544
v -0.043070 0.035823 0.085731
v -0.044391 0.035679 0.079371
v -0.040165 0.012730 0.077429
v -0.038688 0.012030 0.083718
v -0.057911 0.027922 0.074775
v -0.058429 0.027518 0.073773
v -0.058143 0.027643 0.074285
v -0.037930 0.026697 0.062564
v -0.038560 0.026645 0.061501
v -0.038241 0.026667 0.062030
v -0.056343 0.016191 0.072815
v -0.055686 0.015839 0.073753
v -0.056016 0.016094 0.073307
v -0.037806 0.026021 0.062507
v -0.038444 0.026019 0.061448
v -0.038123 0.026026 0.061976
v -0.043773 0.028201 0.064682
v -0.043196 0.028454 0.065732
v -0.043470 0.028282 0.065207
v -0.042012 0.022025 0.065188
v -0.042673 0.022224 0.064176
v -0.042345 0.022172 0.064690
v -0.049482 0.029640 0.068173
v -0.048964 0.030043 0.069173
v -0.049195 0.029764 0.068684
v -0.048015 0.030015 0.068595
v -0.048538 0.029623 0.067589
v -0.048250 0.029744 0.068102
v -0.046537 0.018757 0.066670
v -0.045879 0.018417 0.067613
v -0.046209 0.018663 0.067164
v -0.046739 0.017962 0.068151
v -0.047396 0.018312 0.067214
v -0.047068 0.018216 0.067706
v -0.139013 0.039116 -0.346073
v -0.138631 0.038993 -0.346256
v -0.140377 0.048100 -0.343984
v -0.140588 0.047696 -0.344197
v -0.140570 0.047378 -0.344952
v -0.140350 0.047660 -0.345028
v -0.138501 0.036364 -0.345156
v -0.138154 0.036029 -0.345005
v -0.138287 0.036613 -0.345871
v -0.138588 0.036770 -0.345755
v -0.116399 0.035255 -0.328610
v -0.118113 0.035532 -0.328172
v -0.096879 0.047708 -0.334374
v -0.110735 0.040106 -0.329914
v -0.119845 0.053981 -0.327023
v -0.118530 0.053738 -0.327410
v -0.121334 0.053024 -0.326692
v -0.097345 0.050239 -0.334160
v -0.115105 0.035608 -0.329085
v -0.111873 0.052001 -0.329502
v -0.103107 0.049305 -0.338769
v -0.117721 0.049752 -0.335756
v -0.124513 0.051813 -0.333455
v -0.127100 0.051534 -0.332498
v -0.124190 0.035719 -0.333838
v -0.122770 0.035800 -0.334258
v -0.125753 0.052027 -0.332880
v -0.102733 0.047270 -0.338941
v -0.121745 0.036469 -0.334712
v -0.115869 0.041445 -0.336451
v -0.129806 0.035708 -0.338331
v -0.123654 0.041668 -0.341297
v -0.130558 0.050246 -0.338354
v -0.128118 0.036631 -0.339418
v -0.125202 0.047468 -0.340587
v -0.128789 0.035855 -0.338882
v -0.114917 0.045940 -0.344513
v -0.131498 0.050585 -0.337633
v -0.132487 0.050272 -0.337097
v -0.115133 0.047118 -0.344413
v -0.135352 0.035836 -0.342187
v -0.137742 0.048815 -0.341089
v -0.137367 0.049011 -0.341910
v -0.134645 0.045995 -0.344190
v -0.130704 0.044209 -0.346565
v -0.130566 0.043456 -0.346629
v -0.134957 0.035922 -0.343018
v -0.133352 0.040143 -0.344824
v -0.136999 0.048593 -0.342827
v -0.134793 0.036585 -0.343758
v -0.106680 0.035853 -0.312539
v -0.109269 0.035578 -0.316786
v -0.107412 0.035383 -0.317181
v -0.104863 0.035985 -0.312902
v -0.102486 0.040790 -0.313063
v -0.105444 0.039627 -0.317368
v -0.097436 0.046697 -0.319734
v -0.096969 0.046549 -0.314252
v -0.106419 0.054495 -0.311907
v -0.109328 0.055116 -0.316054
v -0.111071 0.055251 -0.315496
v -0.108331 0.054815 -0.311305
v -0.112850 0.054198 -0.315157
v -0.110258 0.054056 -0.310926
v -0.097791 0.048626 -0.319570
v -0.097243 0.048034 -0.314126
v -0.103258 0.036845 -0.313343
v -0.105843 0.035939 -0.317640
v -0.102953 0.051041 -0.312698
v -0.105012 0.051886 -0.317257
v -0.094662 0.033705 -0.269101
v -0.095012 0.034252 -0.274129
v -0.092392 0.034698 -0.274618
v -0.091990 0.034189 -0.269595
v -0.089187 0.039540 -0.269695
v -0.089668 0.039922 -0.274741
v -0.088513 0.044966 -0.274575
v -0.087950 0.044637 -0.269520
v -0.092897 0.053621 -0.268530
v -0.093307 0.053843 -0.273586
v -0.095976 0.054138 -0.272961
v -0.095631 0.053935 -0.267910
v -0.098603 0.053567 -0.272479
v -0.098261 0.053345 -0.267436
v -0.088713 0.046054 -0.274482
v -0.088153 0.045737 -0.269427
v -0.089793 0.035498 -0.269972
v -0.090243 0.035971 -0.275006
v -0.091118 0.050023 -0.268808
v -0.091583 0.050318 -0.273861
v -0.095171 0.031943 -0.253955
v -0.094735 0.032633 -0.259056
v -0.091970 0.033152 -0.259546
v -0.092374 0.032486 -0.254414
v -0.089426 0.037977 -0.254403
v -0.089056 0.038581 -0.259591
v -0.087783 0.043798 -0.259365
v -0.088150 0.043279 -0.254137
v -0.093266 0.052598 -0.253228
v -0.092847 0.052970 -0.258419
v -0.095682 0.053270 -0.257827
v -0.096142 0.052910 -0.252669
v -0.098422 0.052690 -0.257358
v -0.098931 0.052353 -0.252228
v -0.087990 0.044924 -0.259270
v -0.088361 0.044425 -0.254040
v -0.090057 0.033826 -0.254731
v -0.089684 0.034474 -0.259896
v -0.091438 0.048901 -0.253478
v -0.091033 0.049316 -0.258683
v -0.098201 0.029176 -0.238617
v -0.096894 0.030214 -0.243811
v -0.094070 0.030806 -0.244186
v -0.095385 0.029774 -0.238913
v -0.092453 0.035622 -0.238642
v -0.091109 0.036513 -0.244027
v -0.089850 0.042053 -0.243663
v -0.091224 0.041320 -0.238209
v -0.096507 0.051392 -0.237440
v -0.095082 0.051814 -0.242835
v -0.098018 0.052203 -0.242357
v -0.099455 0.051837 -0.237029
v -0.100850 0.051695 -0.241993
v -0.102283 0.051348 -0.236741
v -0.090071 0.043257 -0.243562
v -0.091453 0.042563 -0.238104
v -0.093049 0.031228 -0.239074
v -0.091727 0.032219 -0.244415
v -0.094631 0.047447 -0.237641
v -0.093220 0.047973 -0.243057
v -0.098675 0.046223 -0.225405
v -0.101076 0.045571 -0.218904
v -0.097835 0.039882 -0.219112
v -0.095453 0.040840 -0.225711
v -0.100573 0.050500 -0.225289
v -0.102985 0.050064 -0.218843
v -0.101797 0.026583 -0.227228
v -0.103896 0.025117 -0.221264
v -0.108527 0.050261 -0.219136
v -0.106224 0.050619 -0.225193
v -0.099074 0.027136 -0.227181
v -0.101242 0.025633 -0.220995
v -0.105857 0.050681 -0.218869
v -0.103484 0.051065 -0.225145
v -0.097572 0.038456 -0.219233
v -0.095204 0.039484 -0.225826
v -0.096805 0.028641 -0.227083
v -0.099021 0.027145 -0.220736
v -0.096302 0.033338 -0.226496
v -0.098583 0.032037 -0.220050
v -0.096586 0.035685 -0.284078
v -0.097811 0.036424 -0.288981
v -0.095338 0.036549 -0.289472
v -0.094063 0.035934 -0.284570
v -0.091512 0.040539 -0.284753
v -0.092834 0.040807 -0.289694
v -0.092021 0.045598 -0.289525
v -0.090648 0.045429 -0.284570
v -0.094904 0.053909 -0.283650
v -0.096126 0.053808 -0.288615
v -0.098518 0.053800 -0.288004
v -0.097397 0.054022 -0.283029
v -0.101175 0.053163 -0.287495
v -0.100129 0.053470 -0.282512
v -0.092215 0.046650 -0.289436
v -0.090843 0.046490 -0.284481
v -0.092002 0.036990 -0.284989
v -0.093322 0.037463 -0.289906
v -0.093388 0.050722 -0.283892
v -0.094676 0.050809 -0.288848
v -0.102879 0.036793 -0.241956
v -0.101679 0.037461 -0.246936
v -0.102852 0.043830 -0.246397
v -0.104062 0.043214 -0.241413
v -0.104875 0.036602 -0.242867
v -0.103753 0.037294 -0.247994
v -0.104873 0.043425 -0.247475
v -0.106023 0.042831 -0.242340
v -0.099921 0.038634 -0.256896
v -0.099299 0.039069 -0.261781
v -0.100501 0.045597 -0.261228
v -0.101091 0.044985 -0.256358
v -0.102127 0.038520 -0.258365
v -0.101528 0.038968 -0.263751
v -0.102727 0.045199 -0.263238
v -0.103241 0.044547 -0.257858
v -0.098531 0.039456 -0.271447
v -0.098400 0.039346 -0.276095
v -0.099990 0.047980 -0.275363
v -0.099935 0.047079 -0.270801
v -0.100913 0.039202 -0.275081
v -0.100803 0.038981 -0.281381
v -0.102562 0.048386 -0.280616
v -0.102382 0.047056 -0.274465
v -0.098646 0.038431 -0.285149
v -0.100814 0.050201 -0.284152
v -0.101530 0.037943 -0.294331
v -0.104028 0.051400 -0.293367
v -0.108299 0.034583 -0.226650
v -0.106164 0.035360 -0.231739
v -0.107335 0.041715 -0.231202
v -0.109453 0.040851 -0.226120
v -0.110227 0.034281 -0.226932
v -0.108071 0.035106 -0.232256
v -0.109224 0.041356 -0.231727
v -0.111370 0.040492 -0.226406
v -0.128576 0.035754 -0.198238
v -0.127145 0.027986 -0.198895
v -0.125496 0.036195 -0.199225
v -0.124139 0.028831 -0.199849
v -0.136041 0.034720 -0.186227
v -0.134131 0.024349 -0.187105
v -0.132777 0.035023 -0.187670
v -0.131015 0.025461 -0.188479
v -0.115827 0.033542 -0.196617
v -0.122948 0.031315 -0.186298
v -0.123693 0.027515 -0.186801
v -0.116355 0.030151 -0.197079
v -0.115965 0.034291 -0.196553
v -0.123101 0.032147 -0.186227
v -0.117672 0.037303 -0.196474
v -0.125157 0.035465 -0.186129
v -0.119093 0.026409 -0.197914
v -0.127207 0.023268 -0.187719
v -0.129973 0.038283 -0.186448
v -0.121581 0.039915 -0.196770
v -0.127853 0.038657 -0.186122
v -0.120005 0.040184 -0.196500
v -0.117517 0.026675 -0.197644
v -0.125082 0.023620 -0.187396
v -0.124254 0.024372 -0.187211
v -0.116680 0.027409 -0.197457
v -0.118888 0.039783 -0.196417
v -0.126767 0.038233 -0.186039
v -0.138247 0.019018 -0.060289
v -0.137289 0.019038 -0.058380
v -0.137022 0.017586 -0.058503
v -0.137982 0.017576 -0.060411
v -0.153781 0.001187 -0.053221
v -0.156145 0.001568 -0.059716
v -0.160870 0.027225 -0.057545
v -0.158600 0.027356 -0.051007
v -0.140643 0.010384 -0.057442
v -0.141939 0.010499 -0.060506
v -0.143191 0.024219 -0.056271
v -0.144453 0.024153 -0.059350
v -0.148601 0.028980 -0.054328
v -0.150149 0.028869 -0.058473
v -0.151280 0.029172 -0.058350
v -0.149649 0.029286 -0.053973
v -0.144819 0.003059 -0.056193
v -0.146515 0.003298 -0.060539
v -0.145569 0.003997 -0.060578
v -0.143958 0.003768 -0.056461
v -0.114692 0.006071 -0.017203
v -0.109748 0.007087 -0.013115
v -0.114148 0.030980 -0.011093
v -0.119252 0.030831 -0.015108
v -0.105201 0.033101 -0.016693
v -0.110300 0.032954 -0.020715
v -0.098296 0.023612 -0.028039
v -0.093278 0.024172 -0.023992
v -0.093032 0.022838 -0.024105
v -0.098043 0.022236 -0.028156
v -0.104073 0.028363 -0.024555
v -0.099018 0.028732 -0.020521
v -0.105740 0.008194 -0.022811
v -0.100801 0.009208 -0.018715
v -0.096681 0.016042 -0.021595
v -0.101658 0.015250 -0.025665
v -0.109329 0.032681 -0.021320
v -0.104225 0.032841 -0.017301
v -0.099999 0.009892 -0.019243
v -0.104947 0.008888 -0.023333
v -0.105946 0.025644 -0.002833
v -0.105271 0.025296 -0.001906
v -0.105603 0.025392 -0.002395
v -0.086072 0.024414 -0.015217
v -0.085401 0.024423 -0.014179
v -0.085732 0.024414 -0.014701
v -0.103185 0.013969 -0.002865
v -0.103721 0.013561 -0.003856
v -0.103476 0.013843 -0.003373
v -0.085948 0.023738 -0.015275
v -0.085286 0.023798 -0.014232
v -0.085614 0.023774 -0.014755
v -0.090615 0.025979 -0.010997
v -0.091303 0.026172 -0.011992
v -0.090951 0.026029 -0.011506
v -0.090119 0.019743 -0.012536
v -0.089514 0.020003 -0.011503
v -0.089826 0.019920 -0.012023
v -0.096323 0.027418 -0.007507
v -0.096997 0.027764 -0.008432
v -0.096655 0.027513 -0.007996
v -0.096055 0.027737 -0.009022
v -0.095379 0.027401 -0.008090
v -0.095712 0.027493 -0.008581
v -0.093378 0.016535 -0.009010
v -0.093919 0.016138 -0.010004
v -0.093671 0.016412 -0.009519
v -0.094772 0.015684 -0.009455
v -0.094237 0.016091 -0.008465
v -0.094528 0.015965 -0.008973
v 0.108126 0.006578 0.212124
v 0.107633 0.005518 0.209973
v 0.114445 0.004845 0.209681
v 0.114432 0.005927 0.211829
v 0.102370 0.008133 0.212518
v 0.101349 0.007139 0.210331
v 0.097536 0.010409 0.212910
v 0.096013 0.009564 0.210682
v 0.093887 0.013231 0.213237
v 0.091959 0.012621 0.210983
v 0.091638 0.016443 0.213451
v 0.089454 0.016126 0.211199
v 0.090844 0.019841 0.213491
v 0.088565 0.019854 0.211230
v 0.091644 0.023236 0.213457
v 0.089456 0.023582 0.211203
v 0.093899 0.026414 0.213249
v 0.091965 0.027054 0.210990
v 0.097553 0.029157 0.212930
v 0.096021 0.030027 0.210694
v 0.102388 0.031282 0.212544
v 0.101358 0.032292 0.210345
v 0.108136 0.032619 0.212148
v 0.107638 0.033676 0.209985
v 0.114432 0.033000 0.211837
v 0.114445 0.034048 0.209682
v 0.120759 0.032340 0.211690
v 0.121282 0.033357 0.209496
v 0.126582 0.030742 0.211686
v 0.127634 0.031682 0.209423
v 0.131509 0.028392 0.211754
v 0.133066 0.029176 0.209425
v 0.135260 0.025472 0.211842
v 0.137230 0.026015 0.209465
v 0.137607 0.022195 0.211914
v 0.139849 0.022418 0.209508
v 0.138407 0.018787 0.211949
v 0.140744 0.018682 0.209534
v 0.137602 0.015386 0.211924
v 0.139846 0.014956 0.209516
v 0.135246 0.012274 0.211862
v 0.137223 0.011578 0.209480
v 0.131496 0.009619 0.211778
v 0.133060 0.008703 0.209444
v 0.126573 0.007566 0.211710
v 0.127630 0.006519 0.209442
v 0.120758 0.006282 0.211703
v 0.121282 0.005192 0.209508
v 0.110750 0.011931 0.216436
v 0.109736 0.009875 0.215441
v 0.114435 0.009353 0.215219
v 0.114441 0.011532 0.216280
v 0.107401 0.012868 0.216618
v 0.105508 0.011096 0.215732
v 0.104596 0.014217 0.216788
v 0.102000 0.012824 0.216010
v 0.102467 0.015882 0.216906
v 0.099360 0.014928 0.216220
v 0.101143 0.017756 0.216975
v 0.097730 0.017292 0.216343
v 0.100681 0.019735 0.216985
v 0.097159 0.019779 0.216366
v 0.101149 0.021705 0.216976
v 0.097739 0.022258 0.216347
v 0.102477 0.023545 0.216909
v 0.099376 0.024586 0.216228
v 0.104609 0.025127 0.216793
v 0.102022 0.026607 0.216024
v 0.107413 0.026363 0.216626
v 0.105530 0.028206 0.215752
v 0.110756 0.027161 0.216445
v 0.109748 0.029257 0.215462
v 0.114441 0.027404 0.216285
v 0.114435 0.029587 0.215229
v 0.118145 0.027012 0.216180
v 0.119150 0.029073 0.215119
v 0.121527 0.026061 0.216121
v 0.123429 0.027832 0.215107
v 0.124374 0.024682 0.216085
v 0.127004 0.026057 0.215132
v 0.126534 0.022995 0.216060
v 0.129705 0.023901 0.215165
v 0.127891 0.021102 0.216055
v 0.131392 0.021509 0.215196
v 0.128354 0.019117 0.216057
v 0.131967 0.019011 0.215212
v 0.127890 0.017134 0.216057
v 0.131389 0.016516 0.215201
v 0.126527 0.015304 0.216064
v 0.129691 0.014208 0.215177
v 0.124364 0.013737 0.216090
v 0.126988 0.012226 0.215146
v 0.121518 0.012529 0.216126
v 0.123417 0.010669 0.215120
v 0.118141 0.011756 0.216181
v 0.119147 0.009655 0.215124
v 0.107587 0.002548 0.171710
v 0.107274 0.003111 0.189848
v 0.115389 0.001803 0.171425
v 0.114998 0.002387 0.189558
v 0.123180 0.002157 0.171181
v 0.122727 0.002732 0.189330
v 0.130471 0.003625 0.170995
v 0.129977 0.004169 0.189176
v 0.100031 0.004886 0.190165
v 0.100263 0.004370 0.172004
v 0.093792 0.007634 0.190470
v 0.093943 0.007180 0.172273
v 0.089023 0.011170 0.190730
v 0.089098 0.010789 0.172491
v 0.086044 0.015235 0.190939
v 0.086057 0.014934 0.172662
v 0.085009 0.019583 0.190968
v 0.085010 0.019364 0.172680
v 0.086042 0.023840 0.190931
v 0.086054 0.023628 0.172637
v 0.089017 0.027772 0.190711
v 0.089091 0.027565 0.172438
v 0.093780 0.031105 0.190439
v 0.093930 0.030898 0.172188
v 0.100015 0.033582 0.190119
v 0.100247 0.033372 0.171884
v 0.107263 0.035015 0.189786
v 0.107576 0.034805 0.171557
v 0.114998 0.035346 0.189487
v 0.115388 0.035133 0.171263
v 0.122734 0.034591 0.189253
v 0.123186 0.034371 0.171016
v 0.129987 0.032792 0.189106
v 0.130480 0.032559 0.170856
v 0.136242 0.030030 0.189034
v 0.136756 0.029783 0.170759
v 0.141034 0.026486 0.189010
v 0.141552 0.026226 0.170707
v 0.144045 0.022368 0.189003
v 0.144552 0.022097 0.170676
v 0.145043 0.018077 0.188990
v 0.145525 0.017759 0.170644
v 0.144037 0.013804 0.189023
v 0.144544 0.013441 0.170710
v 0.141025 0.009938 0.189047
v 0.141544 0.009500 0.170776
v 0.136230 0.006631 0.189090
v 0.136746 0.006134 0.170864
v 0.100365 0.004640 0.134887
v 0.099832 0.004878 0.115966
v 0.106989 0.003054 0.115835
v 0.107536 0.002823 0.134679
v 0.114626 0.002308 0.115687
v 0.115182 0.002081 0.134457
v 0.122232 0.002696 0.115531
v 0.122794 0.002443 0.134242
v 0.129312 0.004199 0.115383
v 0.129879 0.003914 0.134053
v 0.094166 0.007424 0.135056
v 0.093647 0.007671 0.116062
v 0.089389 0.010985 0.135174
v 0.088881 0.011242 0.116116
v 0.086388 0.015086 0.135260
v 0.085899 0.015359 0.116149
v 0.085347 0.019469 0.135253
v 0.084861 0.019764 0.116133
v 0.086388 0.023706 0.135205
v 0.085900 0.024080 0.116089
v 0.089388 0.027642 0.135058
v 0.088883 0.028103 0.115988
v 0.094164 0.031000 0.134871
v 0.093650 0.031552 0.115858
v 0.100363 0.033532 0.134631
v 0.099837 0.034175 0.115685
v 0.107536 0.035061 0.134360
v 0.106995 0.035789 0.115487
v 0.115184 0.035422 0.134132
v 0.114631 0.036187 0.115335
v 0.122798 0.034660 0.133928
v 0.122237 0.035429 0.115199
v 0.129883 0.032773 0.133810
v 0.129316 0.033489 0.115139
v 0.135961 0.029951 0.133727
v 0.135395 0.030601 0.115093
v 0.140601 0.026376 0.133674
v 0.140046 0.026956 0.115062
v 0.143478 0.022269 0.133643
v 0.142929 0.022780 0.115048
v 0.144443 0.017954 0.133620
v 0.143927 0.018411 0.115041
v 0.143476 0.013662 0.133698
v 0.142928 0.014063 0.115104
v 0.140598 0.009739 0.133788
v 0.140045 0.010101 0.115177
v 0.135957 0.006406 0.133905
v 0.135393 0.006729 0.115272
v 0.098303 0.005074 0.077793
v 0.097743 0.004939 0.058531
v 0.105017 0.002977 0.058689
v 0.105521 0.003169 0.077844
v 0.112838 0.002145 0.058835
v 0.113261 0.002370 0.077879
v 0.120690 0.002732 0.058941
v 0.121009 0.002881 0.077883
v 0.128059 0.004512 0.059004
v 0.128262 0.004552 0.077860
v 0.092091 0.007972 0.077726
v 0.091498 0.007910 0.058374
v 0.087331 0.011665 0.077647
v 0.086727 0.011691 0.058224
v 0.084397 0.015918 0.077572
v 0.083802 0.016036 0.058094
v 0.083392 0.020464 0.077547
v 0.082819 0.020673 0.058069
v 0.084399 0.025005 0.077521
v 0.083804 0.025314 0.058055
v 0.087336 0.029249 0.077539
v 0.086730 0.029651 0.058143
v 0.092097 0.032906 0.077553
v 0.091502 0.033393 0.058243
v 0.098310 0.035714 0.077555
v 0.097746 0.036274 0.058350
v 0.105528 0.037480 0.077551
v 0.105021 0.038097 0.058466
v 0.113267 0.037983 0.077585
v 0.112841 0.038650 0.058611
v 0.121014 0.037266 0.077620
v 0.120693 0.037960 0.058752
v 0.128265 0.035297 0.077703
v 0.128061 0.036009 0.058923
v 0.134530 0.032315 0.077752
v 0.134445 0.033009 0.059033
v 0.139359 0.028525 0.077778
v 0.139379 0.029171 0.059098
v 0.142370 0.024176 0.077805
v 0.142466 0.024756 0.059154
v 0.143439 0.019618 0.077833
v 0.143550 0.020099 0.059203
v 0.142370 0.015068 0.077840
v 0.142466 0.015444 0.059170
v 0.139358 0.010894 0.077849
v 0.139379 0.011135 0.059132
v 0.134528 0.007304 0.077864
v 0.134444 0.007405 0.059089
v 0.097849 0.004090 0.020113
v 0.098271 0.003469 0.001064
v 0.105942 0.001439 0.001456
v 0.105338 0.002066 0.020444
v 0.114145 0.000641 0.001876
v 0.113376 0.001236 0.020787
v 0.122344 0.001309 0.002288
v 0.121438 0.001906 0.021104
v 0.130000 0.003254 0.002639
v 0.128992 0.003827 0.021362
v 0.091403 0.007167 0.019821
v 0.091640 0.006575 0.000728
v 0.086461 0.011091 0.019576
v 0.086529 0.010548 0.000456
v 0.083416 0.015600 0.019382
v 0.083354 0.015127 0.000250
v 0.082408 0.020403 0.019375
v 0.082285 0.020018 0.000255
v 0.083414 0.025206 0.019397
v 0.083345 0.024911 0.000295
v 0.086454 0.029704 0.019610
v 0.086516 0.029496 0.000557
v 0.091394 0.033603 0.019869
v 0.091630 0.033479 0.000879
v 0.097846 0.036638 0.020181
v 0.098270 0.036594 0.001275
v 0.105339 0.038591 0.020530
v 0.105947 0.038618 0.001721
v 0.113377 0.039179 0.020872
v 0.114148 0.039197 0.002142
v 0.121439 0.038489 0.021201
v 0.122344 0.038481 0.002546
v 0.128994 0.036505 0.021526
v 0.130002 0.036436 0.002933
v 0.135528 0.033437 0.021746
v 0.136604 0.033305 0.003197
v 0.140565 0.029505 0.021884
v 0.141675 0.029309 0.003367
v 0.143702 0.024980 0.021990
v 0.144816 0.024712 0.003494
v 0.144766 0.020157 0.022075
v 0.145871 0.019805 0.003595
v 0.143701 0.015335 0.021952
v 0.144815 0.014904 0.003429
v 0.140565 0.010819 0.021805
v 0.141674 0.010316 0.003230
v 0.135527 0.006894 0.021623
v 0.136603 0.006345 0.002982
v 0.098339 0.002484 -0.035670
v 0.097930 0.002580 -0.053652
v 0.106164 0.000604 -0.053317
v 0.106440 0.000428 -0.035299
v 0.114985 -0.000135 -0.052955
v 0.115085 -0.000336 -0.034890
v 0.123817 0.000484 -0.052530
v 0.123707 0.000311 -0.034438
v 0.132076 0.002357 -0.052158
v 0.131742 0.002271 -0.034036
v 0.091318 0.005650 -0.036001
v 0.090841 0.005712 -0.053970
v 0.085888 0.009708 -0.036272
v 0.085407 0.009793 -0.054240
v 0.082492 0.014424 -0.036413
v 0.082013 0.014503 -0.054330
v 0.081286 0.019519 -0.036375
v 0.080834 0.019540 -0.054276
v 0.082473 0.024619 -0.036329
v 0.082033 0.024577 -0.054237
v 0.085890 0.029364 -0.036063
v 0.085424 0.029290 -0.053990
v 0.091340 0.033457 -0.035720
v 0.090847 0.033361 -0.053658
v 0.098355 0.036648 -0.035298
v 0.097920 0.036509 -0.053257
v 0.106452 0.038721 -0.034829
v 0.106144 0.038512 -0.052818
v 0.115089 0.039311 -0.034394
v 0.114976 0.039112 -0.052412
v 0.123702 0.038571 -0.033979
v 0.123819 0.038399 -0.052031
v 0.131739 0.036461 -0.033595
v 0.132078 0.036363 -0.051690
v 0.138662 0.033249 -0.033347
v 0.139196 0.033190 -0.051487
v 0.143969 0.029139 -0.033186
v 0.144643 0.029095 -0.051360
v 0.147266 0.024382 -0.033064
v 0.148023 0.024365 -0.051259
v 0.148379 0.019283 -0.032973
v 0.149163 0.019318 -0.051188
v 0.147264 0.014192 -0.033169
v 0.148022 0.014275 -0.051376
v 0.143966 0.009461 -0.033405
v 0.144641 0.009557 -0.051605
v 0.138661 0.005403 -0.033683
v 0.139193 0.005483 -0.051856
v 0.097878 0.005294 -0.088771
v 0.097867 0.006293 -0.106218
v 0.091322 0.007948 -0.089147
v 0.091478 0.008465 -0.106597
v 0.086556 0.011951 -0.089484
v 0.087010 0.012323 -0.106957
v 0.083526 0.016088 -0.089323
v 0.084252 0.016389 -0.106665
v 0.082931 0.019769 -0.089201
v 0.083949 0.019830 -0.106522
v 0.083861 0.023438 -0.089257
v 0.084829 0.023262 -0.106627
v 0.086446 0.027379 -0.089181
v 0.087197 0.027083 -0.106653
v 0.090870 0.031116 -0.088977
v 0.091158 0.030718 -0.106536
v 0.097529 0.034031 -0.088714
v 0.097440 0.033481 -0.106375
v 0.105522 0.035648 -0.088436
v 0.105239 0.034868 -0.106213
v 0.114335 0.036154 -0.088185
v 0.114127 0.035295 -0.106070
v 0.123305 0.035553 -0.087980
v 0.123256 0.034751 -0.105969
v 0.131603 0.033953 -0.087857
v 0.131653 0.033419 -0.105952
v 0.138659 0.031099 -0.087873
v 0.138760 0.030770 -0.106064
v 0.143855 0.027386 -0.087894
v 0.143952 0.027175 -0.106146
v 0.146820 0.023448 -0.087875
v 0.146860 0.023364 -0.106158
v 0.147729 0.019651 -0.087861
v 0.147732 0.019779 -0.106167
v 0.146827 0.015846 -0.087950
v 0.146870 0.016187 -0.106200
v 0.143865 0.011884 -0.088054
v 0.143967 0.012349 -0.106237
v 0.138613 0.008064 -0.088063
v 0.138705 0.008698 -0.106121
v 0.105712 0.005771 -0.105954
v 0.105806 0.004088 -0.088468
v 0.114293 0.005527 -0.105822
v 0.114436 0.003620 -0.088250
v 0.123099 0.005765 -0.105740
v 0.123200 0.004030 -0.088041
v 0.131536 0.006278 -0.105823
v 0.131511 0.005186 -0.087967
v -0.047408 0.024519 0.045335
v -0.048466 0.028904 0.045837
v -0.049585 0.031755 0.047501
v -0.051388 0.034620 0.050910
v -0.049082 0.012035 0.056795
v -0.047930 0.014188 0.052345
v -0.058224 0.022964 0.076838
v -0.057157 0.018540 0.076331
v -0.058298 0.030331 0.073433
v -0.058468 0.026277 0.076048
v -0.055925 0.015688 0.074791
v -0.054089 0.012825 0.071361
v -0.052336 0.011314 0.066956
v -0.050670 0.011004 0.062133
v -0.053217 0.036118 0.054994
v -0.054967 0.036467 0.059738
v -0.056560 0.035464 0.065074
v -0.057650 0.033370 0.069614
v -0.046793 0.018825 0.046915
v -0.074866 0.023211 0.001068
v -0.075899 0.027588 0.001604
v -0.077957 0.030386 0.001743
v -0.081881 0.033144 0.001716
v -0.085523 0.010331 -0.002005
v -0.081090 0.012634 -0.001145
v -0.107751 0.020611 -0.003235
v -0.106710 0.016205 -0.003774
v -0.104952 0.028084 -0.001957
v -0.107246 0.023941 -0.002803
v -0.104720 0.013402 -0.004062
v -0.100776 0.010644 -0.004050
v -0.096028 0.009274 -0.003589
v -0.090971 0.009122 -0.002918
v -0.086382 0.034510 0.001469
v -0.091408 0.034702 0.000907
v -0.096858 0.033514 -0.000003
v -0.101339 0.031259 -0.000962
v -0.075853 0.017454 0.000058
v 0.089518 0.059378 0.051211
v 0.088662 0.060837 0.053938
v 0.088213 0.064013 0.053985
v 0.088620 0.065731 0.051306
v 0.089476 0.064272 0.048580
v 0.089925 0.061096 0.048532
v 0.089730 0.057878 0.051189
v 0.088470 0.060026 0.055203
v 0.087809 0.064702 0.055272
v 0.088408 0.067231 0.051328
v 0.089668 0.065083 0.047315
v 0.090330 0.060407 0.047245
v 0.123423 0.065970 0.059451
v 0.122907 0.066493 0.061298
v 0.122714 0.067858 0.061318
v 0.123057 0.068558 0.059489
v 0.123576 0.068009 0.057642
v 0.123762 0.066695 0.057623
v 0.128456 0.065936 0.059320
v 0.126308 0.066534 0.062059
v 0.125996 0.068740 0.062092
v 0.127883 0.069989 0.059380
v 0.130031 0.069392 0.056640
v 0.130343 0.067186 0.056607
v 0.132555 0.067392 0.061653
v 0.131465 0.067777 0.063028
v 0.131300 0.068947 0.063046
v 0.132234 0.069659 0.061687
v 0.133324 0.069275 0.060311
v 0.133489 0.068104 0.060294
v 0.152376 0.069127 0.070041
v 0.149132 0.069531 0.073011
v 0.148801 0.071868 0.073046
v 0.151794 0.073243 0.070102
v 0.155045 0.072786 0.067131
v 0.155361 0.070553 0.067098
v 0.150095 0.070004 0.066904
v 0.151496 0.069878 0.068012
v 0.149781 0.070178 0.069972
v 0.149021 0.070281 0.068278
v 0.149591 0.071516 0.069992
v 0.148883 0.071255 0.068292
v 0.151148 0.072336 0.068048
v 0.149833 0.071860 0.066931
v 0.152688 0.071967 0.066168
v 0.150908 0.071578 0.065558
v 0.152865 0.070715 0.066149
v 0.151045 0.070612 0.065543
v 0.189806 0.075782 0.076431
v 0.188675 0.075920 0.077467
v 0.188584 0.076563 0.077477
v 0.189628 0.077040 0.076450
v 0.190761 0.076895 0.075413
v 0.190849 0.076266 0.075404
v 0.191877 0.076093 0.077156
v 0.190747 0.076219 0.078192
v 0.190661 0.076830 0.078201
v 0.191707 0.077294 0.077174
v 0.192836 0.077174 0.076139
v 0.192924 0.076552 0.076129
v 0.192692 0.074655 0.078684
v 0.188356 0.074975 0.082246
v 0.188035 0.077244 0.082280
v 0.192098 0.078856 0.078746
v 0.196434 0.078537 0.075183
v 0.196755 0.076268 0.075149
v 0.236110 0.082252 0.087222
v 0.235693 0.082468 0.087546
v 0.235616 0.083014 0.087554
v 0.235956 0.083347 0.087239
v 0.236373 0.083132 0.086915
v 0.236450 0.082583 0.086907
v 0.236033 0.082799 0.087230
v 0.225716 0.082629 0.084741
v 0.201841 0.079948 0.080136
v 0.213896 0.081472 0.082213
v 0.205053 0.079613 0.077507
v 0.226800 0.082182 0.083887
v 0.215915 0.080972 0.080589
v 0.226977 0.080931 0.083868
v 0.205344 0.077556 0.077476
v 0.216170 0.079172 0.080562
v 0.224975 0.080644 0.085558
v 0.199130 0.076743 0.082712
v 0.212343 0.078667 0.083787
v 0.198879 0.078518 0.082739
v 0.224804 0.081853 0.085576
v 0.212112 0.080302 0.083811
v 0.202362 0.076267 0.080081
v 0.226063 0.080176 0.084704
v 0.214375 0.078084 0.082162
v 0.176073 0.074695 0.068563
v 0.176172 0.074798 0.068837
v 0.176100 0.074507 0.068560
v 0.176224 0.074427 0.068832
v 0.176120 0.074968 0.067812
v 0.176426 0.075327 0.068842
v 0.176217 0.074280 0.067802
v 0.176615 0.073990 0.068822
v 0.189236 0.076887 0.074883
v 0.182673 0.075848 0.070996
v 0.182927 0.076759 0.071487
v 0.189581 0.078193 0.076075
v 0.184636 0.075149 0.069716
v 0.192659 0.075953 0.072822
v 0.192401 0.077772 0.072849
v 0.184458 0.076411 0.069735
v 0.183113 0.075384 0.070500
v 0.190047 0.076228 0.073932
v 0.189381 0.075866 0.074868
v 0.182771 0.075158 0.070986
v 0.189973 0.076752 0.073940
v 0.183062 0.075740 0.070505
v 0.190079 0.074673 0.076022
v 0.183270 0.074339 0.071451
v -0.334425 0.004188 -0.050509
v -0.334048 0.001527 -0.050548
v -0.333542 0.001072 -0.050452
v -0.334398 0.002531 -0.047725
v -0.334766 0.002749 -0.048264
v -0.334847 0.005707 -0.047678
v -0.335142 0.005411 -0.048224
v -0.334440 0.007425 -0.050357
v -0.334801 0.006850 -0.050469
v -0.333584 0.005966 -0.053083
v -0.334084 0.005628 -0.052754
v -0.333135 0.002790 -0.053131
v -0.333707 0.002966 -0.052793
v -0.219364 0.019912 -0.020009
v -0.303179 0.008361 -0.040150
v -0.289164 0.010114 -0.024824
v -0.296319 0.009128 -0.026543
v -0.242679 0.016618 -0.020189
v -0.252651 0.015219 -0.020900
v -0.291154 0.009912 -0.030152
v -0.291995 0.009821 -0.032040
v -0.218119 0.020168 -0.025338
v -0.301934 0.008616 -0.045479
v -0.282627 0.011455 -0.052798
v -0.289782 0.010469 -0.054517
v -0.239034 0.017366 -0.035786
v -0.248260 0.016119 -0.039689
v -0.286762 0.010813 -0.048942
v -0.288350 0.010569 -0.047637
v -0.218333 0.017174 -0.022729
v -0.302148 0.005622 -0.042870
v -0.283858 -0.003606 -0.039038
v -0.291013 -0.004592 -0.040758
v -0.239709 0.008900 -0.028121
v -0.249078 0.005952 -0.030452
v -0.287581 0.000646 -0.039705
v -0.289025 0.002104 -0.039972
v -0.219198 0.023294 -0.022638
v -0.303013 0.011742 -0.042779
v -0.287982 0.025563 -0.038604
v -0.295137 0.024577 -0.040323
v -0.242052 0.025471 -0.027875
v -0.251881 0.025773 -0.030157
v -0.290384 0.020467 -0.039410
v -0.291368 0.018675 -0.039726
v -0.219335 0.019709 -0.020012
v -0.242650 0.016415 -0.020192
v -0.291966 0.009619 -0.032043
v -0.303150 0.008158 -0.040153
v -0.252622 0.015016 -0.020903
v -0.291125 0.009709 -0.030155
v -0.289136 0.009911 -0.024827
v -0.296291 0.008925 -0.026546
v -0.218147 0.020370 -0.025335
v -0.239062 0.017569 -0.035783
v -0.288379 0.010772 -0.047634
v -0.301962 0.008819 -0.045476
v -0.248289 0.016322 -0.039686
v -0.286791 0.011016 -0.048939
v -0.282656 0.011658 -0.052795
v -0.289810 0.010672 -0.054514
v -0.218286 0.017183 -0.022929
v -0.239662 0.008910 -0.028321
v -0.288978 0.002113 -0.040171
v -0.302101 0.005632 -0.043070
v -0.249032 0.005962 -0.030652
v -0.287534 0.000655 -0.039904
v -0.283811 -0.003597 -0.039238
v -0.290966 -0.004583 -0.040957
v -0.219245 0.023284 -0.022439
v -0.242098 0.025462 -0.027675
v -0.291415 0.018665 -0.039526
v -0.303060 0.011733 -0.042580
v -0.251928 0.025764 -0.029958
v -0.290430 0.020457 -0.039210
v -0.288029 0.025554 -0.038405
v -0.295184 0.024567 -0.040124
vt 0.662729 0.405780
vt 0.645419 0.420509
vt 0.626747 0.394015
vt 0.643495 0.376180
vt 0.362558 0.273721
vt 0.365515 0.271528
vt 0.375312 0.284555
vt 0.372161 0.286900
vt 0.727918 0.542477
vt 0.678541 0.577218
vt 0.656403 0.547807
vt 0.707616 0.511670
vt 0.395508 0.354585
vt 0.409494 0.337403
vt 0.413118 0.342234
vt 0.401259 0.361157
vt 0.819330 0.754399
vt 0.846423 0.735548
vt 0.867804 0.742934
vt 0.817664 0.777301
vt 0.551690 0.523509
vt 0.549497 0.525138
vt 0.531943 0.501565
vt 0.534240 0.499859
vt 0.475910 0.426378
vt 0.463336 0.438460
vt 0.445162 0.415783
vt 0.457659 0.401918
vt 0.826136 0.701422
vt 0.830437 0.700471
vt 0.848765 0.734279
vt 0.515971 0.475089
vt 0.528365 0.466185
vt 0.545324 0.491008
vt 0.717396 0.640369
vt 0.721941 0.630916
vt 0.743930 0.662165
vt 0.740821 0.669775
vt 0.569936 0.548237
vt 0.567849 0.549787
vt 0.441482 0.374033
vt 0.460089 0.366791
vt 0.477377 0.391901
vt 0.460473 0.399833
vt 0.426189 0.228855
vt 0.478640 0.190480
vt 0.486714 0.199651
vt 0.432456 0.239279
vt 0.344715 0.189841
vt 0.342455 0.191188
vt 0.334997 0.184779
vt 0.337012 0.183202
vt 0.331439 0.226251
vt 0.346645 0.219853
vt 0.352264 0.227696
vt 0.336801 0.233465
vt 0.308364 0.252770
vt 0.314176 0.260774
vt 0.312632 0.262881
vt 0.306744 0.254811
vt 0.582169 0.601963
vt 0.579389 0.602704
vt 0.560869 0.579148
vt 0.563455 0.578321
vt 0.528680 0.538136
vt 0.538231 0.532175
vt 0.556985 0.555798
vt 0.548013 0.560736
vt 0.561700 0.514777
vt 0.578848 0.539591
vt 0.338582 0.272788
vt 0.350504 0.257141
vt 0.349159 0.290035
vt 0.438509 0.376240
vt 0.557006 0.481550
vt 0.554793 0.483432
vt 0.538997 0.458549
vt 0.541384 0.456843
vt 0.640795 0.644389
vt 0.646997 0.637979
vt 0.665722 0.665139
vt 0.660199 0.670742
vt 0.607969 0.367392
vt 0.623654 0.346366
vt 0.928098 0.884841
vt 0.928098 0.884841
vt 0.928098 0.884841
vt 0.928098 0.884841
vt 0.371629 0.248335
vt 0.353184 0.255157
vt 0.592000 0.558959
vt 0.583868 0.567131
vt 0.513557 0.476878
vt 0.501433 0.486152
vt 0.482137 0.461954
vt 0.494514 0.451335
vt 0.460452 0.323662
vt 0.484655 0.311522
vt 0.498619 0.331310
vt 0.478515 0.346989
vt 0.437269 0.288818
vt 0.464661 0.283530
vt 0.473388 0.295507
vt 0.446962 0.303995
vt 0.500761 0.174535
vt 0.518049 0.201639
vt 0.506433 0.226925
vt 0.493106 0.166312
vt 0.313399 0.205935
vt 0.302094 0.216759
vt 0.298890 0.210363
vt 0.310162 0.201116
vt 0.493797 0.415878
vt 0.478584 0.424399
vt 0.369099 0.320044
vt 0.385231 0.304681
vt 0.402244 0.327741
vt 0.384006 0.341440
vt 0.631299 0.649616
vt 0.639243 0.645545
vt 0.658821 0.671773
vt 0.651844 0.675429
vt 0.553111 0.406609
vt 0.528230 0.414660
vt 0.501999 0.379884
vt 0.529884 0.374580
vt 0.571689 0.574014
vt 0.476332 0.360394
vt 0.456453 0.328851
vt 0.459495 0.328417
vt 0.479245 0.359629
vt 0.539497 0.271964
vt 0.553906 0.291540
vt 0.625348 0.653304
vt 0.646938 0.678974
vt 0.643777 0.679352
vt 0.622314 0.653803
vt 0.507016 0.408417
vt 0.492064 0.384939
vt 0.791802 0.727328
vt 0.794197 0.723654
vt 0.817292 0.756104
vt 0.522764 0.433054
vt 0.525312 0.431535
vt 0.686669 0.480469
vt 0.702953 0.471724
vt 0.722696 0.505453
vt 0.494171 0.368919
vt 0.519463 0.360156
vt 0.785560 0.633169
vt 0.763745 0.601701
vt 0.426167 0.391940
vt 0.383465 0.369260
vt 0.390924 0.377432
vt 0.389624 0.380217
vt 0.381853 0.371666
vt 0.591096 0.459152
vt 0.572177 0.432930
vt 0.571580 0.470660
vt 0.549946 0.442952
vt 0.354697 0.332839
vt 0.368547 0.352917
vt 0.491036 0.494106
vt 0.471357 0.471168
vt 0.415323 0.405622
vt 0.581872 0.568611
vt 0.388510 0.302242
vt 0.405620 0.325214
vt 0.510250 0.516452
vt 0.507807 0.518023
vt 0.488711 0.495895
vt 0.620402 0.530143
vt 0.634020 0.517723
vt 0.645523 0.559902
vt 0.590208 0.597990
vt 0.308695 0.199047
vt 0.297470 0.208059
vt 0.237689 0.127025
vt 0.249145 0.118655
vt 0.452326 0.266254
vt 0.519094 0.244082
vt 0.574667 0.320537
vt 0.585048 0.335035
vt 0.526133 0.539476
vt 0.928010 0.884830
vt 0.927979 0.884789
vt 0.928074 0.884817
vt 0.928062 0.884845
vt 0.460678 0.133604
vt 0.436693 0.156345
vt 0.351291 0.043213
vt 0.377992 0.023213
vt 0.315129 0.204661
vt 0.311505 0.200113
vt 0.433261 0.326593
vt 0.450803 0.319339
vt 0.437877 0.334007
vt 0.494852 0.383895
vt 0.309965 0.198097
vt 0.250563 0.117610
vt 0.469164 0.473164
vt 0.450340 0.451113
vt 0.452356 0.448942
vt 0.682609 0.437819
vt 0.665507 0.449462
vt 0.497059 0.449451
vt 0.510816 0.440692
vt 0.416322 0.339854
vt 0.599025 0.310240
vt 0.598518 0.552332
vt 0.586183 0.532442
vt 0.404544 0.254623
vt 0.414325 0.265201
vt 0.411858 0.266314
vt 0.402012 0.255555
vt 0.432425 0.430176
vt 0.434233 0.427812
vt 0.324507 0.248210
vt 0.326895 0.286637
vt 0.670462 0.661269
vt 0.671737 0.658623
vt 0.697253 0.668272
vt 0.694273 0.673646
vt 0.587949 0.530282
vt 0.570181 0.507372
vt 0.572204 0.505324
vt 0.318599 0.213376
vt 0.306961 0.225175
vt 0.611806 0.487564
vt 0.595228 0.499839
vt 0.520252 0.509596
vt 0.839395 0.802283
vt 0.883351 0.772210
vt 0.891125 0.786848
vt 0.850261 0.814774
vt 0.292472 0.228109
vt 0.290520 0.229876
vt 0.286431 0.220562
vt 0.288530 0.219100
vt 0.426696 0.279893
vt 0.441729 0.298655
vt 0.439502 0.300316
vt 0.424327 0.281236
vt 0.748640 0.575110
vt 0.702183 0.607714
vt 0.609546 0.583661
vt 0.601987 0.591683
vt 0.675373 0.689815
vt 0.672705 0.691791
vt 0.660545 0.698955
vt 0.652188 0.705464
vt 0.653562 0.630643
vt 0.652209 0.633216
vt 0.591093 0.299288
vt 0.670255 0.588674
vt 0.774215 0.600672
vt 0.760452 0.573383
vt 0.412754 0.334974
vt 0.407903 0.291284
vt 0.395009 0.275168
vt 0.320714 0.211821
vt 0.296739 0.236763
vt 0.325366 0.288847
vt 0.385023 0.263479
vt 0.696554 0.618199
vt 0.424031 0.311763
vt 0.334554 0.235113
vt 0.558737 0.252724
vt 0.575231 0.277384
vt 0.318659 0.240532
vt 0.329236 0.227867
vt 0.287067 0.216511
vt 0.284955 0.217947
vt 0.225357 0.136007
vt 0.227400 0.134521
vt 0.532700 0.219538
vt 0.544204 0.233597
vt 0.527786 0.256171
vt 0.332955 0.182618
vt 0.321858 0.190077
vt 0.261933 0.109086
vt 0.272342 0.101301
vt 0.453573 0.318496
vt 0.369759 0.220647
vt 0.390833 0.240400
vt 0.388276 0.241215
vt 0.367294 0.221504
vt 0.600062 0.550098
vt 0.357431 0.303006
vt 0.404468 0.245001
vt 0.424851 0.269524
vt 0.741532 0.538532
vt 0.685708 0.680193
vt 0.336611 0.303984
vt 0.344041 0.316553
vt 0.509679 0.407119
vt 0.413744 0.408186
vt 0.366310 0.354565
vt 0.352722 0.334717
vt 0.342256 0.318591
vt 0.334978 0.306137
vt 0.545433 0.561797
vt 0.600089 0.593090
vt 0.617212 0.574685
vt 0.615704 0.577111
vt 0.793782 0.632856
vt 0.351814 0.196670
vt 0.349471 0.197803
vt 0.363777 0.212654
vt 0.361353 0.213603
vt 0.406072 0.178862
vt 0.322644 0.064877
vt 0.409739 0.196306
vt 0.383744 0.207140
vt 0.379362 0.198114
vt 0.407575 0.182623
vt 0.328800 0.197047
vt 0.335406 0.204168
vt 0.377534 0.195148
vt 0.295910 0.084620
vt 0.323641 0.192112
vt 0.334949 0.181022
vt 0.274310 0.099832
vt 0.139413 0.199518
vt 0.175858 0.249111
vt 0.167254 0.256335
vt 0.130057 0.206432
vt 0.191320 0.166364
vt 0.234947 0.244089
vt 0.225215 0.243063
vt 0.183109 0.171054
vt 0.239296 0.268322
vt 0.245509 0.247094
vt 0.256101 0.248502
vt 0.255756 0.267197
vt 0.142076 0.321872
vt 0.162522 0.324115
vt 0.153803 0.338684
vt 0.139465 0.331331
vt 0.136016 0.337975
vt 0.061376 0.265388
vt 0.067433 0.259370
vt 0.138264 0.329783
vt 0.188225 0.242666
vt 0.152013 0.190592
vt 0.131031 0.348626
vt 0.053650 0.273174
vt 0.155119 0.272160
vt 0.113880 0.218746
vt 0.122640 0.211992
vt 0.161029 0.263174
vt 0.075023 0.252088
vt 0.140754 0.320799
vt 0.203742 0.241541
vt 0.165526 0.181714
vt 0.173829 0.176572
vt 0.213986 0.241921
vt 0.150884 0.281752
vt 0.105710 0.225259
vt 0.265099 0.248422
vt 0.255079 0.246580
vt 0.209294 0.156687
vt 0.216953 0.152782
vt 0.189568 0.245309
vt 0.204447 0.244073
vt 0.201482 0.265224
vt 0.192709 0.263621
vt 0.264439 0.250421
vt 0.260043 0.273113
vt 0.235962 0.246009
vt 0.237501 0.268696
vt 0.178290 0.251519
vt 0.192465 0.263880
vt 0.153004 0.283365
vt 0.157209 0.274406
vt 0.175205 0.287431
vt 0.174923 0.288838
vt 0.146839 0.303727
vt 0.149633 0.293312
vt 0.171033 0.303857
vt 0.169108 0.308332
vt 0.089660 0.238786
vt 0.145222 0.302351
vt 0.142947 0.311606
vt 0.082461 0.245210
vt 0.398982 0.235313
vt 0.294968 0.238671
vt 0.477796 0.149865
vt 0.462494 0.172138
vt 0.452442 0.164890
vt 0.470512 0.143089
vt 0.439879 0.158874
vt 0.463015 0.136225
vt 0.413655 0.208008
vt 0.185648 0.272407
vt 0.169491 0.259493
vt 0.153090 0.355652
vt 0.132908 0.349198
vt 0.137595 0.338479
vt 0.156615 0.344512
vt 0.200106 0.161536
vt 0.244915 0.245292
vt 0.221359 0.268058
vt 0.225895 0.245120
vt 0.098022 0.231603
vt 0.147856 0.291520
vt 0.163067 0.323471
vt 0.144274 0.313201
vt 0.163474 0.265282
vt 0.179426 0.273092
vt 0.215011 0.244221
vt 0.216521 0.267399
vt 0.177074 0.250315
vt 0.168372 0.257914
vt 0.162252 0.264228
vt 0.156164 0.273283
vt 0.214499 0.243071
vt 0.204095 0.242807
vt 0.136806 0.338227
vt 0.131970 0.348912
vt 0.141415 0.321336
vt 0.138865 0.330557
vt 0.255590 0.247541
vt 0.245212 0.246193
vt 0.235455 0.245049
vt 0.225555 0.244092
vt 0.151944 0.282559
vt 0.148745 0.292416
vt 0.146030 0.303039
vt 0.143610 0.312404
vt 0.264769 0.249421
vt 0.188897 0.243987
vt 0.740511 0.758210
vt 0.731563 0.765985
vt 0.725226 0.757439
vt 0.734170 0.749387
vt 0.970649 0.936127
vt 0.971680 0.935799
vt 0.973526 0.941660
vt 0.972342 0.940667
vt 0.673822 0.732284
vt 0.682123 0.726564
vt 0.692912 0.740368
vt 0.684639 0.745694
vt 0.747789 0.752342
vt 0.741471 0.743335
vt 0.388010 0.215937
vt 0.713794 0.702138
vt 0.717018 0.696547
vt 0.726901 0.710684
vt 0.723555 0.716384
vt 0.864953 0.957840
vt 0.865113 0.944365
vt 0.879962 0.962586
vt 0.876471 0.967330
vt 0.693841 0.719913
vt 0.704409 0.733975
vt 0.872122 0.739717
vt 0.813066 0.780073
vt 0.645660 0.706682
vt 0.883502 0.910564
vt 0.879928 0.910477
vt 0.876876 0.903790
vt 0.880453 0.903697
vt 0.833067 0.900898
vt 0.830727 0.902585
vt 0.823711 0.894613
vt 0.826891 0.891977
vt 0.945669 0.930112
vt 0.943800 0.929890
vt 0.942096 0.926994
vt 0.943978 0.927216
vt 0.914278 0.821460
vt 0.908945 0.822211
vt 0.904815 0.813895
vt 0.910505 0.813330
vt 0.876760 0.844080
vt 0.874151 0.848787
vt 0.867985 0.842346
vt 0.870540 0.837229
vt 0.866341 0.943356
vt 0.881042 0.961684
vt 0.901947 0.795700
vt 0.895688 0.795864
vt 0.897668 0.786885
vt 0.729527 0.725368
vt 0.722133 0.731883
vt 0.716114 0.723132
vt 0.962780 0.920075
vt 0.960982 0.917042
vt 0.712855 0.740676
vt 0.706670 0.732295
vt 0.691520 0.753993
vt 0.684677 0.755756
vt 0.677572 0.747253
vt 0.894629 0.863538
vt 0.892066 0.867075
vt 0.886481 0.861669
vt 0.889200 0.857782
vt 0.877781 0.967812
vt 0.880841 0.963471
vt 0.881767 0.962702
vt 0.886779 0.960380
vt 0.954057 0.945099
vt 0.954912 0.944532
vt 0.957656 0.948261
vt 0.957709 0.949518
vt 0.712090 0.779209
vt 0.705886 0.781609
vt 0.698886 0.772762
vt 0.705282 0.770591
vt 0.943061 0.925530
vt 0.959803 0.915332
vt 0.838584 0.856954
vt 0.834861 0.859261
vt 0.825814 0.852073
vt 0.829709 0.849418
vt 0.857021 0.822259
vt 0.854650 0.828071
vt 0.847983 0.820934
vt 0.860183 0.908584
vt 0.838273 0.907728
vt 0.834736 0.903208
vt 0.856688 0.901938
vt 0.826826 0.864676
vt 0.812842 0.874259
vt 0.805817 0.865399
vt 0.816669 0.858314
vt 0.785105 0.837809
vt 0.794243 0.831154
vt 0.759842 0.784886
vt 0.750817 0.791912
vt 0.744237 0.783078
vt 0.753195 0.775856
vt 0.780171 0.812348
vt 0.771020 0.818990
vt 0.763977 0.809580
vt 0.773135 0.802945
vt 0.833901 0.902053
vt 0.855280 0.899721
vt 0.810396 0.876192
vt 0.803738 0.866982
vt 0.769045 0.820461
vt 0.762019 0.811037
vt 0.729528 0.767497
vt 0.723158 0.758974
vt 0.853873 0.897505
vt 0.847139 0.877399
vt 0.787105 0.807384
vt 0.780344 0.797827
vt 0.800627 0.826497
vt 0.941166 0.925436
vt 0.820600 0.943346
vt 0.824654 0.925756
vt 0.826543 0.927710
vt 0.823696 0.946163
vt 0.944681 0.893416
vt 0.930064 0.902983
vt 0.927854 0.898511
vt 0.941409 0.889526
vt 0.920553 0.846068
vt 0.917203 0.838845
vt 0.822765 0.923802
vt 0.808399 0.905651
vt 0.739536 0.800009
vt 0.732555 0.805418
vt 0.725707 0.796446
vt 0.732787 0.791056
vt 0.760060 0.827335
vt 0.753475 0.832568
vt 0.746251 0.823362
vt 0.753034 0.817914
vt 0.831718 0.903654
vt 0.832710 0.904724
vt 0.874863 0.900245
vt 0.878336 0.899840
vt 0.929074 0.866619
vt 0.910564 0.878911
vt 0.905488 0.875049
vt 0.927252 0.860513
vt 0.942143 0.923845
vt 0.940236 0.923877
vt 0.932355 0.912207
vt 0.934483 0.911928
vt 0.798680 0.885482
vt 0.789987 0.893269
vt 0.785607 0.882343
vt 0.793820 0.875397
vt 0.719514 0.773836
vt 0.712878 0.765226
vt 0.767923 0.850979
vt 0.774110 0.846176
vt 0.819315 0.947037
vt 0.822760 0.950013
vt 0.846725 0.918639
vt 0.845143 0.919917
vt 0.840021 0.913689
vt 0.841810 0.912248
vt 0.783096 0.839310
vt 0.748852 0.793373
vt 0.742268 0.784541
vt 0.710658 0.742308
vt 0.767064 0.779512
vt 0.760424 0.770355
vt 0.960621 0.913490
vt 0.961697 0.915133
vt 0.867508 0.923852
vt 0.863679 0.915229
vt 0.924786 0.844959
vt 0.921822 0.837722
vt 0.932110 0.865467
vt 0.930716 0.859433
vt 0.942582 0.887895
vt 0.932718 0.878831
vt 0.934899 0.877536
vt 0.945860 0.891706
vt 0.817503 0.940530
vt 0.815871 0.944061
vt 0.795958 0.918314
vt 0.798747 0.915119
vt 0.959546 0.911846
vt 0.958624 0.913622
vt 0.951225 0.901197
vt 0.952416 0.899327
vt 0.845697 0.942859
vt 0.837959 0.937368
vt 0.872851 0.896700
vt 0.852955 0.873638
vt 0.863203 0.967277
vt 0.873883 0.970590
vt 0.889528 0.946259
vt 0.892207 0.946482
vt 0.893287 0.956926
vt 0.890834 0.957145
vt 0.696238 0.718135
vt 0.705979 0.708819
vt 0.889152 0.771163
vt 0.844110 0.959522
vt 0.835696 0.955081
vt 0.878882 0.945798
vt 0.886428 0.959122
vt 0.862976 0.970302
vt 0.873309 0.973414
vt 0.666935 0.733729
vt 0.875002 0.971187
vt 0.891163 0.958293
vt 0.892856 0.958212
vt 0.874672 0.973243
vt 0.875491 0.970830
vt 0.878037 0.967682
vt 0.886889 0.960461
vt 0.891108 0.958587
vt 0.972471 0.941641
vt 0.973257 0.942348
vt 0.958432 0.949671
vt 0.958359 0.948815
vt 0.771294 0.775486
vt 0.764549 0.766082
vt 0.732988 0.719915
vt 0.963524 0.918216
vt 0.928070 0.903400
vt 0.925927 0.898997
vt 0.908405 0.881342
vt 0.903237 0.877889
vt 0.918740 0.888247
vt 0.920718 0.886636
vt 0.885601 0.926268
vt 0.882980 0.917165
vt 0.843920 0.963061
vt 0.835198 0.958930
vt 0.726969 0.808455
vt 0.719886 0.799303
vt 0.748592 0.835970
vt 0.741134 0.826761
vt 0.781502 0.885618
vt 0.763509 0.854388
vt 0.786321 0.896517
vt 0.829696 0.950622
vt 0.828979 0.954472
vt 0.836365 0.909206
vt 0.836344 0.807313
vt 0.699568 0.748654
vt 0.876219 0.895983
vt 0.856335 0.872027
vt 0.832251 0.932539
vt 0.966766 0.927347
vt 0.949765 0.936906
vt 0.947361 0.933008
vt 0.964577 0.923107
vt 0.928098 0.884841
vt 0.928098 0.884841
vt 0.947954 0.936733
vt 0.945503 0.932786
vt 0.804779 0.823611
vt 0.751623 0.747612
vt 0.745161 0.738378
vt 0.888840 0.926735
vt 0.886552 0.917432
vt 0.967593 0.925618
vt 0.965352 0.921299
vt 0.791450 0.804066
vt 0.784785 0.794294
vt 0.928098 0.884841
vt 0.928098 0.884841
vt 0.928098 0.884842
vt 0.928098 0.884842
vt 0.928098 0.884841
vt 0.928098 0.884842
vt 0.928098 0.884842
vt 0.928098 0.884841
vt 0.928098 0.884842
vt 0.928098 0.884841
vt 0.928098 0.884841
vt 0.928098 0.884841
vt 0.928098 0.884841
vt 0.928098 0.884841
vt 0.928098 0.884841
vt 0.928098 0.884841
vt 0.928085 0.884844
vt 0.928084 0.884843
vt 0.928094 0.884842
vt 0.928094 0.884841
vt 0.928039 0.884874
vt 0.928068 0.884849
vt 0.929589 0.882954
vt 0.930508 0.884064
vt 0.928274 0.884276
vt 0.928363 0.884701
vt 0.928098 0.884841
vt 0.928098 0.884842
vt 0.928024 0.884891
vt 0.928060 0.884931
vt 0.928088 0.884863
vt 0.928084 0.884853
vt 0.928098 0.884841
vt 0.928098 0.884841
vt 0.928097 0.884841
vt 0.928097 0.884842
vt 0.928109 0.884849
vt 0.928029 0.884625
vt 0.927906 0.884799
vt 0.927981 0.884923
vt 0.928098 0.884841
vt 0.928098 0.884841
vt 0.928093 0.884845
vt 0.928094 0.884850
vt 0.928097 0.884843
vt 0.928097 0.884842
vt 0.927630 0.885129
vt 0.927808 0.885290
vt 0.928004 0.885067
vt 0.927904 0.884967
vt 0.932743 0.883851
vt 0.940663 0.889716
vt 0.928814 0.897506
vt 0.926239 0.888737
vt 0.930816 0.881207
vt 0.925214 0.888236
vt 0.928404 0.898036
vt 0.923644 0.885719
vt 0.925530 0.885727
vt 0.927416 0.885734
vt 0.928098 0.884841
vt 0.926148 0.886846
vt 0.927082 0.885455
vt 0.927476 0.884829
vt 0.927789 0.884731
vt 0.926544 0.886880
vt 0.926850 0.885023
vt 0.928098 0.884841
vt 0.928098 0.884841
vt 0.928098 0.884841
vt 0.928098 0.884841
vt 0.928098 0.884841
vt 0.928098 0.884841
vt 0.928098 0.884841
vt 0.928098 0.884841
vt 0.928098 0.884841
vt 0.259514 0.624873
vt 0.013993 0.292628
vt 0.019757 0.288297
vt 0.265279 0.620542
vt 0.282572 0.607548
vt 0.037051 0.275304
vt 0.042815 0.270973
vt 0.288337 0.603217
vt 0.271043 0.616210
vt 0.025522 0.283966
vt 0.031286 0.279635
vt 0.276808 0.611879
vt 0.048580 0.266642
vt 0.294101 0.598886
vt 0.475910 0.426378
vt 0.457659 0.401918
vt 0.445162 0.415783
vt 0.463336 0.438460
vt 0.551690 0.523509
vt 0.534240 0.499859
vt 0.531943 0.501565
vt 0.549497 0.525138
vt 0.826136 0.701422
vt 0.846423 0.735548
vt 0.848765 0.734279
vt 0.830437 0.700471
vt 0.433261 0.326593
vt 0.437877 0.334007
vt 0.456453 0.328851
vt 0.450803 0.319339
vt 0.670462 0.661269
vt 0.694273 0.673646
vt 0.697253 0.668272
vt 0.671737 0.658623
vt 0.519463 0.360156
vt 0.529884 0.374580
vt 0.585048 0.335035
vt 0.574667 0.320537
vt 0.409494 0.337403
vt 0.413118 0.342234
vt 0.416322 0.339854
vt 0.412754 0.334974
vt 0.395508 0.354585
vt 0.401259 0.361157
vt 0.385231 0.304681
vt 0.402244 0.327741
vt 0.405620 0.325214
vt 0.388510 0.302242
vt 0.314176 0.260774
vt 0.312632 0.262881
vt 0.325366 0.288847
vt 0.326895 0.286637
vt 0.484655 0.311522
vt 0.498619 0.331310
vt 0.553906 0.291540
vt 0.539497 0.271964
vt 0.324507 0.248210
vt 0.338582 0.272788
vt 0.350504 0.257141
vt 0.334554 0.235113
vt 0.313399 0.205935
vt 0.310162 0.201116
vt 0.298890 0.210363
vt 0.302094 0.216759
vt 0.287067 0.216511
vt 0.284955 0.217947
vt 0.478640 0.190480
vt 0.486714 0.199651
vt 0.500761 0.174535
vt 0.493106 0.166312
vt 0.318659 0.240532
vt 0.329236 0.227867
vt 0.506433 0.226925
vt 0.518049 0.201639
vt 0.575231 0.277384
vt 0.558737 0.252724
vt 0.362558 0.273721
vt 0.372161 0.286900
vt 0.375312 0.284555
vt 0.365515 0.271528
vt 0.437269 0.288818
vt 0.446962 0.303995
vt 0.473388 0.295507
vt 0.464661 0.283530
vt 0.353184 0.255157
vt 0.336801 0.233465
vt 0.369099 0.320044
vt 0.384006 0.341440
vt 0.407903 0.291284
vt 0.424031 0.311763
vt 0.439502 0.300316
vt 0.424327 0.281236
vt 0.354697 0.332839
vt 0.368547 0.352917
vt 0.538231 0.532175
vt 0.520252 0.509596
vt 0.510250 0.516452
vt 0.528680 0.538136
vt 0.501433 0.486152
vt 0.482137 0.461954
vt 0.471357 0.471168
vt 0.491036 0.494106
vt 0.434233 0.427812
vt 0.452356 0.448942
vt 0.426167 0.391940
vt 0.390924 0.377432
vt 0.415323 0.405622
vt 0.646997 0.637979
vt 0.665722 0.665139
vt 0.652209 0.633216
vt 0.583868 0.567131
vt 0.569936 0.548237
vt 0.567849 0.549787
vt 0.581872 0.568611
vt 0.515971 0.475089
vt 0.497059 0.449451
vt 0.494514 0.451335
vt 0.513557 0.476878
vt 0.478584 0.424399
vt 0.460473 0.399833
vt 0.441482 0.374033
vt 0.438509 0.376240
vt 0.556985 0.555798
vt 0.571689 0.574014
vt 0.794197 0.723654
vt 0.819330 0.754399
vt 0.702953 0.471724
vt 0.682609 0.437819
vt 0.665507 0.449462
vt 0.686669 0.480469
vt 0.662729 0.405780
vt 0.643495 0.376180
vt 0.626747 0.394015
vt 0.645419 0.420509
vt 0.623654 0.346366
vt 0.599025 0.310240
vt 0.607969 0.367392
vt 0.721941 0.630916
vt 0.702183 0.607714
vt 0.696554 0.618199
vt 0.717396 0.640369
vt 0.639243 0.645545
vt 0.658821 0.671773
vt 0.660199 0.670742
vt 0.640795 0.644389
vt 0.561700 0.514777
vt 0.545324 0.491008
vt 0.528365 0.466185
vt 0.510816 0.440692
vt 0.493797 0.415878
vt 0.477377 0.391901
vt 0.460089 0.366791
vt 0.598518 0.552332
vt 0.586183 0.532442
vt 0.578848 0.539591
vt 0.592000 0.558959
vt 0.519094 0.244082
vt 0.527786 0.256171
vt 0.544204 0.233597
vt 0.532700 0.219538
vt 0.625348 0.653304
vt 0.622314 0.653803
vt 0.643777 0.679352
vt 0.646938 0.678974
vt 0.476332 0.360394
vt 0.507016 0.408417
vt 0.492064 0.384939
vt 0.538997 0.458549
vt 0.522764 0.433054
vt 0.651844 0.675429
vt 0.631299 0.649616
vt 0.791802 0.727328
vt 0.817292 0.756104
vt 0.553111 0.406609
vt 0.572177 0.432930
vt 0.591096 0.459152
vt 0.611806 0.487564
vt 0.634020 0.517723
vt 0.727918 0.542477
vt 0.707616 0.511670
vt 0.656403 0.547807
vt 0.678541 0.577218
vt 0.494171 0.368919
vt 0.501999 0.379884
vt 0.395009 0.275168
vt 0.385023 0.263479
vt 0.352264 0.227696
vt 0.371629 0.248335
vt 0.388276 0.241215
vt 0.367294 0.221504
vt 0.741532 0.538532
vt 0.722696 0.505453
vt 0.432456 0.239279
vt 0.452326 0.266254
vt 0.411858 0.266314
vt 0.402012 0.255555
vt 0.383465 0.369260
vt 0.570181 0.507372
vt 0.554793 0.483432
vt 0.928098 0.884841
vt 0.928098 0.884841
vt 0.928098 0.884841
vt 0.928098 0.884841
vt 0.675373 0.689815
vt 0.685708 0.680193
vt 0.308695 0.199047
vt 0.297470 0.208059
vt 0.336611 0.303984
vt 0.344041 0.316553
vt 0.357431 0.303006
vt 0.349159 0.290035
vt 0.774215 0.600672
vt 0.760452 0.573383
vt 0.748640 0.575110
vt 0.763745 0.601701
vt 0.595228 0.499839
vt 0.620402 0.530143
vt 0.528230 0.414660
vt 0.645523 0.559902
vt 0.670255 0.588674
vt 0.548013 0.560736
vt 0.563455 0.578321
vt 0.591093 0.299288
vt 0.321858 0.190077
vt 0.309965 0.198097
vt 0.460452 0.323662
vt 0.478515 0.346989
vt 0.404468 0.245001
vt 0.424851 0.269524
vt 0.549946 0.442952
vt 0.571580 0.470660
vt 0.652188 0.705464
vt 0.660545 0.698955
vt 0.332955 0.182618
vt 0.572204 0.505324
vt 0.557006 0.481550
vt 0.479245 0.359629
vt 0.459495 0.328417
vt 0.509679 0.407119
vt 0.494852 0.383895
vt 0.541384 0.456843
vt 0.525312 0.431535
vt 0.653562 0.630643
vt 0.600062 0.550098
vt 0.587949 0.530282
vt 0.413744 0.408186
vt 0.389624 0.380217
vt 0.450340 0.451113
vt 0.432425 0.430176
vt 0.488711 0.495895
vt 0.469164 0.473164
vt 0.526133 0.539476
vt 0.507807 0.518023
vt 0.426696 0.279893
vt 0.441729 0.298655
vt 0.369759 0.220647
vt 0.390833 0.240400
vt 0.352722 0.334717
vt 0.366310 0.354565
vt 0.404544 0.254623
vt 0.414325 0.265201
vt 0.334978 0.306137
vt 0.342256 0.318591
vt 0.381853 0.371666
vt 0.672705 0.691791
vt 0.453573 0.318496
vt 0.560869 0.579148
vt 0.545433 0.561797
vt 0.609546 0.583661
vt 0.601987 0.591683
vt 0.785560 0.633169
vt 0.743930 0.662165
vt 0.600089 0.593090
vt 0.590208 0.597990
vt 0.615704 0.577111
vt 0.617212 0.574685
vt 0.582169 0.601963
vt 0.579389 0.602704
vt 0.793782 0.632856
vt 0.740821 0.669775
vt 0.426189 0.228855
vt 0.363777 0.212654
vt 0.361353 0.213603
vt 0.331439 0.226251
vt 0.308364 0.252770
vt 0.306744 0.254811
vt 0.346645 0.219853
vt 0.398982 0.235313
vt 0.334949 0.181022
vt 0.315129 0.204661
vt 0.311505 0.200113
vt 0.288530 0.219100
vt 0.292472 0.228109
vt 0.286431 0.220562
vt 0.290520 0.229876
vt 0.406072 0.178862
vt 0.377534 0.195148
vt 0.342455 0.191188
vt 0.334997 0.184779
vt 0.323641 0.192112
vt 0.328800 0.197047
vt 0.436693 0.156345
vt 0.470512 0.143089
vt 0.463015 0.136225
vt 0.439879 0.158874
vt 0.452442 0.164890
vt 0.409739 0.196306
vt 0.407575 0.182623
vt 0.379362 0.198114
vt 0.383744 0.207140
vt 0.344715 0.189841
vt 0.337012 0.183202
vt 0.167254 0.256335
vt 0.175858 0.249111
vt 0.225215 0.243063
vt 0.234947 0.244089
vt 0.239296 0.268322
vt 0.255756 0.267197
vt 0.256101 0.248502
vt 0.245509 0.247094
vt 0.142076 0.321872
vt 0.139465 0.331331
vt 0.153803 0.338684
vt 0.162522 0.324115
vt 0.136016 0.337975
vt 0.138264 0.329783
vt 0.188225 0.242666
vt 0.131031 0.348626
vt 0.155119 0.272160
vt 0.161029 0.263174
vt 0.140754 0.320799
vt 0.203742 0.241541
vt 0.213986 0.241921
vt 0.150884 0.281752
vt 0.265099 0.248422
vt 0.255079 0.246580
vt 0.189568 0.245309
vt 0.192709 0.263621
vt 0.201482 0.265224
vt 0.204447 0.244073
vt 0.260043 0.273113
vt 0.264439 0.250421
vt 0.235962 0.246009
vt 0.237501 0.268696
vt 0.178290 0.251519
vt 0.192465 0.263880
vt 0.153004 0.283365
vt 0.174923 0.288838
vt 0.175205 0.287431
vt 0.157209 0.274406
vt 0.146839 0.303727
vt 0.169108 0.308332
vt 0.171033 0.303857
vt 0.149633 0.293312
vt 0.142947 0.311606
vt 0.145222 0.302351
vt 0.413655 0.208008
vt 0.462494 0.172138
vt 0.306961 0.225175
vt 0.318599 0.213376
vt 0.320714 0.211821
vt 0.335406 0.204168
vt 0.349471 0.197803
vt 0.351814 0.196670
vt 0.294968 0.238671
vt 0.296739 0.236763
vt 0.477796 0.149865
vt 0.388010 0.215937
vt 0.460678 0.133604
vt 0.169491 0.259493
vt 0.185648 0.272407
vt 0.153090 0.355652
vt 0.156615 0.344512
vt 0.137595 0.338479
vt 0.132908 0.349198
vt 0.244915 0.245292
vt 0.221359 0.268058
vt 0.225895 0.245120
vt 0.147856 0.291520
vt 0.163067 0.323471
vt 0.144274 0.313201
vt 0.163474 0.265282
vt 0.179426 0.273092
vt 0.215011 0.244221
vt 0.216521 0.267399
vt 0.177074 0.250315
vt 0.168372 0.257914
vt 0.162252 0.264228
vt 0.156164 0.273283
vt 0.214498 0.243071
vt 0.204095 0.242807
vt 0.136806 0.338227
vt 0.131970 0.348912
vt 0.141415 0.321336
vt 0.138865 0.330557
vt 0.255590 0.247541
vt 0.245212 0.246193
vt 0.235455 0.245049
vt 0.225555 0.244091
vt 0.151944 0.282559
vt 0.148745 0.292416
vt 0.146030 0.303039
vt 0.143610 0.312404
vt 0.264769 0.249421
vt 0.188897 0.243987
vt 0.713794 0.702138
vt 0.723555 0.716384
vt 0.726901 0.710684
vt 0.717018 0.696547
vt 0.839395 0.802283
vt 0.850261 0.814774
vt 0.891125 0.786848
vt 0.883351 0.772210
vt 0.682123 0.726564
vt 0.692912 0.740368
vt 0.704409 0.733975
vt 0.693841 0.719913
vt 0.864953 0.957840
vt 0.876471 0.967330
vt 0.879962 0.962586
vt 0.865113 0.944365
vt 0.817664 0.777301
vt 0.867804 0.742934
vt 0.872122 0.739717
vt 0.813066 0.780073
vt 0.645660 0.706682
vt 0.881042 0.961684
vt 0.866341 0.943356
vt 0.970649 0.936127
vt 0.972342 0.940667
vt 0.973526 0.941660
vt 0.971680 0.935799
vt 0.863203 0.967277
vt 0.873883 0.970590
vt 0.889528 0.946259
vt 0.890834 0.957145
vt 0.893287 0.956926
vt 0.892207 0.946482
vt 0.696238 0.718135
vt 0.706670 0.732295
vt 0.716114 0.723132
vt 0.705979 0.708819
vt 0.897668 0.786885
vt 0.889152 0.771163
vt 0.954057 0.945099
vt 0.957709 0.949518
vt 0.957656 0.948261
vt 0.954912 0.944532
vt 0.836344 0.807313
vt 0.847983 0.820934
vt 0.972471 0.941641
vt 0.958359 0.948815
vt 0.958432 0.949671
vt 0.973257 0.942348
vt 0.875491 0.970830
vt 0.891108 0.958587
vt 0.886889 0.960461
vt 0.878037 0.967682
vt 0.875002 0.971187
vt 0.874672 0.973243
vt 0.892856 0.958212
vt 0.891163 0.958293
vt 0.666935 0.733729
vt 0.677572 0.747253
vt 0.684639 0.745694
vt 0.673822 0.732284
vt 0.862976 0.970302
vt 0.873309 0.973414
vt 0.886428 0.959122
vt 0.878882 0.945798
vt 0.877781 0.967812
vt 0.886779 0.960380
vt 0.881767 0.962702
vt 0.880841 0.963471
vt 0.963524 0.918216
vt 0.961697 0.915133
vt 0.960982 0.917042
vt 0.962780 0.920075
vt 0.958624 0.913622
vt 0.951225 0.901197
vt 0.934483 0.911928
vt 0.942143 0.923845
vt 0.930064 0.902983
vt 0.927854 0.898511
vt 0.925927 0.898997
vt 0.928070 0.903400
vt 0.920718 0.886636
vt 0.918740 0.888247
vt 0.910564 0.878911
vt 0.905488 0.875049
vt 0.903237 0.877889
vt 0.908405 0.881342
vt 0.894629 0.863538
vt 0.889200 0.857782
vt 0.886481 0.861669
vt 0.892066 0.867075
vt 0.876760 0.844080
vt 0.870540 0.837229
vt 0.867985 0.842346
vt 0.874151 0.848787
vt 0.857021 0.822259
vt 0.854650 0.828071
vt 0.860183 0.908584
vt 0.856688 0.901938
vt 0.834736 0.903208
vt 0.838273 0.907728
vt 0.826826 0.864676
vt 0.816669 0.858314
vt 0.805817 0.865399
vt 0.812842 0.874259
vt 0.794243 0.831154
vt 0.785105 0.837809
vt 0.780171 0.812348
vt 0.773135 0.802945
vt 0.763977 0.809580
vt 0.771020 0.818990
vt 0.759842 0.784886
vt 0.753195 0.775856
vt 0.744237 0.783078
vt 0.750817 0.791912
vt 0.740511 0.758210
vt 0.734170 0.749387
vt 0.725226 0.757439
vt 0.731563 0.765985
vt 0.722133 0.731883
vt 0.712855 0.740676
vt 0.832710 0.904724
vt 0.836365 0.909206
vt 0.829696 0.950622
vt 0.823696 0.946163
vt 0.822760 0.950013
vt 0.828979 0.954472
vt 0.789987 0.893269
vt 0.785607 0.882343
vt 0.781502 0.885618
vt 0.786321 0.896517
vt 0.767923 0.850979
vt 0.763509 0.854388
vt 0.753475 0.832568
vt 0.746251 0.823362
vt 0.741134 0.826761
vt 0.748592 0.835970
vt 0.732555 0.805418
vt 0.725707 0.796446
vt 0.719886 0.799303
vt 0.726969 0.808455
vt 0.712090 0.779209
vt 0.705282 0.770591
vt 0.698886 0.772762
vt 0.705886 0.781609
vt 0.691520 0.753993
vt 0.684677 0.755756
vt 0.959546 0.911846
vt 0.952416 0.899327
vt 0.817503 0.940530
vt 0.798747 0.915119
vt 0.795958 0.918314
vt 0.815871 0.944061
vt 0.945860 0.891706
vt 0.942582 0.887895
vt 0.941409 0.889526
vt 0.944681 0.893416
vt 0.934899 0.877536
vt 0.932718 0.878831
vt 0.932110 0.865467
vt 0.930716 0.859433
vt 0.927252 0.860513
vt 0.929074 0.866619
vt 0.924786 0.844959
vt 0.921822 0.837722
vt 0.917203 0.838845
vt 0.920553 0.846068
vt 0.914278 0.821460
vt 0.910505 0.813330
vt 0.904815 0.813895
vt 0.908945 0.822211
vt 0.901947 0.795700
vt 0.895688 0.795864
vt 0.833067 0.900898
vt 0.826891 0.891977
vt 0.823711 0.894613
vt 0.830727 0.902585
vt 0.883502 0.910564
vt 0.880453 0.903697
vt 0.876876 0.903790
vt 0.879928 0.910477
vt 0.803738 0.866982
vt 0.810396 0.876192
vt 0.783096 0.839310
vt 0.762019 0.811037
vt 0.769045 0.820461
vt 0.742268 0.784541
vt 0.748852 0.793373
vt 0.723158 0.758974
vt 0.729528 0.767497
vt 0.710658 0.742308
vt 0.853873 0.897505
vt 0.847139 0.877399
vt 0.834861 0.859261
vt 0.825814 0.852073
vt 0.800627 0.826497
vt 0.787105 0.807384
vt 0.780344 0.797827
vt 0.767064 0.779512
vt 0.760424 0.770355
vt 0.747789 0.752342
vt 0.741471 0.743335
vt 0.729527 0.725368
vt 0.945669 0.930112
vt 0.943978 0.927216
vt 0.942096 0.926994
vt 0.943800 0.929890
vt 0.932355 0.912207
vt 0.940236 0.923877
vt 0.808399 0.905651
vt 0.822765 0.923802
vt 0.798680 0.885482
vt 0.793820 0.875397
vt 0.774110 0.846176
vt 0.760060 0.827335
vt 0.753034 0.817914
vt 0.739536 0.800009
vt 0.732787 0.791056
vt 0.719514 0.773836
vt 0.712878 0.765226
vt 0.699568 0.748654
vt 0.832251 0.932539
vt 0.826543 0.927710
vt 0.876219 0.895983
vt 0.856335 0.872027
vt 0.852955 0.873638
vt 0.872851 0.896700
vt 0.838584 0.856954
vt 0.829709 0.849418
vt 0.804779 0.823611
vt 0.791450 0.804066
vt 0.784785 0.794294
vt 0.771294 0.775486
vt 0.764549 0.766082
vt 0.751623 0.747612
vt 0.745161 0.738378
vt 0.732988 0.719915
vt 0.888840 0.926735
vt 0.886552 0.917432
vt 0.882980 0.917165
vt 0.885601 0.926268
vt 0.845143 0.919917
vt 0.840021 0.913689
vt 0.837959 0.937368
vt 0.845697 0.942859
vt 0.835696 0.955081
vt 0.844110 0.959522
vt 0.966766 0.927347
vt 0.964577 0.923107
vt 0.947361 0.933008
vt 0.949765 0.936906
vt 0.863679 0.915229
vt 0.867508 0.923852
vt 0.846725 0.918639
vt 0.841810 0.912248
vt 0.967593 0.925618
vt 0.965352 0.921299
vt 0.835198 0.958930
vt 0.843920 0.963061
vt 0.945503 0.932786
vt 0.947954 0.936733
vt 0.941166 0.925436
vt 0.943061 0.925530
vt 0.833901 0.902053
vt 0.855280 0.899721
vt 0.819315 0.947037
vt 0.820600 0.943346
vt 0.959803 0.915332
vt 0.960621 0.913490
vt 0.831718 0.903654
vt 0.874863 0.900245
vt 0.824654 0.925756
vt 0.878336 0.899840
vt 0.928098 0.884841
vt 0.928098 0.884841
vt 0.928098 0.884841
vt 0.928098 0.884841
vt 0.928098 0.884841
vt 0.928098 0.884842
vt 0.932743 0.883851
vt 0.926239 0.888737
vt 0.928814 0.897506
vt 0.940663 0.889716
vt 0.930816 0.881207
vt 0.925214 0.888236
vt 0.923644 0.885719
vt 0.928404 0.898036
vt 0.928098 0.884841
vt 0.928098 0.884841
vt 0.928098 0.884841
vt 0.928098 0.884841
vt 0.928098 0.884841
vt 0.928098 0.884841
vt 0.928098 0.884842
vt 0.928098 0.884841
vt 0.925530 0.885727
vt 0.927416 0.885734
vt 0.928363 0.884701
vt 0.929589 0.882954
vt 0.927808 0.885290
vt 0.928004 0.885067
vt 0.927981 0.884923
vt 0.928109 0.884849
vt 0.928060 0.884931
vt 0.928088 0.884863
vt 0.928068 0.884849
vt 0.928039 0.884874
vt 0.928094 0.884850
vt 0.928097 0.884843
vt 0.928094 0.884841
vt 0.928085 0.884844
vt 0.928098 0.884842
vt 0.928098 0.884841
vt 0.928097 0.884841
vt 0.928098 0.884841
vt 0.928098 0.884841
vt 0.926148 0.886846
vt 0.927082 0.885455
vt 0.927630 0.885129
vt 0.927904 0.884967
vt 0.928024 0.884891
vt 0.928084 0.884853
vt 0.928093 0.884845
vt 0.928097 0.884842
vt 0.928098 0.884841
vt 0.928098 0.884842
vt 0.928098 0.884841
vt 0.928274 0.884276
vt 0.930508 0.884064
vt 0.927906 0.884799
vt 0.928029 0.884625
vt 0.928062 0.884845
vt 0.928010 0.884830
vt 0.928094 0.884842
vt 0.928084 0.884843
vt 0.928097 0.884842
vt 0.928098 0.884841
vt 0.926850 0.885023
vt 0.926544 0.886880
vt 0.927789 0.884731
vt 0.927476 0.884829
vt 0.928074 0.884817
vt 0.927979 0.884789
vt 0.928098 0.884841
vt 0.928098 0.884841
vt 0.928098 0.884841
vt 0.928098 0.884841
vt 0.928098 0.884841
vt 0.928098 0.884841
vt 0.928098 0.884841
vt 0.928098 0.884841
vt 0.928098 0.884841
vt 0.928098 0.884841
vt 0.928098 0.884841
vt 0.928098 0.884841
vt 0.259514 0.624873
vt 0.265279 0.620542
vt 0.282572 0.607548
vt 0.288337 0.603217
vt 0.271043 0.616210
vt 0.276808 0.611879
vt 0.294101 0.598886
vt 0.933168 0.703437
vt 0.547724 0.056494
vt 0.560785 0.048628
vt 0.947948 0.702652
vt 0.914817 0.717943
vt 0.923383 0.710244
vt 0.935835 0.731050
vt 0.909254 0.750814
vt 0.908725 0.729975
vt 0.933667 0.706208
vt 0.687783 0.939457
vt 0.674213 0.953699
vt 0.669575 0.949550
vt 0.683141 0.935273
vt 0.732949 0.879567
vt 0.723583 0.892975
vt 0.718814 0.889493
vt 0.729678 0.872572
vt 0.700955 0.924446
vt 0.696006 0.920645
vt 0.662750 0.966813
vt 0.654267 0.963971
vt 0.712973 0.908885
vt 0.707927 0.905472
vt 0.557673 0.834275
vt 0.563575 0.828162
vt 0.581262 0.810914
vt 0.587273 0.804991
vt 0.574420 0.816748
vt 0.569574 0.821268
vt 0.590829 0.800848
vt 0.579081 0.796165
vt 0.584963 0.791211
vt 0.555120 0.804499
vt 0.558593 0.801599
vt 0.547887 0.825697
vt 0.551939 0.813763
vt 0.567796 0.799192
vt 0.558062 0.785098
vt 0.566548 0.781521
vt 0.549228 0.789460
vt 0.538304 0.802474
vt 0.543824 0.794115
vt 0.571076 0.777644
vt 0.533477 0.810707
vt 0.455732 0.690028
vt 0.448117 0.703815
vt 0.433891 0.703893
vt 0.443054 0.679338
vt 0.476592 0.679522
vt 0.461907 0.684834
vt 0.453144 0.670652
vt 0.477829 0.665975
vt 0.500615 0.675280
vt 0.492876 0.673921
vt 0.498782 0.661324
vt 0.507470 0.658117
vt 0.441317 0.718971
vt 0.424537 0.728235
vt 0.469578 0.694851
vt 0.480786 0.690649
vt 0.458673 0.709172
vt 0.464556 0.699038
vt 0.492245 0.686411
vt 0.497910 0.684726
vt 0.453119 0.719307
vt 0.317066 0.507915
vt 0.323576 0.507268
vt 0.313117 0.514947
vt 0.315433 0.509055
vt 0.331077 0.505640
vt 0.333255 0.502965
vt 0.309532 0.521498
vt 0.308834 0.507028
vt 0.312051 0.504523
vt 0.322266 0.498823
vt 0.323599 0.497942
vt 0.313563 0.503337
vt 0.306069 0.511507
vt 0.316825 0.500795
vt 0.299727 0.519927
vt 0.302021 0.506256
vt 0.317322 0.494180
vt 0.327498 0.494350
vt 0.310490 0.501690
vt 0.311145 0.501167
vt 0.306778 0.492305
vt 0.312951 0.499515
vt 0.309650 0.498917
vt 0.330120 0.494497
vt 0.311366 0.502340
vt 0.311401 0.502140
vt 0.311599 0.502432
vt 0.311576 0.502424
vt 0.302987 0.495159
vt 0.289209 0.477303
vt 0.294017 0.474017
vt 0.286040 0.488463
vt 0.305575 0.474914
vt 0.316247 0.476997
vt 0.257753 0.400604
vt 0.250863 0.401665
vt 0.213894 0.361790
vt 0.215364 0.361400
vt 0.243989 0.402362
vt 0.239142 0.405718
vt 0.212746 0.361097
vt 0.213006 0.361274
vt 0.213034 0.360792
vt 0.212790 0.362058
vt 0.216062 0.359191
vt 0.211376 0.362947
vt 0.235987 0.411913
vt 0.320210 0.474666
vt 0.232486 0.418050
vt 0.261881 0.396465
vt 0.272988 0.442943
vt 0.267282 0.446915
vt 0.263747 0.456363
vt 0.260538 0.465834
vt 0.284054 0.499302
vt 0.293075 0.443072
vt 0.283077 0.442861
vt 0.297933 0.439377
vt 0.311598 0.502421
vt 0.311596 0.502427
vt 0.311595 0.502439
vt 0.311592 0.502413
vt 0.311590 0.502432
vt 0.311583 0.502433
vt 0.309714 0.502307
vt 0.308700 0.499715
vt 0.311924 0.500563
vt 0.308453 0.503067
vt 0.311343 0.502171
vt 0.311551 0.502185
vt 0.311463 0.502206
vt 0.311406 0.502257
vt 0.311518 0.502231
vt 0.311418 0.502317
vt 0.912304 0.715952
vt 0.521757 0.072285
vt 0.534727 0.064373
vt 0.921962 0.707867
vt 0.903618 0.752919
vt 0.495827 0.088262
vt 0.508803 0.080240
vt 0.905059 0.729072
vt 0.947087 0.706527
vt 0.965682 0.716593
vt 0.572458 0.041626
vt 0.970196 0.712463
vt 0.663222 0.028270
vt 0.953835 0.499805
vt 0.882279 0.447769
vt 0.711285 0.170321
vt 0.869170 0.446422
vt 0.735670 0.229810
vt 0.857763 0.485222
vt 0.832955 0.444969
vt 0.663222 0.028270
vt 0.953835 0.499805
vt 0.882279 0.447769
vt 0.711285 0.170321
vt 0.869170 0.446422
vt 0.735670 0.229810
vt 0.857763 0.485222
vt 0.832955 0.444969
vt 0.663222 0.028270
vt 0.953835 0.499805
vt 0.882279 0.447769
vt 0.711285 0.170321
vt 0.869170 0.446422
vt 0.735670 0.229810
vt 0.857763 0.485222
vt 0.832955 0.444969
vt 0.663222 0.028270
vt 0.953835 0.499805
vt 0.882279 0.447769
vt 0.711285 0.170321
vt 0.869170 0.446422
vt 0.735670 0.229810
vt 0.857763 0.485222
vt 0.832955 0.444969
vt 0.663222 0.028270
vt 0.711285 0.170321
vt 0.882279 0.447769
vt 0.953835 0.499805
vt 0.735670 0.229810
vt 0.869170 0.446422
vt 0.832955 0.444969
vt 0.857763 0.485222
vt 0.663222 0.028270
vt 0.711285 0.170321
vt 0.882279 0.447769
vt 0.953835 0.499805
vt 0.735670 0.229810
vt 0.869170 0.446422
vt 0.832955 0.444969
vt 0.857763 0.485222
vt 0.663222 0.028270
vt 0.711285 0.170321
vt 0.882279 0.447769
vt 0.953835 0.499805
vt 0.735670 0.229810
vt 0.869170 0.446422
vt 0.832955 0.444969
vt 0.857763 0.485222
vt 0.663222 0.028270
vt 0.711285 0.170321
vt 0.882279 0.447769
vt 0.953835 0.499805
vt 0.735670 0.229810
vt 0.869170 0.446422
vt 0.832955 0.444969
vt 0.857763 0.485222
vt 0.086548 0.518096
vt 0.085999 0.522612
vt 0.070196 0.518025
vt 0.080326 0.536690
vt 0.078123 0.536859
vt 0.045887 0.526371
vt 0.042822 0.523716
vt 0.087081 0.513223
vt 0.082040 0.535953
vt 0.049786 0.528465
vt 0.087615 0.508188
vt 0.083391 0.534666
vt 0.054313 0.530188
vt 0.087807 0.503347
vt 0.084410 0.532705
vt 0.059154 0.531672
vt 0.087410 0.498939
vt 0.085132 0.530039
vt 0.063846 0.533094
vt 0.086170 0.495078
vt 0.085616 0.526658
vt 0.072087 0.535596
vt 0.068216 0.534360
vt 0.075387 0.536477
vt 0.083772 0.491894
vt 0.040834 0.520261
vt 0.351304 0.763396
vt 0.364446 0.779718
vt 0.358244 0.784099
vt 0.345222 0.767886
vt 0.192127 0.869027
vt 0.201931 0.887366
vt 0.195469 0.891352
vt 0.185611 0.872860
vt 0.300333 0.866378
vt 0.305749 0.862944
vt 0.348138 0.929214
vt 0.343703 0.932026
vt 0.219367 0.925812
vt 0.225449 0.921054
vt 0.279659 0.981818
vt 0.274973 0.985848
vt 0.294842 0.802530
vt 0.306166 0.818094
vt 0.298483 0.823680
vt 0.287438 0.808102
vt 0.321049 0.783969
vt 0.333360 0.799811
vt 0.323956 0.805883
vt 0.311967 0.790170
vt 0.295050 0.870013
vt 0.339376 0.935002
vt 0.258853 0.827675
vt 0.268997 0.843757
vt 0.261783 0.847925
vt 0.251788 0.831654
vt 0.214766 0.930803
vt 0.271021 0.989484
vt 0.270213 0.820786
vt 0.280668 0.836612
vt 0.275230 0.840212
vt 0.264930 0.824264
vt 0.289472 0.874384
vt 0.334489 0.938586
vt 0.386767 0.815221
vt 0.393164 0.812946
vt 0.425070 0.887714
vt 0.420174 0.889923
vt 0.216404 0.853102
vt 0.226146 0.870642
vt 0.217293 0.876741
vt 0.207534 0.858885
vt 0.199400 0.864285
vt 0.209180 0.882412
vt 0.283071 0.879498
vt 0.328720 0.942968
vt 0.380004 0.818948
vt 0.414629 0.892652
vt 0.355923 0.758613
vt 0.369113 0.775041
vt 0.329848 0.778078
vt 0.342444 0.794061
vt 0.275649 0.885248
vt 0.322060 0.948113
vt 0.372535 0.823628
vt 0.408103 0.896031
vt 0.275485 0.817291
vt 0.286113 0.833022
vt 0.249568 0.904281
vt 0.258512 0.897854
vt 0.306975 0.959883
vt 0.299270 0.965976
vt 0.364182 0.828916
vt 0.400604 0.900023
vt 0.068415 0.549251
vt 0.060599 0.548398
vt 0.060930 0.545139
vt 0.068372 0.546245
vt 0.068268 0.538322
vt 0.062874 0.537109
vt 0.075092 0.550048
vt 0.074679 0.547375
vt 0.072951 0.539522
vt 0.080450 0.550419
vt 0.079740 0.548100
vt 0.076838 0.540351
vt 0.084589 0.550242
vt 0.083676 0.548228
vt 0.079974 0.540648
vt 0.087751 0.549543
vt 0.086715 0.547739
vt 0.082456 0.540373
vt 0.090225 0.548342
vt 0.089100 0.546639
vt 0.084393 0.539515
vt 0.092300 0.546537
vt 0.091048 0.544877
vt 0.085943 0.538069
vt 0.094184 0.543903
vt 0.092689 0.542274
vt 0.087170 0.535895
vt 0.095970 0.540165
vt 0.094115 0.538602
vt 0.088127 0.532893
vt 0.097731 0.535091
vt 0.095435 0.533663
vt 0.088889 0.528993
vt 0.099618 0.528637
vt 0.096869 0.527419
vt 0.089622 0.524214
vt 0.101899 0.521114
vt 0.098772 0.520139
vt 0.090623 0.518777
vt 0.104809 0.513079
vt 0.101338 0.512290
vt 0.091833 0.512912
vt 0.108194 0.505072
vt 0.104434 0.504421
vt 0.093221 0.506932
vt 0.111577 0.497585
vt 0.107472 0.496935
vt 0.094362 0.501210
vt 0.114564 0.490627
vt 0.109927 0.489800
vt 0.094915 0.495893
vt 0.116895 0.483722
vt 0.111396 0.482620
vt 0.094579 0.490926
vt 0.118070 0.476212
vt 0.111264 0.474652
vt 0.092936 0.486147
vt 0.020322 0.547521
vt 0.012954 0.545657
vt 0.014188 0.538784
vt 0.021466 0.542032
vt 0.035703 0.529821
vt 0.031952 0.526435
vt 0.027588 0.548087
vt 0.028647 0.543497
vt 0.040141 0.532079
vt 0.035160 0.548069
vt 0.036173 0.544038
vt 0.045248 0.533656
vt 0.043374 0.547895
vt 0.044251 0.544180
vt 0.050959 0.534852
vt 0.052067 0.547922
vt 0.052703 0.544420
vt 0.057004 0.535921
vt 0.351280 0.789542
vt 0.358708 0.784822
vt 0.360377 0.787481
vt 0.352869 0.792269
vt 0.245181 0.859051
vt 0.254050 0.853500
vt 0.255579 0.856125
vt 0.246816 0.861669
vt 0.217781 0.877429
vt 0.226621 0.871331
vt 0.228425 0.873903
vt 0.219643 0.879966
vt 0.286602 0.833686
vt 0.292321 0.829315
vt 0.294144 0.831595
vt 0.288275 0.835888
vt 0.342885 0.794780
vt 0.344488 0.797488
vt 0.209670 0.883097
vt 0.211555 0.885627
vt 0.281135 0.837318
vt 0.282748 0.839760
vt 0.333808 0.800519
vt 0.335466 0.803187
vt 0.202414 0.888077
vt 0.204205 0.890655
vt 0.275649 0.840922
vt 0.277018 0.843325
vt 0.324416 0.806580
vt 0.326150 0.809221
vt 0.195879 0.892139
vt 0.197325 0.894835
vt 0.269384 0.844467
vt 0.270767 0.847039
vt 0.315230 0.812773
vt 0.316997 0.815304
vt 0.189517 0.894659
vt 0.190015 0.897886
vt 0.262179 0.848623
vt 0.263616 0.851246
vt 0.306645 0.818753
vt 0.308459 0.821189
vt 0.365008 0.780404
vt 0.369823 0.775541
vt 0.372596 0.777265
vt 0.366921 0.782792
vt 0.298970 0.824317
vt 0.300819 0.826668
vt 0.234952 0.841516
vt 0.244743 0.858355
vt 0.235420 0.864374
vt 0.225671 0.847182
vt 0.235881 0.865071
vt 0.237630 0.867702
vt 0.309176 0.822172
vt 0.324772 0.846580
vt 0.316685 0.851187
vt 0.301543 0.827612
vt 0.256201 0.857170
vt 0.272534 0.881091
vt 0.264250 0.887209
vt 0.247479 0.862718
vt 0.264200 0.852282
vt 0.279944 0.875459
vt 0.373679 0.778074
vt 0.392308 0.806821
vt 0.384306 0.809977
vt 0.367705 0.783774
vt 0.317702 0.816325
vt 0.333650 0.841360
vt 0.271326 0.848047
vt 0.286334 0.870429
vt 0.197920 0.895941
vt 0.215510 0.921491
vt 0.209467 0.927613
vt 0.190334 0.899200
vt 0.326843 0.810280
vt 0.342966 0.835758
vt 0.277584 0.844293
vt 0.291985 0.865989
vt 0.204920 0.891693
vt 0.222184 0.916536
vt 0.336136 0.804260
vt 0.352300 0.829985
vt 0.283343 0.840661
vt 0.297459 0.862028
vt 0.212302 0.886647
vt 0.229572 0.911517
vt 0.345139 0.798573
vt 0.361305 0.824319
vt 0.288944 0.836788
vt 0.303250 0.858547
vt 0.220385 0.880990
vt 0.237725 0.905961
vt 0.353514 0.793356
vt 0.369615 0.819000
vt 0.294852 0.832505
vt 0.309551 0.855091
vt 0.229149 0.874941
vt 0.246470 0.899901
vt 0.361052 0.788545
vt 0.377130 0.814173
vt 0.238332 0.868754
vt 0.255442 0.893580
vt 0.232684 0.916019
vt 0.285328 0.977141
vt 0.311958 0.859529
vt 0.353351 0.926125
vt 0.240825 0.910410
vt 0.291941 0.971810
vt 0.319173 0.855647
vt 0.359645 0.922538
vt 0.314762 0.812097
vt 0.303115 0.796484
vt 0.291820 0.828680
vt 0.281006 0.813040
vt 0.327374 0.851076
vt 0.366991 0.918430
vt 0.189336 0.893810
vt 0.179400 0.875232
vt 0.350842 0.788823
vt 0.338006 0.772715
vt 0.336338 0.845877
vt 0.375144 0.913910
vt 0.266609 0.890427
vt 0.257770 0.896825
vt 0.256161 0.894585
vt 0.264974 0.888202
vt 0.345693 0.840258
vt 0.383736 0.909172
vt 0.253631 0.852801
vt 0.243758 0.836278
vt 0.355113 0.834553
vt 0.392363 0.904476
vt 0.231899 0.914935
vt 0.224613 0.919958
vt 0.222935 0.917585
vt 0.230290 0.912566
vt 0.363504 0.827792
vt 0.354447 0.833447
vt 0.352962 0.831052
vt 0.361980 0.825389
vt 0.305088 0.861830
vt 0.299592 0.865257
vt 0.298103 0.863003
vt 0.303822 0.859536
vt 0.240057 0.909346
vt 0.238444 0.907002
vt 0.371846 0.822481
vt 0.370297 0.820071
vt 0.311333 0.858429
vt 0.310105 0.856102
vt 0.248812 0.903233
vt 0.247192 0.900929
vt 0.379324 0.817749
vt 0.377800 0.815275
vt 0.318545 0.854561
vt 0.317262 0.852216
vt 0.267350 0.891454
vt 0.314704 0.953839
vt 0.274905 0.884231
vt 0.273259 0.882060
vt 0.386181 0.813892
vt 0.384885 0.811194
vt 0.326731 0.849993
vt 0.325379 0.847627
vt 0.282318 0.878494
vt 0.280665 0.876394
vt 0.392946 0.811512
vt 0.392609 0.808303
vt 0.335684 0.844792
vt 0.334280 0.842416
vt 0.288706 0.873378
vt 0.287047 0.871335
vt 0.218375 0.924751
vt 0.213531 0.930040
vt 0.210712 0.928472
vt 0.216401 0.922501
vt 0.345037 0.839173
vt 0.343608 0.836814
vt 0.294284 0.868967
vt 0.292671 0.866903
vt 0.064962 0.447663
vt 0.061802 0.458201
vt 0.057332 0.467124
vt 0.051857 0.473826
vt 0.045751 0.477849
vt 0.039430 0.478919
vt 0.033324 0.476964
vt 0.027849 0.472117
vt 0.023379 0.464707
vt 0.020218 0.455240
vt 0.018582 0.444362
vt 0.018582 0.432812
vt 0.020218 0.421380
vt 0.023379 0.410842
vt 0.027849 0.401919
vt 0.033324 0.395217
vt 0.039430 0.391194
vt 0.045751 0.390124
vt 0.051857 0.392079
vt 0.057332 0.396926
vt 0.061801 0.404336
vt 0.064962 0.413803
vt 0.066598 0.424681
vt 0.066598 0.436231
vt 0.095663 0.588438
vt 0.105536 0.604961
vt 0.097874 0.605779
vt 0.088083 0.588941
vt 0.125282 0.638006
vt 0.135155 0.654529
vt 0.127248 0.656294
vt 0.117457 0.639456
vt 0.154901 0.687574
vt 0.164774 0.704097
vt 0.156622 0.706810
vt 0.146830 0.689971
vt 0.184520 0.737142
vt 0.194393 0.753665
vt 0.185995 0.757325
vt 0.176204 0.740486
vt 0.214139 0.786710
vt 0.224012 0.803233
vt 0.215369 0.807840
vt 0.205578 0.791001
vt 0.145459 0.531099
vt 0.158296 0.547207
vt 0.153504 0.554321
vt 0.140908 0.538339
vt 0.183969 0.579423
vt 0.196805 0.595530
vt 0.191292 0.602269
vt 0.178696 0.586287
vt 0.222478 0.627746
vt 0.235314 0.643853
vt 0.229080 0.650217
vt 0.216484 0.634235
vt 0.260987 0.676069
vt 0.273824 0.692176
vt 0.266868 0.698165
vt 0.254272 0.682183
vt 0.299497 0.724392
vt 0.312333 0.740499
vt 0.304656 0.746113
vt 0.292060 0.730130
vt 0.128409 0.562299
vt 0.140056 0.577912
vt 0.136297 0.584639
vt 0.124973 0.569075
vt 0.163350 0.609136
vt 0.174997 0.624749
vt 0.170271 0.631330
vt 0.158947 0.615766
vt 0.198291 0.655973
vt 0.209938 0.671586
vt 0.204245 0.678021
vt 0.192920 0.662457
vt 0.233233 0.702810
vt 0.244880 0.718423
vt 0.238219 0.724712
vt 0.226894 0.709148
vt 0.268174 0.749647
vt 0.279821 0.765260
vt 0.272193 0.771403
vt 0.260868 0.755839
vt 0.118801 0.578443
vt 0.129615 0.594082
vt 0.126690 0.597053
vt 0.116062 0.581321
vt 0.151242 0.625362
vt 0.162056 0.641002
vt 0.158575 0.644247
vt 0.147947 0.628515
vt 0.183683 0.672282
vt 0.194497 0.687921
vt 0.190459 0.691441
vt 0.179831 0.675709
vt 0.216124 0.719201
vt 0.226938 0.734841
vt 0.222344 0.738634
vt 0.211716 0.722903
vt 0.248565 0.766120
vt 0.259379 0.781760
vt 0.254229 0.785828
vt 0.243600 0.770097
vt 0.101860 0.587599
vt 0.111855 0.603869
vt 0.131845 0.636410
vt 0.141841 0.652680
vt 0.161831 0.685221
vt 0.171826 0.701491
vt 0.191817 0.734032
vt 0.201812 0.750302
vt 0.221802 0.782843
vt 0.231798 0.799114
vt 0.079436 0.589300
vt 0.089185 0.606493
vt 0.080020 0.607545
vt 0.070278 0.590005
vt 0.108683 0.640877
vt 0.118432 0.658069
vt 0.109245 0.660164
vt 0.099503 0.642624
vt 0.137930 0.692453
vt 0.147679 0.709645
vt 0.138470 0.712784
vt 0.128728 0.695244
vt 0.167177 0.744029
vt 0.176926 0.761221
vt 0.167695 0.765403
vt 0.157954 0.747863
vt 0.196424 0.795605
vt 0.206173 0.812798
vt 0.196921 0.818023
vt 0.187179 0.800483
vt 0.149885 0.524704
vt 0.162908 0.540916
vt 0.188952 0.573340
vt 0.201975 0.589552
vt 0.228020 0.621977
vt 0.241042 0.638189
vt 0.267087 0.670613
vt 0.280110 0.686825
vt 0.306155 0.719250
vt 0.319177 0.735462
vt 0.037749 0.595485
vt 0.047606 0.613976
vt 0.040293 0.615137
vt 0.030357 0.596558
vt 0.067321 0.650960
vt 0.077179 0.669451
vt 0.070101 0.670871
vt 0.060165 0.652293
vt 0.096894 0.706435
vt 0.106751 0.724926
vt 0.099910 0.726606
vt 0.089974 0.708028
vt 0.126466 0.761910
vt 0.136324 0.780402
vt 0.129719 0.782341
vt 0.119782 0.763763
vt 0.156039 0.817385
vt 0.165896 0.835877
vt 0.159527 0.838076
vt 0.149591 0.819497
vt 0.121770 0.574445
vt 0.132814 0.590023
vt 0.154903 0.621177
vt 0.165948 0.636754
vt 0.188037 0.667908
vt 0.199082 0.683485
vt 0.221171 0.714640
vt 0.232215 0.730217
vt 0.254304 0.761371
vt 0.265349 0.776948
vt 0.132132 0.554487
vt 0.144121 0.570199
vt 0.168099 0.601624
vt 0.180088 0.617336
vt 0.204066 0.648760
vt 0.216055 0.664473
vt 0.240033 0.695897
vt 0.252022 0.711609
vt 0.276000 0.743034
vt 0.287989 0.758746
vt 0.110424 0.585046
vt 0.120724 0.600994
vt 0.116845 0.602519
vt 0.106701 0.586436
vt 0.141325 0.632890
vt 0.151625 0.648838
vt 0.147275 0.650767
vt 0.137132 0.634684
vt 0.172226 0.680733
vt 0.182527 0.696681
vt 0.177705 0.699014
vt 0.167562 0.682932
vt 0.203127 0.728577
vt 0.213428 0.744525
vt 0.208136 0.747262
vt 0.197992 0.731179
vt 0.234029 0.776420
vt 0.244329 0.792368
vt 0.238566 0.795510
vt 0.228423 0.779427
vt 0.061139 0.591037
vt 0.070899 0.608893
vt 0.062475 0.610510
vt 0.052695 0.592384
vt 0.090418 0.644606
vt 0.100178 0.662463
vt 0.091816 0.664890
vt 0.082036 0.646764
vt 0.119697 0.698176
vt 0.129457 0.716033
vt 0.121157 0.719271
vt 0.111377 0.701144
vt 0.148976 0.751746
vt 0.158736 0.769602
vt 0.150498 0.773651
vt 0.140718 0.755524
vt 0.178255 0.805315
vt 0.188014 0.823172
vt 0.179839 0.828031
vt 0.170059 0.809905
vt 0.123841 0.599226
vt 0.113386 0.583400
vt 0.155206 0.646703
vt 0.144751 0.630877
vt 0.186572 0.694180
vt 0.176117 0.678354
vt 0.217937 0.741657
vt 0.207482 0.725832
vt 0.249303 0.789135
vt 0.238848 0.773309
vt 0.148685 0.562182
vt 0.136373 0.546340
vt 0.185620 0.609708
vt 0.173308 0.593866
vt 0.222555 0.657233
vt 0.210243 0.641391
vt 0.259490 0.704759
vt 0.247178 0.688917
vt 0.296425 0.752285
vt 0.284114 0.736443
vt 0.158063 0.512190
vt 0.171254 0.528618
vt 0.167317 0.534890
vt 0.154176 0.518568
vt 0.197635 0.561475
vt 0.210826 0.577903
vt 0.206743 0.583856
vt 0.193601 0.567534
vt 0.237207 0.610759
vt 0.250398 0.627187
vt 0.246169 0.632821
vt 0.233027 0.616499
vt 0.276779 0.660044
vt 0.289969 0.676472
vt 0.285594 0.681787
vt 0.272453 0.665465
vt 0.316351 0.709328
vt 0.329541 0.725757
vt 0.325020 0.730752
vt 0.311878 0.714431
vt 0.054879 0.612284
vt 0.045075 0.593945
vt 0.084289 0.667301
vt 0.074486 0.648962
vt 0.113700 0.722317
vt 0.103896 0.703978
vt 0.143110 0.777333
vt 0.133307 0.758995
vt 0.172521 0.832350
vt 0.162717 0.814011
vt 0.933168 0.703437
vt 0.547724 0.056494
vt 0.560785 0.048628
vt 0.947948 0.702652
vt 0.914817 0.717943
vt 0.923383 0.710244
vt 0.935835 0.731050
vt 0.909254 0.750814
vt 0.908725 0.729975
vt 0.933667 0.706208
vt 0.687783 0.939457
vt 0.674213 0.953699
vt 0.669575 0.949550
vt 0.683141 0.935273
vt 0.732949 0.879567
vt 0.723583 0.892975
vt 0.718814 0.889493
vt 0.729678 0.872572
vt 0.700955 0.924446
vt 0.696006 0.920645
vt 0.662750 0.966813
vt 0.654267 0.963971
vt 0.712973 0.908885
vt 0.707927 0.905472
vt 0.557673 0.834275
vt 0.563575 0.828162
vt 0.581262 0.810914
vt 0.587273 0.804991
vt 0.574420 0.816748
vt 0.569574 0.821268
vt 0.590829 0.800848
vt 0.579081 0.796165
vt 0.584963 0.791211
vt 0.555120 0.804499
vt 0.558593 0.801599
vt 0.547887 0.825697
vt 0.551939 0.813763
vt 0.567796 0.799192
vt 0.558062 0.785098
vt 0.566548 0.781521
vt 0.549228 0.789460
vt 0.538304 0.802474
vt 0.543824 0.794115
vt 0.571076 0.777644
vt 0.533477 0.810707
vt 0.455732 0.690028
vt 0.448117 0.703815
vt 0.433891 0.703893
vt 0.443054 0.679338
vt 0.476592 0.679522
vt 0.461907 0.684834
vt 0.453144 0.670652
vt 0.477829 0.665975
vt 0.500615 0.675280
vt 0.492876 0.673921
vt 0.498782 0.661324
vt 0.507470 0.658117
vt 0.441317 0.718971
vt 0.424537 0.728235
vt 0.469578 0.694851
vt 0.480786 0.690649
vt 0.458673 0.709172
vt 0.464556 0.699038
vt 0.492245 0.686411
vt 0.497910 0.684726
vt 0.453119 0.719307
vt 0.317066 0.507915
vt 0.323576 0.507268
vt 0.313117 0.514947
vt 0.315433 0.509055
vt 0.331077 0.505640
vt 0.333255 0.502965
vt 0.309532 0.521498
vt 0.308834 0.507028
vt 0.312051 0.504523
vt 0.322266 0.498823
vt 0.323599 0.497942
vt 0.313563 0.503337
vt 0.306069 0.511507
vt 0.316825 0.500795
vt 0.299727 0.519927
vt 0.302021 0.506256
vt 0.317322 0.494180
vt 0.327498 0.494350
vt 0.310490 0.501690
vt 0.311145 0.501167
vt 0.306778 0.492305
vt 0.312951 0.499515
vt 0.309650 0.498917
vt 0.330120 0.494497
vt 0.311366 0.502340
vt 0.311401 0.502140
vt 0.311599 0.502432
vt 0.311576 0.502424
vt 0.302987 0.495159
vt 0.289209 0.477303
vt 0.294017 0.474017
vt 0.286040 0.488463
vt 0.305575 0.474914
vt 0.316247 0.476997
vt 0.257753 0.400604
vt 0.250863 0.401665
vt 0.213894 0.361790
vt 0.215364 0.361400
vt 0.243989 0.402362
vt 0.239142 0.405718
vt 0.212746 0.361097
vt 0.213006 0.361274
vt 0.213034 0.360792
vt 0.212790 0.362058
vt 0.216062 0.359191
vt 0.211376 0.362947
vt 0.235987 0.411913
vt 0.320210 0.474666
vt 0.232486 0.418050
vt 0.261881 0.396465
vt 0.272988 0.442943
vt 0.267282 0.446915
vt 0.263747 0.456363
vt 0.260538 0.465834
vt 0.284054 0.499302
vt 0.293075 0.443072
vt 0.283077 0.442861
vt 0.297933 0.439377
vt 0.311598 0.502421
vt 0.311596 0.502427
vt 0.311595 0.502439
vt 0.311592 0.502413
vt 0.311590 0.502432
vt 0.311583 0.502433
vt 0.309714 0.502307
vt 0.308700 0.499715
vt 0.311924 0.500563
vt 0.308453 0.503067
vt 0.311343 0.502171
vt 0.311551 0.502185
vt 0.311463 0.502206
vt 0.311406 0.502257
vt 0.311518 0.502231
vt 0.311418 0.502317
vt 0.912304 0.715952
vt 0.521757 0.072285
vt 0.534727 0.064373
vt 0.921962 0.707867
vt 0.903618 0.752919
vt 0.495827 0.088262
vt 0.508803 0.080240
vt 0.905059 0.729072
vt 0.947087 0.706527
vt 0.965682 0.716593
vt 0.572458 0.041626
vt 0.970196 0.712463
vt 0.663222 0.028270
vt 0.953835 0.499805
vt 0.882279 0.447769
vt 0.711285 0.170321
vt 0.869170 0.446422
vt 0.735670 0.229810
vt 0.857763 0.485222
vt 0.832955 0.444969
vt 0.663222 0.028270
vt 0.953835 0.499805
vt 0.882279 0.447769
vt 0.711285 0.170321
vt 0.869170 0.446422
vt 0.735670 0.229810
vt 0.857763 0.485222
vt 0.832955 0.444969
vt 0.663222 0.028270
vt 0.953835 0.499805
vt 0.882279 0.447769
vt 0.711285 0.170321
vt 0.869170 0.446422
vt 0.735670 0.229810
vt 0.857763 0.485222
vt 0.832955 0.444969
vt 0.663222 0.028270
vt 0.953835 0.499805
vt 0.882279 0.447769
vt 0.711285 0.170321
vt 0.869170 0.446422
vt 0.735670 0.229810
vt 0.857763 0.485222
vt 0.832955 0.444969
vt 0.663222 0.028270
vt 0.711285 0.170321
vt 0.882279 0.447769
vt 0.953835 0.499805
vt 0.735670 0.229810
vt 0.869170 0.446422
vt 0.832955 0.444969
vt 0.857763 0.485222
vt 0.663222 0.028270
vt 0.711285 0.170321
vt 0.882279 0.447769
vt 0.953835 0.499805
vt 0.735670 0.229810
vt 0.869170 0.446422
vt 0.832955 0.444969
vt 0.857763 0.485222
vt 0.663222 0.028270
vt 0.711285 0.170321
vt 0.882279 0.447769
vt 0.953835 0.499805
vt 0.735670 0.229810
vt 0.869170 0.446422
vt 0.832955 0.444969
vt 0.857763 0.485222
vt 0.663222 0.028270
vt 0.711285 0.170321
vt 0.882279 0.447769
vt 0.953835 0.499805
vt 0.735670 0.229810
vt 0.869170 0.446422
vt 0.832955 0.444969
vt 0.857763 0.485222
vt 0.933168 0.703437
vt 0.547724 0.056494
vt 0.560785 0.048628
vt 0.947948 0.702652
vt 0.914817 0.717943
vt 0.923383 0.710244
vt 0.935835 0.731050
vt 0.909254 0.750814
vt 0.908725 0.729975
vt 0.933667 0.706208
vt 0.687783 0.939457
vt 0.674213 0.953699
vt 0.669575 0.949550
vt 0.683141 0.935273
vt 0.732949 0.879567
vt 0.723583 0.892975
vt 0.718814 0.889493
vt 0.729678 0.872572
vt 0.700955 0.924446
vt 0.696006 0.920645
vt 0.662750 0.966813
vt 0.654267 0.963971
vt 0.712973 0.908885
vt 0.707927 0.905472
vt 0.557673 0.834275
vt 0.563575 0.828162
vt 0.581262 0.810914
vt 0.587273 0.804991
vt 0.574420 0.816748
vt 0.569574 0.821268
vt 0.590829 0.800848
vt 0.579081 0.796165
vt 0.584963 0.791211
vt 0.555120 0.804499
vt 0.558593 0.801599
vt 0.547887 0.825697
vt 0.551939 0.813763
vt 0.567796 0.799192
vt 0.558062 0.785098
vt 0.566548 0.781521
vt 0.549228 0.789460
vt 0.538304 0.802474
vt 0.543824 0.794115
vt 0.571076 0.777644
vt 0.533477 0.810707
vt 0.455732 0.690028
vt 0.448117 0.703815
vt 0.433891 0.703893
vt 0.443054 0.679338
vt 0.476592 0.679522
vt 0.461907 0.684834
vt 0.453144 0.670652
vt 0.477829 0.665975
vt 0.500615 0.675280
vt 0.492876 0.673921
vt 0.498782 0.661324
vt 0.507470 0.658117
vt 0.441317 0.718971
vt 0.424537 0.728235
vt 0.469578 0.694851
vt 0.480786 0.690649
vt 0.458673 0.709172
vt 0.464556 0.699038
vt 0.492245 0.686411
vt 0.497910 0.684726
vt 0.453119 0.719307
vt 0.317066 0.507915
vt 0.323576 0.507268
vt 0.313117 0.514947
vt 0.315433 0.509055
vt 0.331077 0.505640
vt 0.333255 0.502965
vt 0.309532 0.521498
vt 0.308834 0.507028
vt 0.312051 0.504523
vt 0.322266 0.498823
vt 0.323599 0.497942
vt 0.313563 0.503337
vt 0.306069 0.511507
vt 0.316825 0.500795
vt 0.299727 0.519927
vt 0.302021 0.506256
vt 0.317322 0.494180
vt 0.327498 0.494350
vt 0.310490 0.501690
vt 0.311145 0.501167
vt 0.306778 0.492305
vt 0.312951 0.499515
vt 0.309650 0.498917
vt 0.330120 0.494497
vt 0.311366 0.502340
vt 0.311401 0.502140
vt 0.311599 0.502432
vt 0.311576 0.502424
vt 0.302987 0.495159
vt 0.289209 0.477303
vt 0.294017 0.474017
vt 0.286040 0.488463
vt 0.305575 0.474914
vt 0.316247 0.476997
vt 0.257753 0.400604
vt 0.250863 0.401665
vt 0.213894 0.361790
vt 0.215364 0.361400
vt 0.243989 0.402362
vt 0.239142 0.405718
vt 0.212746 0.361097
vt 0.213006 0.361274
vt 0.213034 0.360792
vt 0.212790 0.362058
vt 0.216062 0.359191
vt 0.211376 0.362947
vt 0.235987 0.411913
vt 0.320210 0.474666
vt 0.232486 0.418050
vt 0.261881 0.396465
vt 0.272988 0.442943
vt 0.267282 0.446915
vt 0.263747 0.456363
vt 0.260538 0.465834
vt 0.284054 0.499302
vt 0.293075 0.443072
vt 0.283077 0.442861
vt 0.297933 0.439377
vt 0.311598 0.502421
vt 0.311596 0.502427
vt 0.311595 0.502439
vt 0.311592 0.502413
vt 0.311590 0.502432
vt 0.311583 0.502433
vt 0.309714 0.502307
vt 0.308700 0.499715
vt 0.311924 0.500563
vt 0.308453 0.503067
vt 0.311343 0.502171
vt 0.311551 0.502185
vt 0.311463 0.502206
vt 0.311406 0.502257
vt 0.311518 0.502231
vt 0.311418 0.502317
vt 0.912304 0.715952
vt 0.521757 0.072285
vt 0.534727 0.064373
vt 0.921962 0.707867
vt 0.903618 0.752919
vt 0.495827 0.088262
vt 0.508803 0.080240
vt 0.905059 0.729072
vt 0.947087 0.706527
vt 0.965682 0.716593
vt 0.572458 0.041626
vt 0.970196 0.712463
vt 0.663222 0.028270
vt 0.953835 0.499805
vt 0.882279 0.447769
vt 0.711285 0.170321
vt 0.869170 0.446422
vt 0.735670 0.229810
vt 0.857763 0.485222
vt 0.832955 0.444969
vt 0.663222 0.028270
vt 0.953835 0.499805
vt 0.882279 0.447769
vt 0.711285 0.170321
vt 0.869170 0.446422
vt 0.735670 0.229810
vt 0.857763 0.485222
vt 0.832955 0.444969
vt 0.663222 0.028270
vt 0.953835 0.499805
vt 0.882279 0.447769
vt 0.711285 0.170321
vt 0.869170 0.446422
vt 0.735670 0.229810
vt 0.857763 0.485222
vt 0.832955 0.444969
vt 0.663222 0.028270
vt 0.953835 0.499805
vt 0.882279 0.447769
vt 0.711285 0.170321
vt 0.869170 0.446422
vt 0.735670 0.229810
vt 0.857763 0.485222
vt 0.832955 0.444969
vt 0.663222 0.028270
vt 0.711285 0.170321
vt 0.882279 0.447769
vt 0.953835 0.499805
vt 0.735670 0.229810
vt 0.869170 0.446422
vt 0.832955 0.444969
vt 0.857763 0.485222
vt 0.663222 0.028270
vt 0.711285 0.170321
vt 0.882279 0.447769
vt 0.953835 0.499805
vt 0.735670 0.229810
vt 0.869170 0.446422
vt 0.832955 0.444969
vt 0.857763 0.485222
vt 0.663222 0.028270
vt 0.711285 0.170321
vt 0.882279 0.447769
vt 0.953835 0.499805
vt 0.735670 0.229810
vt 0.869170 0.446422
vt 0.832955 0.444969
vt 0.857763 0.485222
vt 0.663222 0.028270
vt 0.711285 0.170321
vt 0.882279 0.447769
vt 0.953835 0.499805
vt 0.735670 0.229810
vt 0.869170 0.446422
vt 0.832955 0.444969
vt 0.857763 0.485222
vt 0.933168 0.703437
vt 0.547724 0.056494
vt 0.560785 0.048628
vt 0.947948 0.702652
vt 0.914817 0.717943
vt 0.923383 0.710244
vt 0.935835 0.731050
vt 0.909254 0.750814
vt 0.908725 0.729975
vt 0.933667 0.706208
vt 0.687783 0.939457
vt 0.674213 0.953699
vt 0.669575 0.949550
vt 0.683141 0.935273
vt 0.732949 0.879567
vt 0.723583 0.892975
vt 0.718814 0.889493
vt 0.729678 0.872572
vt 0.700955 0.924446
vt 0.696006 0.920645
vt 0.662750 0.966813
vt 0.654267 0.963971
vt 0.712973 0.908885
vt 0.707927 0.905472
vt 0.557673 0.834275
vt 0.563575 0.828162
vt 0.581262 0.810914
vt 0.587273 0.804991
vt 0.574420 0.816748
vt 0.569574 0.821268
vt 0.590829 0.800848
vt 0.579081 0.796165
vt 0.584963 0.791211
vt 0.555120 0.804499
vt 0.558593 0.801599
vt 0.547887 0.825697
vt 0.551939 0.813763
vt 0.567796 0.799192
vt 0.558062 0.785098
vt 0.566548 0.781521
vt 0.549228 0.789460
vt 0.538304 0.802474
vt 0.543824 0.794115
vt 0.571076 0.777644
vt 0.533477 0.810707
vt 0.455732 0.690028
vt 0.448117 0.703815
vt 0.433891 0.703893
vt 0.443054 0.679338
vt 0.476592 0.679522
vt 0.461907 0.684834
vt 0.453144 0.670652
vt 0.477829 0.665975
vt 0.500615 0.675280
vt 0.492876 0.673921
vt 0.498782 0.661324
vt 0.507470 0.658117
vt 0.441317 0.718971
vt 0.424537 0.728235
vt 0.469578 0.694851
vt 0.480786 0.690649
vt 0.458673 0.709172
vt 0.464556 0.699038
vt 0.492245 0.686411
vt 0.497910 0.684726
vt 0.453119 0.719307
vt 0.317066 0.507915
vt 0.323576 0.507268
vt 0.313117 0.514947
vt 0.315433 0.509055
vt 0.331077 0.505640
vt 0.333255 0.502965
vt 0.309532 0.521498
vt 0.308834 0.507028
vt 0.312051 0.504523
vt 0.322266 0.498823
vt 0.323599 0.497942
vt 0.313563 0.503337
vt 0.306069 0.511507
vt 0.316825 0.500795
vt 0.299727 0.519927
vt 0.302021 0.506256
vt 0.317322 0.494180
vt 0.327498 0.494350
vt 0.310490 0.501690
vt 0.311145 0.501167
vt 0.306778 0.492305
vt 0.312951 0.499515
vt 0.309650 0.498917
vt 0.330120 0.494497
vt 0.311366 0.502340
vt 0.311401 0.502140
vt 0.311599 0.502432
vt 0.311576 0.502424
vt 0.302987 0.495159
vt 0.289209 0.477303
vt 0.294017 0.474017
vt 0.286040 0.488463
vt 0.305575 0.474914
vt 0.316247 0.476997
vt 0.257753 0.400604
vt 0.250863 0.401665
vt 0.213894 0.361790
vt 0.215364 0.361400
vt 0.243989 0.402362
vt 0.239142 0.405718
vt 0.212746 0.361097
vt 0.213006 0.361274
vt 0.213034 0.360792
vt 0.212790 0.362058
vt 0.216062 0.359191
vt 0.211376 0.362947
vt 0.235987 0.411913
vt 0.320210 0.474666
vt 0.232486 0.418050
vt 0.261881 0.396465
vt 0.272988 0.442943
vt 0.267282 0.446915
vt 0.263747 0.456363
vt 0.260538 0.465834
vt 0.284054 0.499302
vt 0.293075 0.443072
vt 0.283077 0.442861
vt 0.297933 0.439377
vt 0.311598 0.502421
vt 0.311596 0.502427
vt 0.311595 0.502439
vt 0.311592 0.502413
vt 0.311590 0.502432
vt 0.311583 0.502433
vt 0.309714 0.502307
vt 0.308700 0.499715
vt 0.311924 0.500563
vt 0.308453 0.503067
vt 0.311343 0.502171
vt 0.311551 0.502185
vt 0.311463 0.502206
vt 0.311406 0.502257
vt 0.311518 0.502231
vt 0.311418 0.502317
vt 0.912304 0.715952
vt 0.521757 0.072285
vt 0.534727 0.064373
vt 0.921962 0.707867
vt 0.903618 0.752919
vt 0.495827 0.088262
vt 0.508803 0.080240
vt 0.905059 0.729072
vt 0.947087 0.706527
vt 0.965682 0.716593
vt 0.572458 0.041626
vt 0.970196 0.712463
vt 0.663222 0.028270
vt 0.953835 0.499805
vt 0.882279 0.447769
vt 0.711285 0.170321
vt 0.869170 0.446422
vt 0.735670 0.229810
vt 0.857763 0.485222
vt 0.832955 0.444969
vt 0.663222 0.028270
vt 0.953835 0.499805
vt 0.882279 0.447769
vt 0.711285 0.170321
vt 0.869170 0.446422
vt 0.735670 0.229810
vt 0.857763 0.485222
vt 0.832955 0.444969
vt 0.663222 0.028270
vt 0.953835 0.499805
vt 0.882279 0.447769
vt 0.711285 0.170321
vt 0.869170 0.446422
vt 0.735670 0.229810
vt 0.857763 0.485222
vt 0.832955 0.444969
vt 0.663222 0.028270
vt 0.953835 0.499805
vt 0.882279 0.447769
vt 0.711285 0.170321
vt 0.869170 0.446422
vt 0.735670 0.229810
vt 0.857763 0.485222
vt 0.832955 0.444969
vt 0.663222 0.028270
vt 0.711285 0.170321
vt 0.882279 0.447769
vt 0.953835 0.499805
vt 0.735670 0.229810
vt 0.869170 0.446422
vt 0.832955 0.444969
vt 0.857763 0.485222
vt 0.663222 0.028270
vt 0.711285 0.170321
vt 0.882279 0.447769
vt 0.953835 0.499805
vt 0.735670 0.229810
vt 0.869170 0.446422
vt 0.832955 0.444969
vt 0.857763 0.485222
vt 0.663222 0.028270
vt 0.711285 0.170321
vt 0.882279 0.447769
vt 0.953835 0.499805
vt 0.735670 0.229810
vt 0.869170 0.446422
vt 0.832955 0.444969
vt 0.857763 0.485222
vt 0.663222 0.028270
vt 0.711285 0.170321
vt 0.882279 0.447769
vt 0.953835 0.499805
vt 0.735670 0.229810
vt 0.869170 0.446422
vt 0.832955 0.444969
vt 0.857763 0.485222
vt 0.933168 0.703437
vt 0.547724 0.056494
vt 0.560785 0.048628
vt 0.947948 0.702652
vt 0.914817 0.717943
vt 0.923383 0.710244
vt 0.935835 0.731050
vt 0.909254 0.750814
vt 0.908725 0.729975
vt 0.933667 0.706208
vt 0.687783 0.939457
vt 0.674213 0.953699
vt 0.669575 0.949550
vt 0.683141 0.935273
vt 0.732949 0.879567
vt 0.723583 0.892975
vt 0.718814 0.889493
vt 0.729678 0.872572
vt 0.700955 0.924446
vt 0.696006 0.920645
vt 0.662750 0.966813
vt 0.654267 0.963971
vt 0.712973 0.908885
vt 0.707927 0.905472
vt 0.557673 0.834275
vt 0.563575 0.828162
vt 0.581262 0.810914
vt 0.587273 0.804991
vt 0.574420 0.816748
vt 0.569574 0.821268
vt 0.590829 0.800848
vt 0.579081 0.796165
vt 0.584963 0.791211
vt 0.555120 0.804499
vt 0.558593 0.801599
vt 0.547887 0.825697
vt 0.551939 0.813763
vt 0.567796 0.799192
vt 0.558062 0.785098
vt 0.566548 0.781521
vt 0.549228 0.789460
vt 0.538304 0.802474
vt 0.543824 0.794115
vt 0.571076 0.777644
vt 0.533477 0.810707
vt 0.455732 0.690028
vt 0.448117 0.703815
vt 0.433891 0.703893
vt 0.443054 0.679338
vt 0.476592 0.679522
vt 0.461907 0.684834
vt 0.453144 0.670652
vt 0.477829 0.665975
vt 0.500615 0.675280
vt 0.492876 0.673921
vt 0.498782 0.661324
vt 0.507470 0.658117
vt 0.441317 0.718971
vt 0.424537 0.728235
vt 0.469578 0.694851
vt 0.480786 0.690649
vt 0.458673 0.709172
vt 0.464556 0.699038
vt 0.492245 0.686411
vt 0.497910 0.684726
vt 0.453119 0.719307
vt 0.317066 0.507915
vt 0.323576 0.507268
vt 0.313117 0.514947
vt 0.315433 0.509055
vt 0.331077 0.505640
vt 0.333255 0.502965
vt 0.309532 0.521498
vt 0.308834 0.507028
vt 0.312051 0.504523
vt 0.322266 0.498823
vt 0.323599 0.497942
vt 0.313563 0.503337
vt 0.306069 0.511507
vt 0.316825 0.500795
vt 0.299727 0.519927
vt 0.302021 0.506256
vt 0.317322 0.494180
vt 0.327498 0.494350
vt 0.310490 0.501690
vt 0.311145 0.501167
vt 0.306778 0.492305
vt 0.312951 0.499515
vt 0.309650 0.498917
vt 0.330120 0.494497
vt 0.311366 0.502340
vt 0.311401 0.502140
vt 0.311599 0.502432
vt 0.311576 0.502424
vt 0.302987 0.495159
vt 0.289209 0.477303
vt 0.294017 0.474017
vt 0.286040 0.488463
vt 0.305575 0.474914
vt 0.316247 0.476997
vt 0.257753 0.400604
vt 0.250863 0.401665
vt 0.213894 0.361790
vt 0.215364 0.361400
vt 0.243989 0.402362
vt 0.239142 0.405718
vt 0.212746 0.361097
vt 0.213006 0.361274
vt 0.213034 0.360792
vt 0.212790 0.362058
vt 0.216062 0.359191
vt 0.211376 0.362947
vt 0.235987 0.411913
vt 0.320210 0.474666
vt 0.232486 0.418050
vt 0.261881 0.396465
vt 0.272988 0.442943
vt 0.267282 0.446915
vt 0.263747 0.456363
vt 0.260538 0.465834
vt 0.284054 0.499302
vt 0.293075 0.443072
vt 0.283077 0.442861
vt 0.297933 0.439377
vt 0.311598 0.502421
vt 0.311596 0.502427
vt 0.311595 0.502439
vt 0.311592 0.502413
vt 0.311590 0.502432
vt 0.311583 0.502433
vt 0.309714 0.502307
vt 0.308700 0.499715
vt 0.311924 0.500563
vt 0.308453 0.503067
vt 0.311343 0.502171
vt 0.311551 0.502185
vt 0.311463 0.502206
vt 0.311406 0.502257
vt 0.311518 0.502231
vt 0.311418 0.502317
vt 0.912304 0.715952
vt 0.521757 0.072285
vt 0.534727 0.064373
vt 0.921962 0.707867
vt 0.903618 0.752919
vt 0.495827 0.088262
vt 0.508803 0.080240
vt 0.905059 0.729072
vt 0.947087 0.706527
vt 0.965682 0.716593
vt 0.572458 0.041626
vt 0.970196 0.712463
vt 0.663222 0.028270
vt 0.953835 0.499805
vt 0.882279 0.447769
vt 0.711285 0.170321
vt 0.869170 0.446422
vt 0.735670 0.229810
vt 0.857763 0.485222
vt 0.832955 0.444969
vt 0.663222 0.028270
vt 0.953835 0.499805
vt 0.882279 0.447769
vt 0.711285 0.170321
vt 0.869170 0.446422
vt 0.735670 0.229810
vt 0.857763 0.485222
vt 0.832955 0.444969
vt 0.663222 0.028270
vt 0.953835 0.499805
vt 0.882279 0.447769
vt 0.711285 0.170321
vt 0.869170 0.446422
vt 0.735670 0.229810
vt 0.857763 0.485222
vt 0.832955 0.444969
vt 0.663222 0.028270
vt 0.953835 0.499805
vt 0.882279 0.447769
vt 0.711285 0.170321
vt 0.869170 0.446422
vt 0.735670 0.229810
vt 0.857763 0.485222
vt 0.832955 0.444969
vt 0.663222 0.028270
vt 0.711285 0.170321
vt 0.882279 0.447769
vt 0.953835 0.499805
vt 0.735670 0.229810
vt 0.869170 0.446422
vt 0.832955 0.444969
vt 0.857763 0.485222
vt 0.663222 0.028270
vt 0.711285 0.170321
vt 0.882279 0.447769
vt 0.953835 0.499805
vt 0.735670 0.229810
vt 0.869170 0.446422
vt 0.832955 0.444969
vt 0.857763 0.485222
vt 0.663222 0.028270
vt 0.711285 0.170321
vt 0.882279 0.447769
vt 0.953835 0.499805
vt 0.735670 0.229810
vt 0.869170 0.446422
vt 0.832955 0.444969
vt 0.857763 0.485222
vt 0.663222 0.028270
vt 0.711285 0.170321
vt 0.882279 0.447769
vt 0.953835 0.499805
vt 0.735670 0.229810
vt 0.869170 0.446422
vt 0.832955 0.444969
vt 0.857763 0.485222
vt 0.933168 0.703437
vt 0.547724 0.056494
vt 0.560785 0.048628
vt 0.947948 0.702652
vt 0.914817 0.717943
vt 0.923383 0.710244
vt 0.935835 0.731050
vt 0.909254 0.750814
vt 0.908725 0.729975
vt 0.933667 0.706208
vt 0.687783 0.939457
vt 0.674213 0.953699
vt 0.669575 0.949550
vt 0.683141 0.935273
vt 0.732949 0.879567
vt 0.723583 0.892975
vt 0.718814 0.889493
vt 0.729678 0.872572
vt 0.700955 0.924446
vt 0.696006 0.920645
vt 0.662750 0.966813
vt 0.654267 0.963971
vt 0.712973 0.908885
vt 0.707927 0.905472
vt 0.557673 0.834275
vt 0.563575 0.828162
vt 0.581262 0.810914
vt 0.587273 0.804991
vt 0.574420 0.816748
vt 0.569574 0.821268
vt 0.590829 0.800848
vt 0.579081 0.796165
vt 0.584963 0.791211
vt 0.555120 0.804499
vt 0.558593 0.801599
vt 0.547887 0.825697
vt 0.551939 0.813763
vt 0.567796 0.799192
vt 0.558062 0.785098
vt 0.566548 0.781521
vt 0.549228 0.789460
vt 0.538304 0.802474
vt 0.543824 0.794115
vt 0.571076 0.777644
vt 0.533477 0.810707
vt 0.455732 0.690028
vt 0.448117 0.703815
vt 0.433891 0.703893
vt 0.443054 0.679338
vt 0.476592 0.679522
vt 0.461907 0.684834
vt 0.453144 0.670652
vt 0.477829 0.665975
vt 0.500615 0.675280
vt 0.492876 0.673921
vt 0.498782 0.661324
vt 0.507470 0.658117
vt 0.441317 0.718971
vt 0.424537 0.728235
vt 0.469578 0.694851
vt 0.480786 0.690649
vt 0.458673 0.709172
vt 0.464556 0.699038
vt 0.492245 0.686411
vt 0.497910 0.684726
vt 0.453119 0.719307
vt 0.317066 0.507915
vt 0.323576 0.507268
vt 0.313117 0.514947
vt 0.315433 0.509055
vt 0.331077 0.505640
vt 0.333255 0.502965
vt 0.309532 0.521498
vt 0.308834 0.507028
vt 0.312051 0.504523
vt 0.322266 0.498823
vt 0.323599 0.497942
vt 0.313563 0.503337
vt 0.306069 0.511507
vt 0.316825 0.500795
vt 0.299727 0.519927
vt 0.302021 0.506256
vt 0.317322 0.494180
vt 0.327498 0.494350
vt 0.310490 0.501690
vt 0.311145 0.501167
vt 0.306778 0.492305
vt 0.312951 0.499515
vt 0.309650 0.498917
vt 0.330120 0.494497
vt 0.311366 0.502340
vt 0.311401 0.502140
vt 0.311599 0.502432
vt 0.311576 0.502424
vt 0.302987 0.495159
vt 0.289209 0.477303
vt 0.294017 0.474017
vt 0.286040 0.488463
vt 0.305575 0.474914
vt 0.316247 0.476997
vt 0.257753 0.400604
vt 0.250863 0.401665
vt 0.213894 0.361790
vt 0.215364 0.361400
vt 0.243989 0.402362
vt 0.239142 0.405718
vt 0.212746 0.361097
vt 0.213006 0.361274
vt 0.213034 0.360792
vt 0.212790 0.362058
vt 0.216062 0.359191
vt 0.211376 0.362947
vt 0.235987 0.411913
vt 0.320210 0.474666
vt 0.232486 0.418050
vt 0.261881 0.396465
vt 0.272988 0.442943
vt 0.267282 0.446915
vt 0.263747 0.456363
vt 0.260538 0.465834
vt 0.284054 0.499302
vt 0.293075 0.443072
vt 0.283077 0.442861
vt 0.297933 0.439377
vt 0.311598 0.502421
vt 0.311596 0.502427
vt 0.311595 0.502439
vt 0.311592 0.502413
vt 0.311590 0.502432
vt 0.311583 0.502433
vt 0.309714 0.502307
vt 0.308700 0.499715
vt 0.311924 0.500563
vt 0.308453 0.503067
vt 0.311343 0.502171
vt 0.311551 0.502185
vt 0.311463 0.502206
vt 0.311406 0.502257
vt 0.311518 0.502231
vt 0.311418 0.502317
vt 0.912304 0.715952
vt 0.521757 0.072285
vt 0.534727 0.064373
vt 0.921962 0.707867
vt 0.903618 0.752919
vt 0.495827 0.088262
vt 0.508803 0.080240
vt 0.905059 0.729072
vt 0.947087 0.706527
vt 0.965682 0.716593
vt 0.572458 0.041626
vt 0.970196 0.712463
vt 0.663222 0.028270
vt 0.953835 0.499805
vt 0.882279 0.447769
vt 0.711285 0.170321
vt 0.869170 0.446422
vt 0.735670 0.229810
vt 0.857763 0.485222
vt 0.832955 0.444969
vt 0.663222 0.028270
vt 0.953835 0.499805
vt 0.882279 0.447769
vt 0.711285 0.170321
vt 0.869170 0.446422
vt 0.735670 0.229810
vt 0.857763 0.485222
vt 0.832955 0.444969
vt 0.663222 0.028270
vt 0.953835 0.499805
vt 0.882279 0.447769
vt 0.711285 0.170321
vt 0.869170 0.446422
vt 0.735670 0.229810
vt 0.857763 0.485222
vt 0.832955 0.444969
vt 0.663222 0.028270
vt 0.953835 0.499805
vt 0.882279 0.447769
vt 0.711285 0.170321
vt 0.869170 0.446422
vt 0.735670 0.229810
vt 0.857763 0.485222
vt 0.832955 0.444969
vt 0.663222 0.028270
vt 0.711285 0.170321
vt 0.882279 0.447769
vt 0.953835 0.499805
vt 0.735670 0.229810
vt 0.869170 0.446422
vt 0.832955 0.444969
vt 0.857763 0.485222
vt 0.663222 0.028270
vt 0.711285 0.170321
vt 0.882279 0.447769
vt 0.953835 0.499805
vt 0.735670 0.229810
vt 0.869170 0.446422
vt 0.832955 0.444969
vt 0.857763 0.485222
vt 0.663222 0.028270
vt 0.711285 0.170321
vt 0.882279 0.447769
vt 0.953835 0.499805
vt 0.735670 0.229810
vt 0.869170 0.446422
vt 0.832955 0.444969
vt 0.857763 0.485222
vt 0.663222 0.028270
vt 0.711285 0.170321
vt 0.882279 0.447769
vt 0.953835 0.499805
vt 0.735670 0.229810
vt 0.869170 0.446422
vt 0.832955 0.444969
vt 0.857763 0.485222
vt 0.952168 0.940804
vt 0.950405 0.940680
vt 0.871336 0.932475
vt 0.851641 0.925029
vt 0.852523 0.963963
vt 0.852642 0.967191
vt 0.969833 0.929937
vt 0.968955 0.931587
vt 0.850264 0.926144
vt 0.888222 0.935372
vt 0.853435 0.948350
vt 0.891128 0.936038
vt 0.847459 0.864490
vt 0.843908 0.866449
vt 0.817054 0.885403
vt 0.803540 0.895566
vt 0.794367 0.904194
vt 0.947953 0.897306
vt 0.932273 0.907456
vt 0.836983 0.871038
vt 0.819866 0.883118
vt 0.949138 0.895517
vt 0.791139 0.907415
vt 0.930212 0.907804
vt 0.778040 0.784890
vt 0.773704 0.788670
vt 0.755435 0.802205
vt 0.746285 0.808962
vt 0.739403 0.814390
vt 0.923903 0.853290
vt 0.900059 0.869293
vt 0.766488 0.793915
vt 0.757397 0.800746
vt 0.927751 0.852196
vt 0.734052 0.817608
vt 0.897652 0.872482
vt 0.758086 0.756847
vt 0.754107 0.761349
vt 0.735898 0.776019
vt 0.726150 0.782446
vt 0.718899 0.787827
vt 0.913074 0.830528
vt 0.882980 0.850931
vt 0.746853 0.767033
vt 0.737900 0.774532
vt 0.918050 0.829591
vt 0.712886 0.790456
vt 0.880316 0.855228
vt 0.739074 0.729146
vt 0.735499 0.734352
vt 0.716908 0.750641
vt 0.706223 0.756940
vt 0.698401 0.762292
vt 0.900252 0.804879
vt 0.863780 0.829744
vt 0.728151 0.740635
vt 0.719041 0.749058
vt 0.906226 0.804515
vt 0.691781 0.764259
vt 0.861318 0.835208
vt 0.695843 0.694506
vt 0.704034 0.687892
vt 0.663005 0.718874
vt 0.671334 0.712760
vt 0.656297 0.720206
vt 0.824705 0.793693
vt 0.828530 0.789792
vt 0.875578 0.757572
vt 0.880637 0.755440
vt 0.683273 0.705852
vt 0.685805 0.703975
vt 0.707136 0.682409
vt 0.798114 0.813839
vt 0.793866 0.816940
vt 0.776070 0.829886
vt 0.767085 0.836756
vt 0.760699 0.841773
vt 0.930896 0.872725
vt 0.915641 0.882774
vt 0.787207 0.821751
vt 0.778062 0.828399
vt 0.933505 0.871502
vt 0.756050 0.845179
vt 0.913572 0.884794
vt 0.928073 0.884844
vt 0.928082 0.884824
vt 0.928077 0.884847
vt 0.928091 0.884857
vt 0.927958 0.884815
vt 0.927884 0.884760
vt 0.928010 0.884899
vt 0.927964 0.884929
vt 0.928032 0.884999
vt 0.928151 0.884450
vt 0.927163 0.884926
vt 0.928236 0.884775
vt 0.927356 0.885292
vt 0.927612 0.885512
vt 0.928095 0.884842
vt 0.928098 0.884840
vt 0.928095 0.884841
vt 0.928097 0.884842
vt 0.621391 0.618036
vt 0.628271 0.610820
vt 0.633956 0.605163
vt 0.635387 0.602664
vt 0.610753 0.623803
vt 0.619666 0.619318
vt 0.766312 0.698551
vt 0.769063 0.692910
vt 0.603759 0.627633
vt 0.600852 0.628253
vt 0.805848 0.667296
vt 0.812110 0.666664
vt 0.445153 0.309828
vt 0.447651 0.308576
vt 0.374081 0.363116
vt 0.376006 0.361089
vt 0.564287 0.306039
vt 0.583162 0.288336
vt 0.409187 0.330094
vt 0.428646 0.319178
vt 0.389757 0.348012
vt 0.486343 0.357954
vt 0.509041 0.345733
vt 0.405869 0.332572
vt 0.326076 0.219036
vt 0.341026 0.212010
vt 0.302552 0.244767
vt 0.312810 0.232854
vt 0.393496 0.225625
vt 0.419922 0.218432
vt 0.355412 0.205703
vt 0.300856 0.246741
vt 0.323918 0.220622
vt 0.357795 0.204662
vt 0.470567 0.181309
vt 0.485451 0.158089
vt 0.437880 0.157917
vt 0.407230 0.180445
vt 0.309515 0.200170
vt 0.298270 0.209209
vt 0.310798 0.199209
vt 0.322723 0.191180
vt 0.335791 0.182150
vt 0.333820 0.183729
vt 0.287871 0.217667
vt 0.285783 0.219085
vt 0.461820 0.135144
vt 0.378676 0.196679
vt 0.952168 0.940804
vt 0.950405 0.940680
vt 0.871336 0.932475
vt 0.851641 0.925029
vt 0.852523 0.963963
vt 0.852642 0.967191
vt 0.969833 0.929937
vt 0.968955 0.931587
vt 0.850264 0.926144
vt 0.888222 0.935372
vt 0.853435 0.948350
vt 0.891128 0.936038
vt 0.843908 0.866449
vt 0.847459 0.864490
vt 0.803540 0.895566
vt 0.817054 0.885403
vt 0.794367 0.904194
vt 0.932273 0.907456
vt 0.947953 0.897306
vt 0.836983 0.871038
vt 0.819866 0.883118
vt 0.949138 0.895517
vt 0.791139 0.907415
vt 0.930212 0.907804
vt 0.773704 0.788670
vt 0.778040 0.784890
vt 0.746285 0.808962
vt 0.755435 0.802205
vt 0.739403 0.814390
vt 0.900059 0.869293
vt 0.923903 0.853290
vt 0.766488 0.793915
vt 0.757397 0.800746
vt 0.927751 0.852196
vt 0.734052 0.817608
vt 0.897652 0.872482
vt 0.754107 0.761349
vt 0.758086 0.756847
vt 0.726150 0.782446
vt 0.735898 0.776019
vt 0.718899 0.787827
vt 0.882980 0.850931
vt 0.913074 0.830528
vt 0.746853 0.767033
vt 0.737900 0.774532
vt 0.918050 0.829591
vt 0.712886 0.790456
vt 0.880316 0.855228
vt 0.735499 0.734352
vt 0.739074 0.729146
vt 0.706223 0.756940
vt 0.716908 0.750641
vt 0.698401 0.762292
vt 0.863780 0.829744
vt 0.900252 0.804879
vt 0.728151 0.740635
vt 0.719041 0.749058
vt 0.906226 0.804515
vt 0.691781 0.764259
vt 0.861318 0.835208
vt 0.704034 0.687892
vt 0.695843 0.694506
vt 0.671334 0.712760
vt 0.663005 0.718874
vt 0.656297 0.720206
vt 0.828530 0.789792
vt 0.824705 0.793693
vt 0.880637 0.755440
vt 0.875578 0.757572
vt 0.685805 0.703975
vt 0.683273 0.705852
vt 0.707136 0.682409
vt 0.793866 0.816940
vt 0.798114 0.813839
vt 0.767085 0.836756
vt 0.776070 0.829886
vt 0.760699 0.841773
vt 0.915641 0.882774
vt 0.930896 0.872725
vt 0.787207 0.821751
vt 0.778062 0.828399
vt 0.933505 0.871502
vt 0.756050 0.845179
vt 0.913572 0.884794
vt 0.928082 0.884824
vt 0.928073 0.884844
vt 0.928077 0.884847
vt 0.928091 0.884857
vt 0.927884 0.884760
vt 0.927958 0.884815
vt 0.928010 0.884899
vt 0.928032 0.884999
vt 0.927964 0.884929
vt 0.927163 0.884926
vt 0.928151 0.884450
vt 0.928236 0.884775
vt 0.927612 0.885512
vt 0.927356 0.885292
vt 0.928098 0.884840
vt 0.928095 0.884842
vt 0.928095 0.884841
vt 0.928097 0.884842
vt 0.628271 0.610820
vt 0.621391 0.618036
vt 0.635387 0.602664
vt 0.633956 0.605163
vt 0.619666 0.619318
vt 0.610753 0.623803
vt 0.769063 0.692910
vt 0.766312 0.698551
vt 0.603759 0.627633
vt 0.600852 0.628253
vt 0.805848 0.667296
vt 0.812110 0.666664
vt 0.447651 0.308576
vt 0.445153 0.309828
vt 0.376006 0.361089
vt 0.374081 0.363116
vt 0.583162 0.288336
vt 0.564287 0.306039
vt 0.428646 0.319178
vt 0.409187 0.330094
vt 0.389757 0.348012
vt 0.509041 0.345733
vt 0.486343 0.357954
vt 0.405869 0.332572
vt 0.341026 0.212010
vt 0.326076 0.219036
vt 0.312810 0.232854
vt 0.302552 0.244767
vt 0.419922 0.218432
vt 0.393496 0.225625
vt 0.355412 0.205703
vt 0.300856 0.246741
vt 0.323918 0.220622
vt 0.357795 0.204662
vt 0.470567 0.181309
vt 0.485451 0.158089
vt 0.407230 0.180445
vt 0.437880 0.157917
vt 0.298270 0.209209
vt 0.309515 0.200170
vt 0.310798 0.199209
vt 0.322723 0.191180
vt 0.333820 0.183729
vt 0.335791 0.182150
vt 0.285783 0.219085
vt 0.287871 0.217667
vt 0.461820 0.135144
vt 0.378676 0.196679
vt 0.059938 0.554916
vt 0.050795 0.554925
vt 0.051431 0.551424
vt 0.060269 0.551657
vt 0.041620 0.555324
vt 0.042497 0.551609
vt 0.033134 0.556130
vt 0.034147 0.552099
vt 0.025469 0.557268
vt 0.026528 0.552677
vt 0.018034 0.558501
vt 0.019178 0.553011
vt 0.010484 0.559402
vt 0.011719 0.552529
vt 0.131682 0.479334
vt 0.127892 0.485925
vt 0.122393 0.484823
vt 0.124876 0.477773
vt 0.123840 0.492279
vt 0.119202 0.491453
vt 0.119786 0.498884
vt 0.115681 0.498234
vt 0.115715 0.506373
vt 0.111955 0.505723
vt 0.111750 0.514656
vt 0.108279 0.513867
vt 0.108154 0.523063
vt 0.105027 0.522088
vt 0.105115 0.531075
vt 0.102366 0.529856
vt 0.102324 0.537947
vt 0.100027 0.536519
vt 0.099681 0.543291
vt 0.097826 0.541728
vt 0.097174 0.547163
vt 0.095679 0.545533
vt 0.094806 0.549859
vt 0.093553 0.548198
vt 0.092475 0.551749
vt 0.091350 0.550045
vt 0.089823 0.553151
vt 0.088787 0.551347
vt 0.086414 0.554271
vt 0.085501 0.552257
vt 0.081869 0.555058
vt 0.081159 0.552739
vt 0.075917 0.555393
vt 0.075504 0.552720
vt 0.068500 0.555264
vt 0.068458 0.552258
vt 0.054853 0.540171
vt 0.061902 0.541124
vt 0.047605 0.539516
vt 0.040711 0.538847
vt 0.034394 0.537788
vt 0.028585 0.535926
vt 0.023070 0.532610
vt 0.102987 0.486773
vt 0.102100 0.480399
vt 0.102421 0.492847
vt 0.100917 0.499072
vt 0.098828 0.505677
vt 0.096586 0.512601
vt 0.094697 0.519458
vt 0.093246 0.525816
vt 0.092162 0.531328
vt 0.091121 0.535748
vt 0.089929 0.539084
vt 0.088495 0.541473
vt 0.086747 0.543077
vt 0.084585 0.544056
vt 0.081825 0.544438
vt 0.078289 0.544225
vt 0.073815 0.543449
vt 0.068320 0.542283
vt 0.141034 0.502247
vt 0.136863 0.508491
vt 0.035272 0.575606
vt 0.027891 0.576993
vt 0.113648 0.553511
vt 0.110725 0.558868
vt 0.124061 0.530498
vt 0.120143 0.538775
vt 0.096558 0.570354
vt 0.091865 0.571328
vt 0.102931 0.567574
vt 0.100123 0.569098
vt 0.060536 0.572465
vt 0.051380 0.573180
vt 0.042915 0.574257
vt 0.144873 0.495762
vt 0.128311 0.522356
vt 0.105434 0.565590
vt 0.078292 0.572103
vt 0.069687 0.572108
vt 0.116762 0.546687
vt 0.107987 0.562803
vt 0.020421 0.577980
vt 0.132623 0.514992
vt 0.085790 0.571915
vt 0.180459 0.551212
vt 0.175930 0.557128
vt 0.064682 0.630623
vt 0.057464 0.632468
vt 0.147622 0.600202
vt 0.143859 0.605600
vt 0.160996 0.578024
vt 0.156110 0.585912
vt 0.126988 0.618601
vt 0.121850 0.620139
vt 0.134296 0.615051
vt 0.131025 0.616942
vt 0.089762 0.625084
vt 0.080659 0.626750
vt 0.072256 0.628637
vt 0.184445 0.545046
vt 0.166100 0.570304
vt 0.137318 0.612784
vt 0.107665 0.622618
vt 0.098934 0.623685
vt 0.151703 0.593524
vt 0.140428 0.609722
vt 0.050229 0.633715
vt 0.171132 0.563315
vt 0.115409 0.621483
vt 0.219885 0.600178
vt 0.214997 0.605764
vt 0.094093 0.685639
vt 0.087036 0.687943
vt 0.181596 0.646893
vt 0.176993 0.652331
vt 0.197931 0.625549
vt 0.192077 0.633048
vt 0.157418 0.666849
vt 0.151836 0.668951
vt 0.165661 0.662529
vt 0.161926 0.664786
vt 0.118987 0.677704
vt 0.109938 0.680319
vt 0.101597 0.683017
vt 0.224016 0.594331
vt 0.203888 0.618252
vt 0.169203 0.659978
vt 0.137039 0.673133
vt 0.128181 0.675261
vt 0.186644 0.640361
vt 0.172869 0.656642
vt 0.080038 0.689450
vt 0.209641 0.611638
vt 0.145028 0.671051
vt 0.259311 0.649143
vt 0.254065 0.654401
vt 0.123503 0.740656
vt 0.116609 0.743418
vt 0.215570 0.693584
vt 0.210126 0.699062
vt 0.234867 0.673075
vt 0.228044 0.680185
vt 0.187849 0.715097
vt 0.181821 0.717762
vt 0.197027 0.710006
vt 0.192827 0.712629
vt 0.148212 0.730323
vt 0.139216 0.733889
vt 0.130937 0.737397
vt 0.263588 0.643616
vt 0.241676 0.666200
vt 0.201088 0.707172
vt 0.166413 0.723648
vt 0.157428 0.726837
vt 0.221585 0.687198
vt 0.205310 0.703561
vt 0.109846 0.745184
vt 0.248151 0.659961
vt 0.174647 0.720619
vt 0.298736 0.698109
vt 0.293132 0.703038
vt 0.152914 0.795672
vt 0.146181 0.798893
vt 0.249543 0.740275
vt 0.243260 0.745794
vt 0.271802 0.720601
vt 0.264011 0.727321
vt 0.218279 0.763344
vt 0.211807 0.766573
vt 0.228392 0.757483
vt 0.223728 0.760473
vt 0.177437 0.782943
vt 0.168495 0.787459
vt 0.160278 0.791778
vt 0.303160 0.692900
vt 0.279464 0.714148
vt 0.232972 0.754366
vt 0.195787 0.774163
vt 0.186675 0.778413
vt 0.256527 0.734035
vt 0.237752 0.750481
vt 0.139655 0.800919
vt 0.286660 0.708284
vt 0.204266 0.770187
vt 0.233885 0.819755
vt 0.225160 0.824678
vt 0.325170 0.756607
vt 0.317252 0.762096
vt 0.291468 0.780872
vt 0.283517 0.786966
vt 0.270192 0.797400
vt 0.264857 0.801560
vt 0.241793 0.815384
vt 0.215922 0.829990
vt 0.206662 0.835562
vt 0.332199 0.751674
vt 0.175754 0.854368
vt 0.169463 0.856654
vt 0.276394 0.792525
vt 0.299978 0.774458
vt 0.254629 0.808316
vt 0.248710 0.811592
vt 0.197774 0.841028
vt 0.189619 0.846158
vt 0.259758 0.804960
vt 0.308737 0.768127
vt 0.342732 0.742185
vt 0.338162 0.747074
vt 0.182324 0.850689
vt 0.933168 0.703437
vt 0.547724 0.056494
vt 0.560785 0.048628
vt 0.947948 0.702652
vt 0.914817 0.717943
vt 0.923383 0.710244
vt 0.935835 0.731050
vt 0.909254 0.750814
vt 0.908725 0.729975
vt 0.933667 0.706208
vt 0.687783 0.939457
vt 0.674213 0.953699
vt 0.669575 0.949550
vt 0.683141 0.935273
vt 0.732949 0.879567
vt 0.723583 0.892975
vt 0.718814 0.889493
vt 0.729678 0.872572
vt 0.700955 0.924446
vt 0.696006 0.920645
vt 0.662750 0.966813
vt 0.654267 0.963971
vt 0.712973 0.908885
vt 0.707927 0.905472
vt 0.557673 0.834275
vt 0.563575 0.828162
vt 0.581262 0.810914
vt 0.587273 0.804991
vt 0.574420 0.816748
vt 0.569574 0.821268
vt 0.590829 0.800848
vt 0.579081 0.796165
vt 0.584963 0.791211
vt 0.555120 0.804499
vt 0.558593 0.801599
vt 0.547887 0.825697
vt 0.551939 0.813763
vt 0.567796 0.799192
vt 0.558062 0.785098
vt 0.566548 0.781521
vt 0.549228 0.789460
vt 0.538304 0.802474
vt 0.543824 0.794115
vt 0.571076 0.777644
vt 0.533477 0.810707
vt 0.455732 0.690028
vt 0.448117 0.703815
vt 0.433891 0.703893
vt 0.443054 0.679338
vt 0.476592 0.679522
vt 0.461907 0.684834
vt 0.453144 0.670652
vt 0.477829 0.665975
vt 0.500615 0.675280
vt 0.492876 0.673921
vt 0.498782 0.661324
vt 0.507470 0.658117
vt 0.441317 0.718971
vt 0.424537 0.728235
vt 0.469578 0.694851
vt 0.480786 0.690649
vt 0.458673 0.709172
vt 0.464556 0.699038
vt 0.492245 0.686411
vt 0.497910 0.684726
vt 0.453119 0.719307
vt 0.317066 0.507915
vt 0.323576 0.507268
vt 0.313117 0.514947
vt 0.315433 0.509055
vt 0.331077 0.505640
vt 0.333255 0.502965
vt 0.309532 0.521498
vt 0.308834 0.507028
vt 0.312051 0.504523
vt 0.322266 0.498823
vt 0.323599 0.497942
vt 0.313563 0.503337
vt 0.306069 0.511507
vt 0.316825 0.500795
vt 0.299727 0.519927
vt 0.302021 0.506256
vt 0.317322 0.494180
vt 0.327498 0.494350
vt 0.310490 0.501690
vt 0.311145 0.501167
vt 0.306778 0.492305
vt 0.312951 0.499515
vt 0.309650 0.498917
vt 0.330120 0.494497
vt 0.311366 0.502340
vt 0.311401 0.502140
vt 0.311599 0.502432
vt 0.311576 0.502424
vt 0.302987 0.495159
vt 0.289209 0.477303
vt 0.294017 0.474017
vt 0.286040 0.488463
vt 0.305575 0.474914
vt 0.316247 0.476997
vt 0.257753 0.400604
vt 0.250863 0.401665
vt 0.213894 0.361790
vt 0.215364 0.361400
vt 0.243989 0.402362
vt 0.239142 0.405718
vt 0.212746 0.361097
vt 0.213006 0.361274
vt 0.213034 0.360792
vt 0.212790 0.362058
vt 0.216062 0.359191
vt 0.211376 0.362947
vt 0.235987 0.411913
vt 0.320210 0.474666
vt 0.232486 0.418050
vt 0.261881 0.396465
vt 0.272988 0.442943
vt 0.267282 0.446915
vt 0.263747 0.456363
vt 0.260538 0.465834
vt 0.284054 0.499302
vt 0.293075 0.443072
vt 0.283077 0.442861
vt 0.297933 0.439377
vt 0.311598 0.502421
vt 0.311596 0.502427
vt 0.311595 0.502439
vt 0.311592 0.502413
vt 0.311590 0.502432
vt 0.311583 0.502433
vt 0.309714 0.502307
vt 0.308700 0.499715
vt 0.311924 0.500563
vt 0.308453 0.503067
vt 0.311343 0.502171
vt 0.311551 0.502185
vt 0.311463 0.502206
vt 0.311406 0.502257
vt 0.311518 0.502231
vt 0.311418 0.502317
vt 0.912304 0.715952
vt 0.521757 0.072285
vt 0.534727 0.064373
vt 0.921962 0.707867
vt 0.903618 0.752919
vt 0.495827 0.088262
vt 0.508803 0.080240
vt 0.905059 0.729072
vt 0.947087 0.706527
vt 0.965682 0.716593
vt 0.572458 0.041626
vt 0.970196 0.712463
vt 0.663222 0.028270
vt 0.953835 0.499805
vt 0.882279 0.447769
vt 0.711285 0.170321
vt 0.869170 0.446422
vt 0.735670 0.229810
vt 0.857763 0.485222
vt 0.832955 0.444969
vt 0.663222 0.028270
vt 0.953835 0.499805
vt 0.882279 0.447769
vt 0.711285 0.170321
vt 0.869170 0.446422
vt 0.735670 0.229810
vt 0.857763 0.485222
vt 0.832955 0.444969
vt 0.663222 0.028270
vt 0.953835 0.499805
vt 0.882279 0.447769
vt 0.711285 0.170321
vt 0.869170 0.446422
vt 0.735670 0.229810
vt 0.857763 0.485222
vt 0.832955 0.444969
vt 0.663222 0.028270
vt 0.953835 0.499805
vt 0.882279 0.447769
vt 0.711285 0.170321
vt 0.869170 0.446422
vt 0.735670 0.229810
vt 0.857763 0.485222
vt 0.832955 0.444969
vt 0.663222 0.028270
vt 0.711285 0.170321
vt 0.882279 0.447769
vt 0.953835 0.499805
vt 0.735670 0.229810
vt 0.869170 0.446422
vt 0.832955 0.444969
vt 0.857763 0.485222
vt 0.663222 0.028270
vt 0.711285 0.170321
vt 0.882279 0.447769
vt 0.953835 0.499805
vt 0.735670 0.229810
vt 0.869170 0.446422
vt 0.832955 0.444969
vt 0.857763 0.485222
vt 0.663222 0.028270
vt 0.711285 0.170321
vt 0.882279 0.447769
vt 0.953835 0.499805
vt 0.735670 0.229810
vt 0.869170 0.446422
vt 0.832955 0.444969
vt 0.857763 0.485222
vt 0.663222 0.028270
vt 0.711285 0.170321
vt 0.882279 0.447769
vt 0.953835 0.499805
vt 0.735670 0.229810
vt 0.869170 0.446422
vt 0.832955 0.444969
vt 0.857763 0.485222
vn 0.0442 0.9982 0.0400
vn -0.8320 0.5547 -0.0111
vn -0.8349 0.5468 0.0624
vn 0.0368 0.9992 0.0185
vn 0.4366 0.4885 -0.7555
vn 0.5583 -0.1727 -0.8114
vn 0.6283 -0.1672 -0.7598
vn 0.5055 0.4998 -0.7033
vn -0.7643 0.5873 -0.2663
vn -0.5147 -0.7681 -0.3810
vn -0.5412 -0.7789 -0.3167
vn -0.7910 0.5775 -0.2019
vn 0.5983 0.7664 -0.2340
vn 0.7858 0.5129 -0.3455
vn 0.8075 0.5080 -0.2998
vn 0.6158 0.7607 -0.2054
vn -0.6029 -0.7197 -0.3442
vn -0.8284 0.5057 -0.2406
vn -0.7768 0.6167 0.1278
vn -0.5044 -0.8635 0.0031
vn 0.9525 -0.1042 0.2860
vn 0.8622 0.3865 0.3275
vn 0.8787 0.4187 0.2294
vn 0.9764 -0.1121 0.1845
vn 0.8729 0.4856 -0.0474
vn 0.6834 0.7300 -0.0002
vn 0.6625 0.7448 -0.0803
vn 0.8553 0.4977 -0.1443
vn -0.6516 0.6239 -0.4314
vn 0.0662 0.9785 0.1951
vn 0.0017 0.8081 0.5890
vn 0.9888 -0.1200 0.0889
vn 0.9159 -0.3961 0.0654
vn 0.9157 -0.3718 0.1525
vn 0.3914 -0.9200 0.0200
vn 0.1403 -0.9622 -0.2336
vn -0.4349 -0.7456 -0.5049
vn 0.4057 -0.9126 0.0512
vn 0.9152 -0.0976 0.3909
vn 0.8328 0.3502 0.4288
vn 0.9454 -0.1318 -0.2979
vn 0.8574 -0.4415 -0.2645
vn 0.8804 -0.4386 -0.1805
vn 0.9713 -0.1324 -0.1976
vn -0.2503 -0.8285 0.5010
vn -0.5121 0.5931 0.6213
vn -0.4633 0.5724 0.6765
vn -0.2104 -0.8011 0.5603
vn 0.5476 -0.7758 0.3135
vn 0.7171 -0.6925 0.0790
vn 0.6618 -0.7386 0.1282
vn 0.5146 -0.7972 0.3156
vn 0.5973 -0.1844 -0.7806
vn 0.5485 -0.5249 -0.6509
vn 0.4985 -0.5083 -0.7022
vn 0.5294 -0.1808 -0.8289
vn 0.2112 0.8889 -0.4065
vn 0.1778 0.8683 -0.4631
vn -0.0449 0.9926 -0.1125
vn -0.0306 0.9958 -0.0864
vn 0.5265 0.6970 0.4867
vn 0.0557 0.9762 0.2095
vn 0.0406 0.9827 0.1808
vn 0.5239 0.7313 0.4367
vn 0.5409 0.7911 0.2856
vn 0.7313 0.5986 0.3270
vn 0.7203 0.5527 0.4191
vn 0.5284 0.7722 0.3530
vn 0.9052 -0.3457 0.2470
vn 0.8815 -0.3224 0.3451
vn 0.2717 0.7502 -0.6028
vn 0.3945 0.4839 -0.7812
vn 0.3080 0.7520 -0.5829
vn 0.8283 0.5043 -0.2441
vn 0.4156 -0.9081 -0.0518
vn 0.7981 -0.5949 0.0958
vn 0.7922 -0.6098 0.0248
vn 0.4092 -0.9092 -0.0768
vn 0.8256 -0.0495 0.5620
vn 0.8213 -0.1849 0.5396
vn 0.7007 -0.1739 0.6919
vn 0.6859 -0.0639 0.7249
vn -0.8284 0.5418 0.1423
vn 0.0304 0.9995 -0.0039
vn -0.4798 -0.7695 -0.4215
vn -0.4875 -0.7327 -0.4749
vn 0.7742 -0.5885 0.2331
vn 0.5013 -0.4969 -0.7083
vn 0.5166 -0.1791 -0.8373
vn 0.8534 -0.2948 0.4298
vn 0.8772 -0.0891 0.4718
vn 0.8846 0.4459 0.1368
vn 0.7181 0.6782 0.1563
vn 0.7022 0.7078 0.0768
vn 0.8824 0.4684 0.0442
vn 0.3375 -0.9126 -0.2306
vn -0.4134 -0.8178 0.4004
vn -0.4844 -0.8214 0.3012
vn 0.3470 -0.9120 -0.2187
vn 0.3255 -0.9149 -0.2389
vn -0.2527 -0.7990 0.5457
vn -0.3315 -0.8080 0.4871
vn 0.3303 -0.9145 -0.2335
vn -0.0293 0.9965 -0.0786
vn -0.4501 0.5658 0.6908
vn 0.6700 0.6209 -0.4069
vn 0.4473 0.8937 -0.0334
vn 0.3729 0.9270 0.0410
vn 0.6633 0.6620 -0.3491
vn 0.8972 -0.4306 -0.0984
vn 0.9864 -0.1308 -0.0995
vn 0.4279 0.7664 -0.4790
vn 0.5855 0.5085 -0.6314
vn 0.6696 0.5136 -0.5365
vn 0.5018 0.7676 -0.3987
vn 0.7218 0.3645 0.5883
vn 0.7712 0.2464 0.5870
vn 0.6403 0.1837 0.7458
vn 0.6197 0.2876 0.7302
vn -0.5784 -0.8153 0.0274
vn 0.3819 -0.9093 -0.1655
vn 0.3827 -0.9057 -0.1825
vn -0.5610 -0.8244 0.0753
vn 0.7065 0.5033 0.4975
vn 0.7374 -0.6320 -0.2386
vn 0.7257 -0.6315 -0.2733
vn -0.6638 0.5419 0.5155
vn -0.7344 0.5362 0.4161
vn 0.5468 0.6645 0.5093
vn 0.4456 0.4578 0.7693
vn 0.7699 -0.6292 -0.1063
vn 0.7551 -0.6328 -0.1715
vn 0.4225 -0.9053 0.0428
vn -0.4014 -0.7351 -0.5464
vn 0.3096 -0.8322 0.4599
vn 0.7823 -0.6214 -0.0425
vn 0.4023 -0.9100 -0.1000
vn -0.8101 0.5691 -0.1411
vn 0.0585 0.9947 0.0843
vn 0.0658 0.9919 0.1090
vn 0.3733 -0.9086 -0.1873
vn -0.5557 -0.8227 0.1196
vn -0.6855 0.6150 -0.3898
vn -0.2176 0.9735 -0.0709
vn 0.6374 0.7530 -0.1634
vn 0.4306 0.8874 -0.1647
vn 0.4468 0.8828 -0.1452
vn 0.0319 0.9993 -0.0213
vn 0.0219 0.9994 -0.0259
vn -0.5819 -0.8035 -0.1260
vn -0.5852 -0.8092 -0.0523
vn 0.3957 -0.9103 -0.1216
vn 0.3884 -0.9103 -0.1431
vn 0.3000 0.8855 -0.3548
vn 0.3540 0.8884 -0.2924
vn 0.5256 0.8379 0.1473
vn 0.5102 0.8561 0.0825
vn 0.4586 0.8817 -0.1105
vn 0.8027 0.3157 0.5060
vn 0.7083 -0.1586 -0.6878
vn 0.7916 -0.1490 -0.5926
vn 0.5385 0.8147 0.2151
vn -0.5602 -0.7878 -0.2559
vn 0.7002 0.4488 0.5553
vn 0.6161 0.6860 -0.3870
vn 0.2221 0.9684 -0.1136
vn 0.1973 0.9687 -0.1505
vn 0.6074 0.6886 -0.3961
vn -0.1999 -0.7927 0.5759
vn -0.5026 0.5578 0.6605
vn -0.8070 0.5417 0.2351
vn -0.8138 0.5487 0.1915
vn 0.0689 0.9891 0.1302
vn -0.8384 0.5440 -0.0339
vn -0.5914 -0.7930 -0.1462
vn -0.5819 -0.7925 -0.1826
vn -0.8286 0.5556 -0.0686
vn -0.0402 0.9936 0.1057
vn -0.6932 0.5264 0.4923
vn -0.7153 0.5537 0.4264
vn -0.0909 0.9955 0.0270
vn 0.8339 -0.2687 -0.4822
vn 0.8438 -0.3184 -0.4320
vn 0.8234 -0.4562 -0.3375
vn 0.7116 -0.6382 -0.2938
vn 0.8386 -0.4494 -0.3078
vn 0.8071 -0.3510 -0.4748
vn 0.7996 -0.3550 -0.4845
vn 0.0512 0.9968 0.0614
vn 0.4940 0.8692 0.0205
vn -0.8239 0.5614 -0.0773
vn 0.9920 -0.1265 -0.0062
vn 0.9092 -0.4160 -0.0183
vn 0.9256 -0.1335 -0.3541
vn 0.7619 -0.5588 0.3276
vn 0.7777 -0.5816 0.2385
vn 0.5368 -0.6573 -0.5289
vn 0.4972 -0.6589 -0.5644
vn 0.4769 0.8779 -0.0436
vn 0.2651 0.7587 -0.5950
vn 0.1894 0.8723 -0.4508
vn 0.6043 -0.3965 0.6911
vn 0.2975 -0.8915 0.3416
vn 0.6899 -0.5366 0.4859
vn 0.4061 -0.9133 -0.0305
vn 0.7941 -0.5838 0.1693
vn 0.4183 -0.9078 -0.0303
vn 0.6290 0.5771 -0.5209
vn 0.4498 0.8639 -0.2267
vn -0.5740 -0.7960 -0.1922
vn 0.7291 0.6416 0.2382
vn -0.5095 -0.7804 -0.3625
vn -0.7631 0.5974 -0.2463
vn -0.7705 0.5961 -0.2258
vn -0.5164 -0.7850 -0.3423
vn 0.4278 0.8787 0.2120
vn 0.2469 0.8573 0.4517
vn 0.2085 0.8651 0.4563
vn 0.3612 0.8936 0.2663
vn 0.6364 -0.6455 -0.4222
vn 0.5831 -0.6518 -0.4849
vn -0.7333 0.6076 -0.3050
vn 0.8299 -0.2577 0.4948
vn 0.8438 -0.0781 0.5310
vn 0.7896 -0.0515 0.6114
vn 0.7383 0.2274 0.6350
vn 0.6969 0.3198 0.6419
vn 0.4764 0.6592 0.5818
vn 0.7631 -0.4975 0.4125
vn 0.0555 0.9899 0.1305
vn 0.9058 -0.1383 -0.4006
vn 0.6568 -0.4767 -0.5842
vn 0.5926 -0.4846 -0.6434
vn 0.7766 -0.2243 -0.5887
vn 0.4017 0.9158 0.0010
vn 0.5365 -0.4889 -0.6879
vn 0.7288 -0.4647 -0.5029
vn 0.4061 0.4886 -0.7722
vn -0.0142 0.9975 -0.0690
vn -0.0048 0.9984 -0.0571
vn 0.3076 0.7834 -0.5401
vn 0.4697 0.5081 -0.7220
vn 0.1432 0.9894 -0.0259
vn 0.0992 0.9909 -0.0905
vn -0.0266 0.9967 -0.0771
vn -0.0217 0.9972 -0.0718
vn -0.5812 0.5477 0.6018
vn 0.4831 -0.8564 -0.1821
vn 0.5468 -0.7949 -0.2628
vn 0.5226 -0.7980 -0.3000
vn 0.4406 -0.8629 -0.2474
vn 0.3059 -0.9119 -0.2737
vn 0.3228 -0.9154 -0.2404
vn 0.4721 -0.6632 -0.5808
vn 0.4596 -0.6616 -0.5926
vn 0.3633 0.7606 -0.5380
vn 0.7842 -0.1693 0.5969
vn 0.2148 0.8746 -0.4346
vn 0.2535 0.8814 -0.3986
vn 0.7770 0.2842 0.5617
vn 0.7545 -0.5327 0.3834
vn 0.5109 -0.8481 0.1406
vn 0.6995 -0.7016 -0.1359
vn 0.3211 -0.9140 -0.2480
vn 0.4997 -0.6780 -0.5391
vn -0.4471 -0.8102 0.3792
vn -0.4600 -0.8324 0.3092
vn -0.2061 -0.7002 0.6835
vn -0.3009 -0.7030 0.6443
vn 0.7334 -0.6595 -0.1648
vn 0.7193 -0.5998 -0.3505
vn 0.3171 -0.9466 -0.0584
vn 0.2681 -0.9535 -0.1379
vn 0.6778 -0.7286 -0.0991
vn 0.8446 0.1016 -0.5257
vn 0.8457 0.0895 -0.5261
vn 0.7681 0.4150 -0.4876
vn 0.7725 0.4039 -0.4900
vn -0.1689 -0.9766 0.1332
vn -0.2227 -0.9606 0.1660
vn 0.0352 -0.9994 0.0075
vn 0.0970 -0.9948 -0.0308
vn 0.1208 0.1378 -0.9831
vn 0.1164 0.1413 -0.9831
vn 0.1321 0.1129 -0.9848
vn 0.1379 0.1054 -0.9848
vn 0.1473 0.1382 -0.9794
vn 0.1485 0.1390 -0.9791
vn 0.1332 0.1145 -0.9845
vn 0.1344 0.1170 -0.9840
vn -0.8433 -0.1133 0.5253
vn -0.8446 -0.1017 0.5257
vn -0.8361 0.1977 0.5117
vn -0.8407 0.1655 0.5155
vn 0.7728 -0.4312 -0.4657
vn 0.7982 -0.3594 -0.4835
vn -0.7765 -0.3934 0.4922
vn -0.7725 -0.4040 0.4900
vn 0.3833 0.8853 -0.2633
vn 0.4222 0.8600 -0.2865
vn 0.6296 0.6605 -0.4091
vn 0.6116 0.6835 -0.3986
vn -0.7472 0.4908 0.4481
vn -0.7704 0.4373 0.4640
vn 0.5459 -0.7764 -0.3151
vn 0.5825 -0.7388 -0.3389
vn 0.3626 -0.9108 -0.1977
vn 0.3067 -0.9378 -0.1623
vn 0.1215 0.9871 -0.1042
vn 0.1701 0.9763 -0.1340
vn -0.6490 -0.6341 0.4203
vn -0.6308 -0.6589 0.4098
vn 0.1282 0.1328 -0.9828
vn 0.1256 0.1211 -0.9847
vn 0.1251 0.1210 -0.9847
vn 0.1277 0.1322 -0.9830
vn 0.1365 0.1149 -0.9840
vn 0.1261 0.1300 -0.9835
vn 0.1353 0.1258 -0.9828
vn 0.1353 0.1259 -0.9828
vn 0.1241 0.1657 -0.9783
vn 0.1255 0.1640 -0.9784
vn 0.1055 0.1334 -0.9854
vn 0.0945 0.1377 -0.9860
vn 0.0946 0.1369 -0.9861
vn 0.1047 0.1335 -0.9855
vn 0.1421 0.1344 -0.9807
vn 0.1247 0.1320 -0.9834
vn 0.1265 0.1319 -0.9831
vn 0.1415 0.1340 -0.9808
vn -0.3613 0.9114 0.1969
vn -0.4168 0.8789 0.2322
vn -0.6204 0.6950 0.3636
vn -0.5815 0.7399 0.3382
vn 0.1818 0.9390 0.2918
vn -0.4324 0.5289 0.7303
vn -0.4199 0.4609 0.7818
vn -0.5107 0.4364 0.7408
vn -0.1952 -0.7589 0.6213
vn 0.1270 0.1467 -0.9810
vn 0.1321 0.1350 -0.9820
vn 0.1067 0.1368 -0.9848
vn 0.1038 0.1463 -0.9838
vn -0.4237 -0.8590 0.2874
vn -0.4675 -0.8265 0.3136
vn 0.1371 0.1251 -0.9826
vn 0.1369 0.1252 -0.9826
vn -0.0957 0.9950 0.0300
vn -0.1553 0.9856 0.0672
vn 0.1493 0.1391 -0.9790
vn 0.1490 0.1389 -0.9790
vn 0.1181 0.1180 -0.9860
vn 0.1222 0.1140 -0.9859
vn 0.1342 0.1235 -0.9832
vn 0.1347 0.1237 -0.9831
vn 0.5772 0.1299 -0.8062
vn 0.5249 0.3202 -0.7886
vn 0.6845 0.3618 -0.6329
vn 0.7450 0.1328 -0.6537
vn 0.4298 0.4599 -0.7770
vn 0.2955 0.5799 -0.7592
vn 0.3916 0.7180 -0.5754
vn 0.5525 0.5771 -0.6014
vn 0.3020 -0.4601 -0.8349
vn 0.4127 -0.3500 -0.8409
vn 0.5272 -0.5300 -0.6642
vn 0.3849 -0.6615 -0.6436
vn -0.9026 0.0184 -0.4302
vn -0.8211 -0.3171 -0.4745
vn -0.9115 -0.4110 -0.0162
vn -0.9979 -0.0531 0.0360
vn -0.5676 0.5797 -0.5846
vn -0.8077 0.3333 -0.4864
vn -0.9167 0.3911 -0.0818
vn -0.7037 0.6756 -0.2200
vn -0.5993 -0.5415 -0.5896
vn -0.2826 -0.6338 -0.7201
vn -0.3385 -0.8520 -0.3995
vn -0.6469 -0.7288 -0.2244
vn -0.0261 -0.6202 -0.7840
vn 0.1619 -0.5476 -0.8209
vn 0.1884 -0.7809 -0.5955
vn -0.0316 -0.8480 -0.5291
vn 0.1635 0.6522 -0.7402
vn 0.0225 0.6971 -0.7167
vn 0.0183 0.8730 -0.4873
vn 0.1977 0.8256 -0.5285
vn -0.1365 0.7114 -0.6895
vn -0.3346 0.6892 -0.6427
vn -0.4289 0.8352 -0.3443
vn -0.2042 0.8841 -0.4203
vn -0.5110 -0.1343 -0.8490
vn -0.3710 -0.2558 -0.8927
vn -0.4838 0.2523 -0.8380
vn -0.5599 0.0847 -0.8242
vn 0.1882 0.3442 -0.9198
vn 0.1361 0.3799 -0.9150
vn 0.2939 0.2229 -0.9295
vn 0.2531 0.2827 -0.9252
vn -0.1155 -0.2831 -0.9521
vn 0.0502 -0.2580 -0.9648
vn 0.5487 -0.1497 -0.8225
vn 0.3054 0.0139 -0.9521
vn 0.3225 0.1441 -0.9355
vn 0.0814 0.4061 -0.9102
vn 0.0087 0.4254 -0.9050
vn -0.1040 0.4385 -0.8927
vn -0.2614 0.3959 -0.8803
vn 0.1520 -0.1977 -0.9684
vn 0.2159 -0.1458 -0.9655
vn 0.7044 -0.2199 -0.6748
vn 0.9776 -0.1965 0.0760
vn 0.9949 -0.0329 0.0954
vn 0.9875 -0.0348 0.1536
vn 0.9719 -0.1956 0.1309
vn -0.5957 0.5293 0.6042
vn -0.1622 0.9714 -0.1732
vn -0.5260 0.8316 -0.1784
vn -0.7549 0.4323 0.4933
vn 0.5961 0.7560 0.2704
vn 0.8389 0.4204 0.3456
vn 0.8403 0.4353 0.3232
vn 0.5917 0.7649 0.2545
vn 0.8262 -0.5634 0.0081
vn 0.8258 -0.5622 0.0456
vn 0.8291 -0.5357 0.1599
vn 0.3855 -0.9187 -0.0857
vn 0.3776 -0.9219 -0.0864
vn 0.8271 -0.5437 0.1425
vn 0.1100 0.6629 -0.7406
vn 0.0006 0.4878 -0.8729
vn -0.3398 0.2275 -0.9126
vn -0.2303 0.3861 -0.8933
vn 0.8838 0.3089 0.3513
vn 0.8891 0.3196 0.3277
vn -0.0347 0.8700 0.4918
vn 0.1766 -0.9448 -0.2760
vn 0.3651 -0.7615 -0.5356
vn 0.3499 -0.8014 -0.4851
vn 0.0932 -0.9741 -0.2061
vn 0.8994 -0.3617 -0.2455
vn 0.7163 0.6780 -0.1651
vn 0.7431 0.6643 0.0810
vn 0.9177 -0.3971 -0.0096
vn -0.4065 -0.7933 0.4531
vn -0.4587 -0.7685 0.4461
vn -0.0294 0.9974 0.0659
vn -0.8141 0.5769 -0.0663
vn -0.8041 0.5838 -0.1126
vn -0.0204 0.9976 0.0661
vn -0.5596 -0.8084 -0.1827
vn 0.3403 -0.9355 -0.0950
vn 0.3481 -0.9327 -0.0941
vn -0.5494 -0.8034 -0.2295
vn 0.1442 -0.2983 -0.9435
vn -0.2629 -0.1750 -0.9488
vn 0.0010 0.9975 0.0703
vn -0.7810 0.5936 -0.1943
vn 0.0106 0.9974 0.0706
vn 0.8261 -0.5514 0.1162
vn 0.9549 -0.1869 0.2307
vn 0.9467 -0.1785 0.2681
vn -0.6496 0.5137 0.5604
vn -0.6924 0.4722 0.5455
vn 0.9652 -0.0354 0.2591
vn 0.9540 -0.0331 0.2980
vn 0.5884 0.7753 0.2296
vn -0.5695 -0.8200 -0.0574
vn 0.3318 -0.9366 -0.1124
vn 0.3357 -0.9368 -0.0980
vn -0.5683 -0.8177 -0.0914
vn -0.9855 -0.1593 -0.0578
vn -0.9830 -0.1658 -0.0790
vn -0.9797 -0.1837 -0.0803
vn -0.6003 -0.0434 -0.7986
vn 0.2012 -0.9136 -0.3533
vn -0.3511 -0.7966 0.4921
vn -0.5377 -0.7457 0.3933
vn -0.1952 -0.9164 -0.3494
vn 0.5836 0.8026 0.1238
vn 0.5841 0.7955 0.1611
vn -0.5148 -0.7337 0.4435
vn -0.7339 0.4175 0.5358
vn 0.2567 -0.9664 -0.0152
vn 0.7400 -0.5755 -0.3481
vn 0.7420 -0.5903 -0.3179
vn 0.2830 -0.9573 -0.0599
vn -0.5263 -0.7913 -0.3111
vn 0.3684 -0.9255 -0.0877
vn 0.3573 -0.7822 -0.5104
vn 0.4869 -0.4100 -0.7713
vn 0.6574 -0.3770 -0.6524
vn 0.3986 -0.7813 -0.4803
vn 0.8141 -0.4617 -0.3523
vn 0.9418 -0.2920 -0.1667
vn 0.9584 -0.1843 -0.2181
vn 0.8498 -0.4199 -0.3186
vn 0.9663 -0.0540 -0.2516
vn 0.9205 -0.2411 -0.3076
vn 0.9789 -0.1864 -0.0837
vn 0.9966 -0.0214 -0.0791
vn 0.9994 -0.0273 -0.0190
vn 0.9807 -0.1929 -0.0306
vn 0.9595 -0.1419 -0.2432
vn 0.9688 0.0161 -0.2471
vn 0.9793 0.0036 -0.2023
vn 0.9685 -0.1565 -0.1936
vn 0.7570 -0.4170 -0.5031
vn 0.4754 -0.7678 -0.4295
vn 0.7968 0.6002 -0.0692
vn 0.8318 0.5355 -0.1458
vn 0.9040 0.3680 -0.2175
vn 0.9107 0.3760 -0.1709
vn 0.9213 0.3668 0.1291
vn 0.9155 0.3565 0.1866
vn 0.6327 -0.6964 -0.3387
vn 0.7884 -0.4944 -0.3662
vn 0.7849 -0.5678 -0.2481
vn 0.8048 -0.5574 -0.2038
vn 0.7468 -0.5983 -0.2905
vn 0.0161 -0.9932 -0.1153
vn 0.0933 0.9346 -0.3433
vn 0.0966 0.9532 -0.2864
vn 0.0518 0.9379 -0.3430
vn 0.0770 0.9200 -0.3844
vn -0.7563 0.4567 0.4684
vn -0.5060 -0.7907 0.3445
vn -0.5313 -0.8061 0.2605
vn -0.7756 0.5081 0.3745
vn -0.8245 0.5626 0.0608
vn -0.8243 0.5656 0.0247
vn 0.2186 0.9553 -0.1991
vn 0.3816 0.9182 -0.1058
vn 0.8607 0.5084 -0.0254
vn 0.5815 0.8135 0.0075
vn 0.5840 0.8103 0.0493
vn 0.8616 0.5067 0.0287
vn 0.8543 0.4831 -0.1919
vn 0.5378 0.8325 -0.1330
vn 0.5602 0.8235 -0.0897
vn 0.8587 0.4931 -0.1398
vn 0.5506 0.7189 -0.4242
vn 0.4625 0.6703 -0.5804
vn 0.3775 -0.8252 -0.4202
vn -0.8212 0.5553 0.1313
vn -0.5924 -0.8054 0.0208
vn -0.5799 -0.8146 -0.0113
vn -0.8191 0.5634 0.1084
vn -0.5588 -0.7086 0.4309
vn -0.0188 -0.9994 -0.0307
vn 0.0200 -0.9993 0.0331
vn -0.5724 -0.6976 0.4309
vn 0.5663 0.8142 -0.1282
vn 0.4207 0.8997 -0.1163
vn 0.4665 0.8710 -0.1541
vn 0.6603 0.7258 -0.1929
vn 0.8600 0.4920 0.1357
vn 0.8560 0.4806 0.1902
vn 0.4886 0.8555 -0.1714
vn 0.7815 0.5747 -0.2426
vn -0.2391 0.9690 -0.0618
vn -0.2037 0.9735 -0.1036
vn 0.3097 -0.4196 -0.8533
vn 0.1145 0.6319 -0.7666
vn 0.2132 0.6522 -0.7274
vn 0.4111 -0.4140 -0.8121
vn 0.8768 0.4324 -0.2106
vn 0.9217 0.3852 -0.0448
vn 0.9241 0.3819 0.0155
vn 0.8976 0.3320 0.2900
vn 0.8246 -0.5555 -0.1068
vn 0.8269 -0.5585 -0.0655
vn 0.3330 -0.7443 -0.5789
vn 0.3390 -0.7755 -0.5326
vn -0.0402 0.9978 0.0529
vn -0.0381 0.9972 0.0647
vn -0.0834 0.9964 -0.0151
vn -0.0574 0.9984 0.0024
vn -0.0827 0.9910 0.1048
vn -0.5761 0.7728 0.2664
vn -0.1333 0.9900 0.0462
vn -0.0826 0.9864 0.1421
vn 0.0841 0.9629 -0.2565
vn -0.2975 0.9542 0.0307
vn -0.3145 0.9340 0.1694
vn 0.1663 0.9791 -0.1175
vn -0.7660 0.3775 0.5203
vn -0.7710 0.3630 0.5232
vn 0.0394 0.8882 -0.4579
vn 0.0302 0.9133 -0.4062
vn 0.4808 -0.8032 -0.3517
vn 0.6163 -0.7125 -0.3354
vn 0.1342 0.7800 -0.6113
vn -0.3103 0.6390 -0.7038
vn 0.3830 -0.5726 -0.7249
vn -0.0733 -0.5830 -0.8092
vn 0.9460 -0.0290 0.3228
vn 0.9413 -0.1681 0.2926
vn 0.0189 0.9973 0.0706
vn 0.1089 0.8660 -0.4881
vn 0.0884 0.8943 -0.4386
vn 0.3040 -0.4679 -0.8299
vn -0.1120 -0.3143 -0.9427
vn -0.5702 -0.0433 -0.8203
vn -0.9922 -0.1176 -0.0418
vn -0.9323 -0.1442 -0.3316
vn -0.9791 -0.1924 -0.0655
vn -0.9898 -0.1150 -0.0839
vn -0.9690 -0.2292 -0.0920
vn -0.1656 0.9784 -0.1233
vn 0.2476 -0.9525 -0.1773
vn 0.2882 -0.9432 -0.1653
vn 0.2285 -0.9671 -0.1117
vn -0.3222 -0.9352 0.1470
vn 0.4008 -0.6730 -0.6217
vn 0.3902 -0.7175 -0.5770
vn -0.1204 0.9788 -0.1655
vn -0.1310 0.9812 -0.1416
vn 0.0725 0.9104 -0.4074
vn 0.2877 0.6622 -0.6919
vn 0.8447 0.4514 0.2877
vn 0.0338 0.9255 -0.3773
vn -0.6032 0.5485 0.5791
vn -0.3526 -0.8124 0.4644
vn -0.3700 -0.8087 0.4574
vn -0.6188 0.5404 0.5702
vn 0.5222 0.7786 0.3481
vn 0.2462 -0.9038 -0.3501
vn 0.2320 -0.9186 -0.3200
vn -0.6851 0.6277 -0.3696
vn -0.6968 0.6255 -0.3510
vn -0.4404 -0.7659 -0.4685
vn -0.4293 -0.7607 -0.4869
vn -0.7147 0.6222 -0.3195
vn -0.4574 -0.7742 -0.4374
vn -0.7377 0.6147 -0.2793
vn -0.4804 -0.7819 -0.3973
vn 0.7452 -0.6032 0.2844
vn 0.7325 -0.6065 0.3092
vn 0.4760 0.7658 0.4324
vn 0.4729 0.7658 0.4358
vn 0.4793 0.7677 0.4253
vn 0.4916 0.7732 0.4006
vn -0.7297 0.5784 -0.3647
vn 0.5323 0.8097 0.2470
vn -0.8096 0.5728 -0.1282
vn -0.7978 0.5816 -0.1585
vn 0.5260 0.8013 0.2850
vn 0.5375 0.8255 0.1723
vn 0.5393 0.8207 0.1885
vn 0.4467 0.8798 0.1625
vn -0.9120 0.3140 0.2639
vn -0.8830 0.4173 0.2150
vn 0.5076 0.8483 0.1508
vn -0.5049 -0.7878 -0.3527
vn 0.7599 -0.6005 0.2487
vn 0.7997 -0.5981 0.0525
vn 0.7999 -0.5961 0.0690
vn -0.4337 -0.7639 -0.4779
vn 0.7702 -0.5824 0.2599
vn 0.5052 0.7818 0.3653
vn -0.7614 0.6042 -0.2352
vn 0.5377 0.8286 0.1560
vn -0.8541 0.5073 0.1146
vn -0.8516 0.5203 0.0634
vn 0.5385 0.8275 0.1589
vn 0.7262 -0.6087 0.3197
vn 0.7290 -0.6070 0.3165
vn -0.5580 -0.7933 -0.2435
vn 0.7915 -0.5975 0.1283
vn 0.7839 -0.5980 0.1670
vn -0.5443 -0.7928 -0.2744
vn -0.6113 -0.7914 0.0011
vn 0.8019 -0.5965 0.0341
vn 0.8024 -0.5955 0.0389
vn -0.5985 -0.7997 -0.0480
vn -0.9234 0.2063 0.3236
vn -0.8205 -0.5062 0.2655
vn 0.3510 0.9141 0.2032
vn 0.6230 -0.7785 0.0763
vn 0.7045 -0.7089 0.0344
vn 0.7696 -0.6382 0.0192
vn 0.5215 0.7671 0.3736
vn -0.7641 -0.6195 0.1796
vn -0.7019 -0.7029 0.1147
vn 0.4877 0.7669 0.4171
vn -0.6808 0.6294 -0.3747
vn -0.6819 0.6312 -0.3695
vn 0.5060 0.7660 0.3966
vn -0.6902 0.6273 -0.3607
vn -0.4248 -0.7600 -0.4919
vn -0.4250 -0.7630 -0.4871
vn 0.7398 -0.6014 0.3016
vn 0.7559 -0.5907 0.2822
vn 0.6286 0.6607 -0.4104
vn 0.6295 0.6607 -0.4089
vn 0.8100 -0.3194 -0.4919
vn 0.8091 -0.3194 -0.4933
vn -0.8108 0.3193 0.4905
vn -0.8099 0.3194 0.4920
vn -0.1804 0.9801 0.0830
vn -0.1813 0.9800 0.0816
vn 0.1796 -0.9801 -0.0843
vn 0.1805 -0.9801 -0.0829
vn -0.6294 -0.6607 0.4090
vn -0.6303 -0.6607 0.4076
vn 0.4193 0.4641 -0.7803
vn 0.4977 0.4807 -0.7219
vn 0.3480 0.7298 -0.5884
vn 0.2860 0.7112 -0.6422
vn 0.1721 -0.1413 -0.9749
vn 0.2738 -0.1454 -0.9507
vn 0.1761 0.3854 -0.9058
vn 0.0817 0.3495 -0.9334
vn 0.0787 0.6586 0.7484
vn -0.1678 0.5371 0.8267
vn -0.5473 0.7821 -0.2980
vn -0.1707 0.9673 -0.1876
vn 0.6814 -0.4629 -0.5669
vn 0.6615 -0.4578 -0.5940
vn 0.5850 -0.6381 -0.5006
vn 0.5972 -0.6437 -0.4786
vn -0.3380 -0.4412 -0.8313
vn -0.1126 -0.5746 -0.8106
vn -0.1494 -0.9127 -0.3803
vn -0.2513 -0.8588 -0.4464
vn -0.3335 -0.8122 0.4787
vn -0.2961 -0.8119 0.5032
vn -0.5490 0.5612 0.6194
vn -0.5848 0.5523 0.5942
vn 0.6463 0.5063 -0.5709
vn 0.6153 0.4989 -0.6104
vn 0.7334 -0.1426 -0.6647
vn 0.7663 -0.1449 -0.6260
vn 0.4562 0.7596 -0.4635
vn 0.4386 0.7523 -0.4916
vn 0.8127 0.5193 -0.2642
vn 0.7653 0.5182 -0.3819
vn 0.8873 -0.1444 -0.4380
vn 0.9356 -0.1479 -0.3207
vn 0.4708 0.8822 0.0102
vn 0.0546 0.9974 0.0481
vn 0.0311 0.9993 0.0189
vn 0.4649 0.8854 -0.0057
vn -0.5212 -0.8229 0.2262
vn -0.4641 -0.8204 0.3340
vn -0.7141 0.5372 0.4489
vn -0.7716 0.5368 0.3413
vn 0.6306 0.7761 -0.0045
vn 0.6407 0.7677 -0.0065
vn 0.8621 0.5061 -0.0257
vn 0.8592 0.5101 -0.0402
vn 0.6467 0.6198 -0.4445
vn 0.5909 0.6586 -0.4660
vn 0.1054 0.9143 -0.3911
vn 0.2061 0.8823 -0.4232
vn 0.0611 0.9855 -0.1585
vn -0.1386 0.9889 -0.0533
vn -0.7999 0.5794 0.1563
vn -0.8270 0.5551 0.0890
vn 0.0374 0.9990 0.0236
vn 0.5999 0.7972 -0.0679
vn 0.8421 0.5257 -0.1203
vn -0.8337 0.5476 0.0711
vn 0.0227 0.9997 -0.0126
vn 0.0291 0.9996 0.0011
vn 0.8578 0.5085 -0.0749
vn 0.8416 0.5157 -0.1603
vn 0.9644 -0.1512 -0.2167
vn 0.9796 -0.1527 -0.1309
vn 0.3830 -0.9122 -0.1460
vn 0.3804 -0.9121 -0.1527
vn -0.5625 -0.8189 0.1140
vn -0.5799 -0.8145 0.0170
vn 0.9842 -0.1570 -0.0818
vn 0.9825 -0.1593 -0.0969
vn 0.5993 0.7746 -0.2020
vn 0.5604 0.7704 -0.3040
vn 0.8283 -0.4686 -0.3072
vn 0.7874 -0.4619 -0.4083
vn 0.6787 -0.6435 -0.3539
vn 0.7111 -0.6457 -0.2781
vn 0.4280 0.8916 -0.1480
vn 0.3962 0.8904 -0.2241
vn 0.0183 0.5647 -0.8251
vn 0.0955 0.6116 -0.7854
vn 0.0265 0.7904 -0.6120
vn -0.0348 0.7638 -0.6445
vn 0.1629 0.6519 -0.7406
vn 0.2262 0.6852 -0.6923
vn 0.1315 0.8381 -0.5294
vn 0.0808 0.8168 -0.5712
vn 0.2288 0.8661 -0.4444
vn 0.1793 0.8543 -0.4879
vn 0.4109 0.7423 -0.5293
vn 0.3061 0.8761 -0.3725
vn 0.2804 0.8733 -0.3984
vn -0.1112 -0.2291 -0.9670
vn -0.3015 -0.2215 -0.9274
vn -0.0153 -0.5344 -0.8451
vn -0.0281 -0.1320 -0.9908
vn 0.0615 -0.1381 -0.9885
vn -0.0210 0.3097 -0.9506
vn -0.1026 0.2728 -0.9566
vn 0.3650 -0.1496 -0.9189
vn 0.4516 -0.1521 -0.8792
vn 0.3421 0.4428 -0.8288
vn 0.2608 0.4163 -0.8710
vn 0.5328 -0.1523 -0.8324
vn 0.6138 -0.1494 -0.7752
vn 0.6920 -0.1438 -0.7074
vn 0.5748 0.4923 -0.6536
vn -0.0678 0.5153 -0.8543
vn -0.1428 0.4630 -0.8748
vn 0.3288 -0.7005 0.6334
vn 0.0576 -0.6884 0.7231
vn -0.0754 0.9884 -0.1321
vn -0.0582 0.9916 -0.1154
vn -0.3134 0.5856 0.7476
vn -0.2504 0.5956 0.7633
vn -0.0422 0.9941 -0.0997
vn -0.0263 0.9962 -0.0835
vn -0.4429 0.5654 0.6958
vn -0.3761 0.5763 0.7256
vn -0.0091 0.9977 -0.0679
vn 0.0070 0.9981 -0.0614
vn -0.5112 0.5569 0.6546
vn 0.2968 -0.9547 0.0193
vn 0.1830 -0.7381 0.6494
vn 0.2325 -0.9216 -0.3109
vn 0.1810 -0.9300 -0.3200
vn -0.1873 0.2009 -0.9615
vn -0.3861 0.1350 -0.9125
vn -0.3405 -0.1126 -0.9335
vn -0.1328 -0.0950 -0.9866
vn 0.1922 -0.3796 -0.9050
vn 0.2821 -0.4018 -0.8712
vn 0.3607 -0.4224 -0.8315
vn 0.4332 -0.4386 -0.7874
vn 0.4998 -0.4495 -0.7404
vn 0.5659 -0.4535 -0.6885
vn 0.6309 -0.4523 -0.6304
vn 0.0617 -0.5920 -0.8036
vn 0.1491 -0.6115 -0.7771
vn 0.0933 -0.3597 -0.9284
vn 0.0043 -0.3351 -0.9422
vn -0.8298 0.5423 0.1318
vn -0.8121 0.5368 0.2287
vn 0.0283 0.9996 0.0091
vn 0.0310 0.9994 0.0158
vn -0.2289 0.6277 -0.7440
vn -0.5012 0.4129 -0.7605
vn 0.5591 -0.6404 -0.5265
vn 0.4553 -0.6441 -0.6147
vn 0.5071 -0.6446 -0.5722
vn 0.3474 -0.6309 -0.6937
vn 0.4035 -0.6394 -0.6545
vn -0.3841 0.2400 -0.8916
vn -0.2136 0.3201 -0.9230
vn 0.1741 -0.9171 -0.3586
vn -0.2613 -0.8002 0.5398
vn -0.1932 -0.7906 0.5811
vn -0.1260 -0.7818 0.6106
vn -0.0634 -0.7718 0.6327
vn -0.0005 -0.7613 0.6484
vn -0.1184 0.6180 0.7772
vn -0.1877 0.6061 0.7729
vn 0.0621 -0.7503 0.6581
vn 0.1312 -0.7375 0.6625
vn 0.3580 -0.9093 -0.2119
vn 0.3578 -0.9069 -0.2226
vn 0.8528 -0.4722 -0.2231
vn 0.8676 -0.4732 -0.1529
vn 0.8640 -0.4910 -0.1117
vn 0.8704 -0.4794 -0.1120
vn 0.7476 -0.6501 -0.1357
vn 0.7525 -0.6477 -0.1192
vn -0.1117 0.9805 -0.1616
vn -0.0942 0.9843 -0.1494
vn -0.5741 -0.8184 -0.0272
vn -0.5835 -0.8109 -0.0439
vn 0.7299 -0.6482 -0.2169
vn 0.7441 -0.6472 -0.1656
vn 0.3163 0.8820 -0.3495
vn 0.2184 -0.6111 -0.7609
vn 0.2861 -0.6192 -0.7313
vn 0.1526 -0.6180 -0.7713
vn 0.2264 -0.6988 0.6785
vn -0.1931 -0.0981 -0.9763
vn -0.1794 -0.2150 -0.9600
vn 0.6031 0.6854 -0.4079
vn 0.1753 0.9662 -0.1892
vn 0.4617 0.8863 -0.0358
vn 0.4466 0.8905 -0.0867
vn 0.6235 0.7729 -0.1177
vn 0.6391 0.7677 -0.0479
vn -0.1694 0.9727 -0.1585
vn -0.1179 0.9817 -0.1498
vn -0.0705 0.6391 0.7659
vn -0.0593 0.9810 0.1848
vn 0.2929 -0.9152 -0.2767
vn 0.2752 -0.9156 -0.2932
vn 0.3424 -0.9111 -0.2294
vn 0.2557 -0.9156 -0.3102
vn 0.2376 -0.9164 -0.3221
vn -0.1002 0.7423 -0.6625
vn -0.1760 0.6981 -0.6940
vn 0.0067 0.9987 -0.0505
vn 0.5000 -0.7972 -0.3384
vn 0.7941 -0.3516 -0.4957
vn 0.3809 -0.9106 -0.1605
vn 0.3745 -0.9107 -0.1743
vn 0.4053 -0.9072 -0.1131
vn 0.3832 -0.9125 -0.1429
vn 0.3253 -0.9133 -0.2451
vn 0.3092 -0.9144 -0.2612
vn -0.3251 0.6211 -0.7131
vn -0.2715 0.2738 -0.9227
vn 0.4010 -0.8603 -0.3147
vn -0.2444 0.1808 -0.9527
vn -0.0654 -0.3002 -0.9516
vn -0.0963 -0.1227 -0.9878
vn 0.0265 0.6487 0.7606
vn 0.2771 -0.7118 0.6454
vn -0.1630 0.2396 -0.9571
vn -0.1959 0.4063 -0.8925
vn 0.0078 -0.5681 -0.8229
vn 0.1593 -0.9243 -0.3470
vn -0.2186 0.6617 -0.7172
vn -0.1882 0.9646 -0.1845
vn -0.5381 -0.8421 0.0360
vn 0.3891 -0.9108 -0.1380
vn 0.7231 -0.6674 -0.1783
vn 0.9696 -0.1668 -0.1789
vn 0.4345 0.8995 -0.0457
vn 0.8408 -0.5111 -0.1786
vn 0.2187 -0.9512 -0.2175
vn 0.8106 -0.2698 -0.5198
vn 0.7715 -0.3218 -0.5489
vn -0.1004 0.8717 -0.4796
vn -0.0218 0.8574 -0.5143
vn -0.3378 0.8392 -0.4263
vn -0.3163 0.8306 -0.4582
vn -0.5174 -0.8135 0.2655
vn 0.2676 -0.7138 -0.6472
vn 0.2002 -0.7605 -0.6177
vn 0.4103 -0.7413 -0.5312
vn 0.4921 -0.6710 -0.5546
vn -0.7636 0.5231 0.3786
vn -0.9020 0.4178 0.1086
vn -0.8988 0.4382 0.0080
vn -0.6850 -0.7229 -0.0902
vn -0.6922 -0.7216 0.0122
vn -0.0316 -0.8231 -0.5670
vn -0.0156 -0.8025 -0.5965
vn 0.9296 0.1761 0.3237
vn 0.9397 0.1435 0.3106
vn 0.9368 0.1511 0.3155
vn 0.9276 0.1798 0.3275
vn 0.9381 0.1757 0.2984
vn 0.9371 0.1550 0.3129
vn 0.9370 0.1526 0.3142
vn 0.9384 0.1765 0.2971
vn 0.9328 0.1710 0.3172
vn 0.9328 0.1704 0.3177
vn 0.9335 0.1593 0.3214
vn 0.9336 0.1595 0.3208
vn 0.9325 0.1682 0.3195
vn 0.9380 0.1529 0.3110
vn 0.9362 0.1638 0.3111
vn 0.9361 0.1638 0.3111
vn 0.9261 0.2037 0.3174
vn 0.9269 0.2020 0.3163
vn 0.9250 0.1723 0.3387
vn 0.9247 0.1724 0.3394
vn 0.9206 0.1761 0.3485
vn 0.9205 0.1768 0.3485
vn 0.9371 0.1721 0.3037
vn 0.9369 0.1717 0.3044
vn 0.9324 0.1702 0.3189
vn 0.9318 0.1703 0.3206
vn -0.6229 -0.7792 -0.0697
vn -0.8601 0.5086 0.0392
vn 0.3808 0.8606 -0.3380
vn 0.7315 0.5819 -0.3553
vn 0.8791 -0.2194 -0.4231
vn 0.6504 -0.6030 -0.4619
vn 0.4522 -0.7133 -0.5355
vn 0.1246 -0.8664 -0.4836
vn -0.2045 0.9207 -0.3323
vn 0.1544 0.9040 -0.3986
vn 0.9338 0.1730 0.3133
vn 0.9303 0.1848 0.3169
vn 0.9225 0.1851 0.3389
vn 0.9249 0.1756 0.3372
vn 0.9368 0.1631 0.3094
vn 0.9368 0.1631 0.3096
vn 0.9386 0.1766 0.2964
vn 0.9386 0.1764 0.2966
vn 0.9315 0.1566 0.3283
vn 0.9334 0.1525 0.3247
vn 0.9361 0.1615 0.3124
vn 0.9363 0.1617 0.3119
vn 0.9744 0.1468 -0.1700
vn 0.8852 0.1314 -0.4462
vn 0.8295 0.3803 -0.4091
vn 0.9292 0.3423 -0.1391
vn 0.8727 0.4841 -0.0627
vn 0.7278 0.6135 -0.3065
vn 0.6196 0.7661 -0.1707
vn 0.7921 0.6086 0.0466
vn 0.8909 -0.4378 0.1211
vn 0.7097 -0.7014 -0.0656
vn 0.7996 -0.5669 -0.1984
vn 0.9441 -0.3292 0.0185
vn -0.0194 0.0602 0.9980
vn -0.5715 -0.0462 0.8193
vn -0.4779 -0.3999 0.7821
vn 0.0653 -0.2752 0.9592
vn 0.2487 0.6183 0.7456
vn -0.2437 0.6942 0.6772
vn -0.4524 0.3959 0.7991
vn 0.0649 0.3727 0.9257
vn 0.2720 -0.4991 0.8227
vn -0.1745 -0.7210 0.6706
vn 0.1285 -0.8609 0.4922
vn 0.5295 -0.5976 0.6020
vn 0.7016 -0.5891 0.4010
vn 0.3965 -0.8748 0.2783
vn 0.5673 -0.8171 0.1031
vn 0.8177 -0.5210 0.2448
vn 0.7141 0.6827 0.1549
vn 0.4755 0.8797 -0.0114
vn 0.3448 0.9283 0.1389
vn 0.6275 0.7301 0.2707
vn 0.5319 0.7459 0.4008
vn 0.1715 0.9332 0.3159
vn -0.0068 0.8728 0.4879
vn 0.4019 0.7250 0.5593
vn 0.7164 -0.1332 0.6849
vn 0.6258 -0.0352 0.7792
vn 0.5861 0.1443 0.7973
vn 0.6269 0.2810 0.7267
vn 0.8938 0.3390 0.2935
vn 0.9114 0.3127 0.2676
vn 0.9355 0.2676 0.2309
vn 0.9509 0.2286 0.2086
vn 0.9175 -0.1186 0.3797
vn 0.8521 -0.1472 0.5022
vn 0.9644 0.1806 0.1932
vn 0.9733 0.0897 0.2112
vn 0.9824 -0.1370 -0.1273
vn 0.8513 0.3813 0.3603
vn 0.8769 0.3599 0.3187
vn 0.7388 0.3858 0.5526
vn 0.8055 0.4045 0.4331
vn 0.9633 -0.0241 0.2675
vn 0.9487 -0.0654 0.3094
vn 0.8919 -0.2451 -0.3800
vn 0.2411 -0.5636 -0.7901
vn 0.2560 -0.5708 -0.7802
vn 0.2701 -0.9270 -0.2602
vn 0.2729 -0.9241 -0.2677
vn 0.1173 -0.7507 0.6502
vn 0.0963 -0.7560 0.6475
vn -0.1576 0.6252 0.7644
vn -0.1360 0.6272 0.7669
vn 0.0543 0.3832 -0.9221
vn 0.0746 0.3990 -0.9139
vn 0.0953 0.2819 -0.9547
vn 0.0722 0.2704 -0.9600
vn 0.6941 0.6906 0.2032
vn 0.6861 0.4295 0.5872
vn 0.6586 0.2748 0.7005
vn 0.7683 0.5242 0.3674
vn -0.2052 -0.8493 0.4864
vn -0.4772 0.6309 0.6118
vn -0.4783 0.8490 -0.2248
vn 0.7359 -0.1276 0.6650
vn 0.9161 -0.2617 0.3036
vn -0.8202 0.5186 0.2414
vn -0.7895 0.4306 0.4373
vn -0.0971 0.8519 0.5146
vn 0.0570 0.9818 0.1810
vn 0.5862 0.8014 0.1190
vn 0.4742 0.6762 0.5638
vn 0.8344 -0.5511 0.0044
vn 0.7064 -0.5459 0.4505
vn 0.2494 -0.8953 0.3690
vn 0.4298 -0.9028 0.0161
vn 0.1343 -0.0675 -0.9886
vn 0.1602 -0.0708 -0.9845
vn 0.1875 -0.2145 -0.9586
vn 0.1629 -0.2051 -0.9651
vn -0.0846 0.9929 -0.0832
vn -0.0809 0.9926 -0.0907
vn -0.5723 -0.7474 0.3375
vn -0.5760 -0.8073 0.1287
vn -0.4065 -0.1511 0.9011
vn -0.4371 -0.1560 0.8858
vn -0.4303 -0.1560 0.8891
vn -0.4304 -0.1559 0.8891
vn -0.3770 -0.1477 0.9144
vn -0.3771 -0.1477 0.9143
vn 0.0164 0.7376 -0.6750
vn 0.0044 0.7280 -0.6856
vn 0.8015 -0.2709 0.5331
vn 0.8903 -0.4401 0.1174
vn -0.3612 -0.1444 0.9212
vn -0.3613 -0.1444 0.9212
vn 0.0107 0.9868 0.1615
vn -0.0238 0.9821 0.1870
vn -0.8094 0.4667 0.3565
vn -0.8047 0.5064 0.3098
vn -0.8173 0.3751 0.4375
vn -0.8217 0.3606 0.4413
vn -0.6227 -0.7000 0.3498
vn -0.6162 -0.7113 0.3381
vn -0.5133 -0.7911 0.3328
vn -0.4490 -0.8022 0.3935
vn 0.2051 -0.9609 -0.1858
vn 0.1535 -0.9713 -0.1818
vn -0.2507 -0.9318 0.2625
vn 0.2273 -0.9672 -0.1136
vn -0.2619 -0.7897 0.5548
vn -0.2273 -0.7979 0.5583
vn 0.3013 -0.9426 -0.1442
vn 0.2941 -0.9503 -0.1022
vn -0.1813 -0.8015 0.5698
vn -0.1504 -0.7979 0.5837
vn 0.2621 -0.9403 -0.2169
vn 0.2732 -0.9394 -0.2070
vn -0.0652 -0.7850 0.6161
vn -0.0188 -0.7782 0.6277
vn 0.2640 -0.9367 -0.2299
vn 0.2614 -0.9392 -0.2224
vn 0.0640 -0.7633 0.6428
vn 0.2672 -0.9303 -0.2512
vn 0.6366 -0.7689 -0.0592
vn 0.6280 -0.7704 -0.1096
vn 0.8869 -0.3662 -0.2816
vn 0.9179 -0.3896 -0.0748
vn 0.6906 -0.4676 -0.5518
vn 0.6754 -0.4281 -0.6005
vn 0.6277 -0.2000 -0.7523
vn 0.5772 -0.3093 -0.7558
vn 0.6923 -0.2520 -0.6762
vn 0.6578 -0.0686 -0.7501
vn 0.6496 -0.1566 -0.7440
vn 0.6096 -0.1735 -0.7735
vn 0.6180 -0.0135 -0.7860
vn 0.6531 0.0011 -0.7573
vn 0.5167 -0.2083 -0.8304
vn 0.4702 -0.2171 -0.8554
vn 0.4638 -0.0527 -0.8844
vn 0.5162 -0.0442 -0.8554
vn 0.3736 -0.2251 -0.8999
vn 0.3219 -0.2264 -0.9193
vn 0.3044 -0.0673 -0.9502
vn 0.3597 -0.0631 -0.9309
vn 0.2248 -0.2215 -0.9489
vn 0.2001 -0.0717 -0.9772
vn 0.7080 0.6819 -0.1838
vn 0.7299 0.6832 0.0226
vn 0.3728 0.9246 0.0779
vn 0.3540 0.9331 0.0632
vn 0.2682 0.8925 -0.3627
vn 0.3233 0.8642 -0.3856
vn -0.1567 0.9875 -0.0147
vn -0.1899 0.9813 -0.0312
vn 0.3489 0.8489 -0.3970
vn -0.1269 0.9903 0.0567
vn 0.3371 0.8230 -0.4572
vn 0.3086 0.8116 -0.4961
vn -0.0540 0.9985 0.0079
vn -0.0499 0.9980 0.0390
vn 0.2315 0.7969 -0.5580
vn 0.1953 0.7919 -0.5786
vn -0.1011 0.9942 -0.0371
vn -0.0915 0.9954 -0.0299
vn 0.1287 0.7810 -0.6111
vn 0.0957 0.7724 -0.6279
vn -0.0944 0.9941 -0.0535
vn -0.0983 0.9941 -0.0454
vn 0.0369 0.7491 -0.6614
vn -0.0886 0.9933 -0.0745
vn -0.1853 0.9595 0.2120
vn -0.3164 0.9339 0.1663
vn 0.2417 0.9704 -0.0019
vn 0.1536 0.9785 -0.1380
vn -0.6946 0.5119 0.5055
vn -0.7686 0.4561 0.4486
vn -0.5157 0.7757 0.3639
vn -0.4774 0.5796 0.6604
vn -0.4986 0.5706 0.6526
vn -0.4049 0.5855 0.7023
vn -0.4372 0.5810 0.6866
vn -0.2735 0.6089 0.7446
vn -0.3193 0.6004 0.7332
vn -0.1904 0.6216 0.7599
vn 0.6306 -0.3744 -0.6799
vn 0.4287 -0.4203 -0.7997
vn 0.2418 0.6405 -0.7289
vn 0.4496 0.6654 -0.5960
vn 0.3505 -0.9365 0.0049
vn 0.2515 -0.9666 0.0498
vn 0.6111 -0.7890 -0.0630
vn 0.6620 -0.7474 -0.0558
vn 0.4876 0.5192 -0.7019
vn 0.4018 0.5815 -0.7074
vn 0.5684 0.4177 -0.7088
vn 0.5495 0.3589 -0.7545
vn 0.5884 0.3530 -0.7274
vn 0.3886 0.3565 -0.8497
vn 0.4414 0.3624 -0.8209
vn 0.2324 0.3241 -0.9170
vn 0.2862 0.3367 -0.8971
vn 0.1325 0.2957 -0.9460
vn 0.6037 -0.6977 -0.3856
vn 0.6924 -0.4989 -0.5212
vn 0.6568 -0.5795 -0.4825
vn 0.6311 -0.5955 -0.4971
vn 0.6089 -0.6048 -0.5133
vn 0.5872 -0.5772 -0.5676
vn 0.5562 -0.5692 -0.6055
vn 0.4782 -0.5719 -0.6665
vn 0.4424 -0.5768 -0.6868
vn 0.3764 -0.5847 -0.7187
vn 0.3426 -0.5851 -0.7351
vn 0.2793 -0.5774 -0.7672
vn -0.5659 -0.8009 0.1956
vn -0.5836 -0.7744 0.2443
vn 0.0056 -0.9999 0.0098
vn 0.0453 -0.9963 0.0729
vn 0.2409 0.9116 -0.3332
vn 0.2506 0.9568 -0.1475
vn 0.3461 0.8037 -0.4840
vn 0.4482 0.7158 -0.5355
vn 0.5508 0.5638 -0.6155
vn 0.5403 0.4682 -0.6992
vn 0.4954 0.4759 -0.7267
vn 0.3936 0.4862 -0.7801
vn 0.3457 0.4822 -0.8050
vn 0.2496 0.4630 -0.8505
vn 0.1993 0.4495 -0.8708
vn 0.1079 0.4165 -0.9027
vn 0.3283 0.9394 0.0984
vn 0.3053 0.9499 0.0666
vn 0.5939 -0.7136 -0.3717
vn 0.5503 -0.7999 -0.2394
vn 0.4468 -0.8943 -0.0261
vn 0.4139 -0.9099 -0.0261
vn 0.7091 -0.7024 -0.0618
vn 0.7526 -0.6563 -0.0532
vn 0.7202 0.6606 0.2120
vn 0.7287 0.6767 0.1055
vn 0.3528 0.9286 0.1150
vn 0.4038 0.9054 0.1309
vn 0.4083 0.9095 0.0782
vn 0.4625 0.8827 0.0831
vn -0.8016 0.5391 0.2585
vn -0.8004 0.5317 0.2767
vn -0.5530 -0.8173 0.1616
vn -0.5514 -0.8219 0.1431
vn 0.6481 -0.7608 -0.0333
vn 0.6860 -0.7276 -0.0086
vn 0.9124 -0.3910 0.1206
vn 0.9208 -0.3899 0.0113
vn 0.0686 0.9878 0.1398
vn 0.0424 0.9894 0.1385
vn 0.1364 -0.9875 0.0790
vn -0.6072 -0.7381 0.2942
vn 0.7989 -0.4150 -0.4354
vn 0.6166 -0.7611 -0.2015
vn -0.0769 0.9767 0.2003
vn 0.3241 0.9455 0.0297
vn -0.8178 0.4135 0.4002
vn 0.6064 0.7216 -0.3342
vn 0.5660 -0.8162 -0.1156
vn 0.2743 0.9617 0.0006
vn -0.0987 0.7491 -0.6550
vn 0.1614 -0.7515 0.6397
vn 0.2074 -0.7427 0.6367
vn 0.0663 -0.6381 -0.7671
vn 0.0941 -0.6341 -0.7675
vn -0.7071 0.2165 0.6732
vn -0.5905 -0.4953 0.6372
vn -0.0491 0.8951 -0.4432
vn 0.2303 -0.7971 -0.5582
vn 0.0583 -0.6388 -0.7671
vn -0.1944 0.7340 -0.6507
vn -0.1988 0.7339 -0.6495
vn 0.0541 -0.6405 -0.7660
vn -0.0147 0.6123 0.7905
vn -0.0956 0.6451 0.7581
vn -0.0496 0.6537 0.7551
vn 0.3023 -0.7280 -0.6154
vn 0.3432 -0.6584 -0.6699
vn 0.0694 0.8275 -0.5571
vn 0.0310 0.8601 -0.5092
vn 0.3431 -0.6182 -0.7072
vn 0.3391 -0.6174 -0.7098
vn 0.0765 0.8056 -0.5875
vn 0.0787 0.8068 -0.5855
vn 0.3257 -0.6206 -0.7133
vn 0.3110 -0.6193 -0.7209
vn 0.0506 0.7976 -0.6011
vn 0.0642 0.8030 -0.5925
vn 0.2543 -0.6230 -0.7397
vn 0.2163 -0.6250 -0.7501
vn -0.0412 0.7744 -0.6314
vn -0.0046 0.7842 -0.6204
vn 0.1326 -0.6303 -0.7649
vn -0.1592 0.7423 -0.6508
vn -0.1217 0.7521 -0.6477
vn 0.0083 0.6606 0.7507
vn -0.0135 0.6579 0.7530
vn -0.4855 -0.6063 0.6298
vn -0.3974 -0.6885 0.6066
vn -0.2531 -0.7744 0.5799
vn -0.2032 -0.7809 0.5907
vn -0.1124 -0.7703 0.6277
vn -0.0757 -0.7685 0.6354
vn -0.0104 -0.7673 0.6411
vn 0.0233 -0.7658 0.6426
vn 0.1108 -0.7586 0.6421
vn 0.2638 -0.7278 0.6330
vn 0.2426 -0.7335 0.6350
vn -0.5974 0.4309 0.6764
vn -0.6514 0.3264 0.6849
vn -0.4506 0.5393 0.7114
vn -0.4971 0.5242 0.6915
vn -0.3231 0.5796 0.7481
vn -0.3582 0.5668 0.7419
vn -0.2296 0.6086 0.7595
vn -0.2618 0.5988 0.7569
vn -0.1453 0.6334 0.7601
vn -0.1866 0.7361 -0.6506
vn 0.0147 0.6624 0.7490
vn 0.0095 0.6640 0.7477
vn 0.2660 -0.7302 0.6293
vn 0.2703 -0.7270 0.6312
vn -0.0020 0.6600 0.7513
vn 0.2539 -0.7313 0.6331
vn -0.1755 0.7354 -0.6545
vn -0.1491 0.7349 -0.6616
vn -0.1215 0.7366 -0.6653
vn 0.1005 -0.6218 -0.7767
vn 0.0762 -0.6328 -0.7705
vn 0.1266 -0.6130 -0.7799
vn 0.6304 0.6607 -0.4075
vn 0.8109 -0.3193 -0.4904
vn -0.8090 0.3194 0.4934
vn -0.1796 0.9801 0.0844
vn 0.1814 -0.9800 -0.0814
vn -0.6285 -0.6607 0.4105
vn -0.0000 -0.9281 -0.3724
vn -0.0000 -1.0000 0.0000
vn -0.8660 -0.5000 -0.0000
vn -0.8037 -0.4640 -0.3724
vn 0.3830 0.2211 -0.8969
vn 0.3830 -0.2211 -0.8969
vn 0.0000 -0.0000 -1.0000
vn -0.3830 0.2211 -0.8969
vn 0.0000 0.4423 -0.8969
vn -0.0000 -0.4423 -0.8969
vn 0.0014 0.8254 -0.5645
vn 0.6885 0.4277 -0.5856
vn -0.6876 -0.4286 -0.5861
vn -0.6876 0.4286 -0.5861
vn 0.6885 -0.4277 -0.5856
vn 0.0014 -0.8254 -0.5645
vn -0.8370 0.5469 0.0193
vn -0.0039 0.9993 -0.0375
vn -0.0039 -0.9993 -0.0375
vn -0.8370 -0.5469 0.0193
vn 0.8089 -0.5699 -0.1443
vn 0.8089 0.5699 -0.1443
vn -0.7890 -0.6144 0.0048
vn -0.7890 0.6144 0.0048
vn 0.8269 0.5502 0.1163
vn 0.8269 -0.5502 0.1163
vn 0.0366 0.9993 -0.0077
vn 0.0366 -0.9993 -0.0077
vn -0.0614 -0.9933 0.0979
vn -0.8155 -0.5777 0.0365
vn 0.7111 -0.6437 0.2830
vn -0.0614 0.9933 0.0979
vn 0.7111 0.6437 0.2830
vn -0.8155 0.5777 0.0365
vn 0.8239 0.5666 0.0145
vn 0.1779 0.9577 -0.2260
vn 0.0323 0.9847 -0.1713
vn 0.7678 0.6406 0.0123
vn 0.1779 -0.9577 -0.2260
vn 0.8239 -0.5666 0.0145
vn 0.7678 -0.6406 0.0123
vn 0.0323 -0.9847 -0.1713
vn -0.1341 0.5769 -0.8058
vn -0.1341 -0.5769 -0.8058
vn -0.6321 -0.5296 -0.5656
vn -0.6321 0.5296 -0.5656
vn 0.8126 -0.5818 0.0353
vn 0.0796 -0.9939 -0.0763
vn 0.0796 0.9939 -0.0763
vn 0.8126 0.5818 0.0353
vn -0.6228 -0.6917 -0.3656
vn -0.6228 0.6917 -0.3656
vn 0.7914 -0.6095 0.0462
vn 0.0075 -0.9998 0.0166
vn 0.0075 0.9998 0.0166
vn 0.7914 0.6095 0.0462
vn -0.7776 -0.6281 0.0290
vn -0.7776 0.6281 0.0290
vn -0.5058 0.5034 -0.7006
vn 0.1792 -0.4898 -0.8532
vn -0.1105 -0.7192 -0.6859
vn -0.1105 0.7192 -0.6859
vn 0.1792 0.4898 -0.8532
vn -0.5058 -0.5034 -0.7006
vn -0.5657 0.5176 -0.6419
vn -0.0294 0.9737 -0.2258
vn -0.0294 -0.9737 -0.2258
vn -0.5657 -0.5176 -0.6419
vn -0.7556 -0.6078 -0.2443
vn -0.7556 0.6078 -0.2443
vn 0.7446 -0.6597 0.1022
vn -0.6360 -0.6468 -0.4210
vn 0.7797 -0.6089 0.1461
vn -0.6529 0.7143 -0.2520
vn 0.8029 0.5950 0.0368
vn 0.5486 0.5030 -0.6679
vn -0.5493 0.7534 -0.3613
vn 0.7446 0.6597 0.1022
vn 0.7966 0.6039 0.0270
vn 0.7966 -0.6039 0.0270
vn -0.0514 0.9981 0.0329
vn -0.0514 -0.9981 0.0329
vn -0.7969 -0.5868 0.1437
vn -0.8607 -0.5038 0.0738
vn -0.0564 -0.9969 0.0551
vn -0.2391 -0.8004 0.5497
vn -0.8426 -0.3722 0.3893
vn 0.8506 -0.5211 0.0699
vn 0.8506 0.5211 0.0699
vn 0.3891 0.4133 0.8233
vn 0.3891 -0.4133 0.8233
vn -0.5981 0.0000 0.8014
vn -0.2391 0.8004 0.5497
vn -0.8426 0.3722 0.3893
vn -0.0564 0.9969 0.0551
vn -0.7969 0.5868 0.1437
vn -0.8607 0.5038 0.0738
vn 0.8242 -0.5644 0.0465
vn 0.8242 0.5644 0.0465
vn -0.0601 0.9975 0.0362
vn -0.8253 0.5551 0.1039
vn -0.8253 -0.5551 0.1039
vn -0.0601 -0.9975 0.0362
vn -0.7471 0.3746 -0.5491
vn -0.5968 -0.0913 -0.7971
vn 0.5486 -0.5030 -0.6679
vn -0.5493 -0.7534 -0.3613
vn -0.5968 0.0913 -0.7971
vn -0.7471 -0.3746 -0.5491
vn -0.5766 -0.7904 -0.2068
vn 0.7797 0.6089 0.1461
vn -0.5766 0.7904 -0.2068
vn -0.6360 0.6468 -0.4210
vn 0.8029 -0.5950 0.0368
vn -0.6529 -0.7143 -0.2520
vn -0.8014 0.5897 -0.0999
vn -0.8014 -0.5897 -0.0999
vn -0.6940 0.7127 -0.1015
vn -0.6940 -0.7127 -0.1015
vn 0.8037 0.4640 -0.3724
vn 0.8660 0.5000 0.0000
vn 0.8660 -0.5000 0.0000
vn 0.8037 -0.4640 -0.3724
vn -0.8037 0.4640 -0.3724
vn -0.8660 0.5000 -0.0000
vn -0.0000 1.0000 -0.0000
vn 0.0000 0.9281 -0.3724
vn -0.3830 -0.2211 -0.8969
vn 0.0951 0.5378 0.8377
vn 0.1630 0.5395 -0.8261
vn -0.5062 0.7706 -0.3872
vn -0.7005 0.7001 0.1381
vn 0.0183 0.8823 -0.4703
vn -0.7036 0.7031 0.1031
vn -0.3403 0.5483 -0.7639
vn -0.7194 0.6930 0.0460
vn -0.0951 -0.5378 0.8377
vn -0.1630 -0.5395 -0.8261
vn 0.5062 -0.7706 -0.3872
vn 0.7005 -0.7001 0.1381
vn -0.0183 -0.8823 -0.4703
vn 0.7036 -0.7031 0.1031
vn 0.3403 -0.5483 -0.7639
vn 0.7194 -0.6930 0.0460
vn -0.5378 0.0951 0.8377
vn -0.5394 0.1630 -0.8261
vn -0.7706 -0.5062 -0.3872
vn -0.7001 -0.7005 0.1381
vn -0.8823 0.0183 -0.4703
vn -0.7031 -0.7036 0.1031
vn -0.5483 -0.3403 -0.7639
vn -0.6930 -0.7194 0.0460
vn 0.5378 -0.0951 0.8377
vn 0.5394 -0.1630 -0.8261
vn 0.7706 0.5062 -0.3872
vn 0.7001 0.7005 0.1381
vn 0.8823 -0.0183 -0.4703
vn 0.7031 0.7036 0.1031
vn 0.5483 0.3403 -0.7639
vn 0.6930 0.7194 0.0460
vn 0.0951 -0.5378 0.8377
vn -0.7005 -0.7001 0.1381
vn -0.5062 -0.7706 -0.3872
vn 0.1630 -0.5395 -0.8261
vn -0.7036 -0.7031 0.1031
vn 0.0183 -0.8823 -0.4703
vn -0.7194 -0.6930 0.0460
vn -0.3403 -0.5483 -0.7639
vn -0.0951 0.5378 0.8377
vn 0.7005 0.7001 0.1381
vn 0.5062 0.7706 -0.3872
vn -0.1630 0.5395 -0.8261
vn 0.7036 0.7031 0.1031
vn -0.0183 0.8823 -0.4703
vn 0.7194 0.6930 0.0460
vn 0.3403 0.5483 -0.7639
vn 0.5378 0.0951 0.8377
vn 0.7001 -0.7005 0.1381
vn 0.7706 -0.5062 -0.3872
vn 0.5394 0.1630 -0.8261
vn 0.7031 -0.7036 0.1031
vn 0.8823 0.0183 -0.4703
vn 0.6930 -0.7194 0.0460
vn 0.5483 -0.3403 -0.7639
vn -0.5378 -0.0951 0.8377
vn -0.7001 0.7005 0.1381
vn -0.7706 0.5062 -0.3872
vn -0.5394 -0.1630 -0.8261
vn -0.7031 0.7036 0.1031
vn -0.8823 -0.0183 -0.4703
vn -0.6930 0.7194 0.0460
vn -0.5483 0.3403 -0.7639
vn 0.0377 0.1189 0.9922
vn 0.0259 0.1153 0.9930
vn 0.0351 0.0000 0.9994
vn -0.0165 -0.0257 0.9995
vn -0.0108 -0.0555 0.9984
vn 0.0745 -0.0600 0.9954
vn 0.0802 -0.0340 0.9962
vn 0.0495 0.1147 0.9922
vn -0.0192 -0.0002 0.9998
vn 0.0668 -0.0824 0.9944
vn 0.0613 0.1022 0.9929
vn -0.0157 0.0253 0.9996
vn 0.0555 -0.1027 0.9932
vn 0.0714 0.0821 0.9941
vn -0.0090 0.0553 0.9984
vn 0.0434 -0.1155 0.9924
vn 0.0778 0.0608 0.9951
vn 0.0020 0.0823 0.9966
vn 0.0316 -0.1199 0.9923
vn 0.0820 0.0349 0.9960
vn 0.0148 0.1046 0.9944
vn 0.0101 -0.1056 0.9944
vn 0.0204 -0.1164 0.9930
vn -0.0014 -0.0829 0.9966
vn 0.0837 0.0004 0.9965
vn 0.8964 0.4262 0.1219
vn 0.7769 0.3712 0.5086
vn 0.5929 0.6328 0.4980
vn 0.6859 0.7184 0.1161
vn 0.6860 -0.7197 0.1069
vn 0.5883 -0.6422 0.4914
vn 0.7781 -0.3707 0.5070
vn 0.8979 -0.4244 0.1173
vn 0.5690 -0.0476 -0.8210
vn 0.4865 -0.3185 -0.8135
vn 0.3438 -0.1460 -0.9276
vn 0.3386 0.1163 -0.9337
vn -0.4170 0.3014 -0.8575
vn -0.2278 0.4858 -0.8439
vn -0.1973 0.2988 -0.9337
vn -0.2989 0.0994 -0.9491
vn -0.2920 0.9531 0.0799
vn -0.2585 0.8632 0.4336
vn -0.4939 0.7570 0.4278
vn -0.5423 0.8367 0.0766
vn 0.1083 0.9917 0.0697
vn 0.0861 0.9031 0.4207
vn 0.0036 0.9086 0.4176
vn 0.0049 0.9978 0.0655
vn 0.4857 0.2850 -0.8264
vn 0.2556 0.3349 -0.9069
vn -0.7462 -0.6604 0.0840
vn -0.6776 -0.5749 0.4587
vn -0.3964 -0.8136 0.4254
vn -0.4832 -0.8725 0.0722
vn -0.5179 -0.0180 -0.8553
vn -0.3190 -0.1584 -0.9344
vn -0.9968 0.0690 0.0398
vn -0.9270 0.0675 0.3690
vn -0.8739 -0.2677 0.4058
vn -0.9411 -0.3330 0.0581
vn 0.3030 0.4888 -0.8181
vn 0.1580 0.4845 -0.8604
vn -0.4497 -0.3051 -0.8395
vn -0.2634 -0.3290 -0.9068
vn 0.0439 -0.9990 -0.0050
vn 0.0076 -0.9612 0.2758
vn 0.1037 -0.9356 0.3375
vn 0.1818 -0.9828 0.0322
vn 0.4361 -0.8964 0.0796
vn 0.3433 -0.8320 0.4357
vn 0.1529 0.5928 -0.7907
vn 0.0772 0.5953 -0.7998
vn -0.3264 -0.4624 -0.8244
vn -0.1921 -0.4258 -0.8842
vn 0.9925 0.0009 0.1225
vn 0.8584 0.0003 0.5130
vn 0.2521 0.9640 0.0846
vn 0.2049 0.8729 0.4428
vn 0.0593 0.6675 -0.7423
vn 0.0289 0.6596 -0.7510
vn -0.2140 -0.5522 -0.8058
vn -0.1187 -0.5023 -0.8565
vn -0.9181 0.3936 0.0474
vn -0.8487 0.3614 0.3861
vn 0.0166 0.6965 -0.7173
vn -0.0071 0.7406 -0.6719
vn -0.0176 0.7117 -0.7023
vn -0.0213 0.5548 -0.8317
vn -0.1196 -0.6135 -0.7806
vn -0.0496 -0.5445 -0.8373
vn -0.1207 -0.8217 0.5570
vn -0.0018 -0.8387 0.5445
vn 0.0070 -0.7044 0.7098
vn -0.0885 -0.6865 0.7217
vn -0.0152 -0.3274 0.9448
vn 0.0241 -0.3394 0.9403
vn -0.2387 -0.7698 0.5920
vn -0.1794 -0.6330 0.7531
vn -0.0505 -0.2918 0.9551
vn -0.3586 -0.6764 0.6434
vn -0.2658 -0.5418 0.7974
vn -0.0814 -0.2342 0.9688
vn -0.4791 -0.5219 0.7058
vn -0.3454 -0.4039 0.8471
vn -0.1052 -0.1619 0.9812
vn -0.5781 -0.2901 0.7627
vn -0.4051 -0.2160 0.8884
vn -0.1202 -0.0799 0.9895
vn -0.6189 -0.0001 0.7855
vn -0.4277 -0.0004 0.9039
vn -0.1256 -0.0003 0.9921
vn -0.5750 0.2905 0.7648
vn -0.4013 0.2153 0.8903
vn -0.1179 0.0790 0.9899
vn -0.4714 0.5245 0.7090
vn -0.3370 0.4037 0.8506
vn -0.1000 0.1609 0.9819
vn -0.3436 0.6819 0.6457
vn -0.2510 0.5430 0.8013
vn -0.0725 0.2326 0.9699
vn -0.2145 0.7770 0.5918
vn -0.1574 0.6351 0.7562
vn -0.0383 0.2894 0.9564
vn -0.0880 0.8284 0.5532
vn -0.0602 0.6885 0.7227
vn -0.0005 0.3247 0.9458
vn 0.0375 0.8434 0.5360
vn 0.0402 0.7058 0.7073
vn 0.0406 0.3373 0.9405
vn 0.1609 0.8228 0.5451
vn 0.1392 0.6852 0.7150
vn 0.0813 0.3239 0.9426
vn 0.2809 0.7663 0.5779
vn 0.2320 0.6278 0.7430
vn 0.1180 0.2863 0.9509
vn 0.3993 0.6683 0.6276
vn 0.3172 0.5338 0.7838
vn 0.1474 0.2303 0.9619
vn 0.5132 0.5154 0.6863
vn 0.3916 0.3998 0.8288
vn 0.1677 0.1643 0.9720
vn 0.6054 0.2917 0.7405
vn 0.4463 0.2205 0.8673
vn 0.1804 0.0882 0.9796
vn 0.6403 0.0017 0.7681
vn 0.4644 0.0018 0.8856
vn 0.1838 0.0009 0.9830
vn 0.5918 -0.2934 0.7508
vn 0.4347 -0.2190 0.8735
vn 0.1755 -0.0861 0.9807
vn 0.4852 -0.5237 0.7002
vn 0.3689 -0.4030 0.8375
vn 0.1583 -0.1631 0.9738
vn 0.3613 -0.6763 0.6419
vn 0.2861 -0.5387 0.7924
vn 0.1340 -0.2307 0.9638
vn 0.2383 -0.7696 0.5924
vn 0.1967 -0.6305 0.7509
vn 0.1018 -0.2873 0.9524
vn 0.1180 -0.8216 0.5577
vn 0.1034 -0.6853 0.7209
vn 0.0643 -0.3253 0.9434
vn 0.1654 0.3452 0.9238
vn 0.2432 0.2645 0.9332
vn 0.2931 0.3159 0.9024
vn 0.1829 0.3912 0.9019
vn 0.0049 -0.5408 0.8411
vn -0.0514 -0.4726 0.8798
vn -0.0176 -0.5505 0.8347
vn 0.0154 -0.5437 0.8391
vn 0.0438 -0.4695 0.8819
vn -0.0039 -0.5394 0.8420
vn -0.0167 -0.5351 0.8446
vn 0.0105 -0.5244 0.8514
vn -0.3800 0.1715 0.9090
vn -0.3099 0.2798 0.9087
vn -0.3639 0.2995 0.8820
vn -0.4680 0.1917 0.8627
vn 0.0915 0.4025 0.9109
vn 0.0874 0.4359 0.8958
vn 0.1435 -0.3668 0.9192
vn 0.1497 -0.4355 0.8876
vn -0.4292 0.0275 0.9028
vn -0.4864 0.0478 0.8724
vn 0.0398 0.4356 0.8993
vn 0.0350 0.4508 0.8919
vn 0.2383 -0.2681 0.9335
vn 0.2878 -0.3251 0.9008
vn -0.3808 -0.1233 0.9164
vn -0.4491 -0.1095 0.8868
vn 0.0019 0.4376 0.8992
vn 0.0020 0.4639 0.8859
vn 0.3092 -0.1498 0.9391
vn 0.3930 -0.1868 0.9004
vn -0.2752 -0.2402 0.9309
vn -0.3449 -0.2966 0.8905
vn -0.0443 0.4308 0.9014
vn -0.0395 0.4545 0.8899
vn 0.3339 -0.0000 0.9426
vn 0.4383 -0.0000 0.8988
vn -0.1682 -0.3573 0.9187
vn -0.1853 -0.4570 0.8700
vn -0.1149 0.3965 0.9108
vn -0.1195 0.4384 0.8908
vn 0.3090 0.1499 0.9392
vn 0.3929 0.1868 0.9004
vn -0.2121 0.3473 0.9135
vn -0.2529 0.3806 0.8895
vn -0.0474 -0.9989 -0.0029
vn -0.0083 -0.9610 0.2765
vn -0.0002 -0.9640 0.2658
vn -0.0007 -0.9999 -0.0162
vn 0.0004 -0.5403 0.8415
vn 0.0004 -0.5557 0.8314
vn -0.2618 0.9237 0.2798
vn -0.2474 0.8655 -0.4355
vn -0.4430 0.7834 -0.4360
vn -0.5034 0.8194 0.2742
vn -0.0706 -0.9887 0.1326
vn -0.0664 -0.8563 -0.5121
vn 0.0116 -0.8670 -0.4981
vn 0.0285 -0.9949 0.0970
vn -0.3582 -0.9140 0.1904
vn -0.2858 -0.8031 -0.5228
vn 0.9338 -0.0033 0.3579
vn 0.9306 -0.0094 -0.3660
vn 0.8259 0.4283 -0.3668
vn 0.8367 0.4173 0.3546
vn -0.0958 0.9548 0.2814
vn -0.1020 0.9006 -0.4225
vn -0.6905 -0.6812 0.2432
vn -0.5797 -0.6409 -0.5031
vn 0.8309 -0.4387 0.3422
vn 0.7905 -0.4620 -0.4019
vn 0.0011 0.9599 0.2804
vn -0.0022 0.9101 -0.4143
vn -0.9175 -0.2965 0.2651
vn -0.8347 -0.3208 -0.4476
vn 0.5829 -0.7529 0.3056
vn 0.4949 -0.7440 -0.4490
vn 0.0766 0.9536 0.2911
vn 0.0757 0.9078 -0.4125
vn -0.9636 0.0849 0.2534
vn -0.9172 0.0752 -0.3913
vn 0.2819 -0.9278 0.2445
vn 0.2027 -0.8552 -0.4770
vn 0.1918 0.9322 0.3069
vn 0.1841 0.8922 -0.4124
vn -0.8776 0.4119 0.2453
vn -0.8192 0.4267 -0.3832
vn 0.0312 -0.9853 0.1680
vn 0.0094 -0.8754 -0.4833
vn 0.3901 0.8609 0.3266
vn 0.3643 0.8376 -0.4071
vn -0.7078 0.6549 0.2648
vn -0.6347 0.6540 -0.4116
vn -0.0400 -0.9931 0.1101
vn -0.0378 -0.8719 -0.4882
vn 0.6233 0.7030 0.3425
vn 0.5955 0.7021 -0.3904
vn -0.0017 -0.9952 0.0983
vn -0.0045 -0.8691 -0.4946
vn -0.0807 0.5580 -0.8259
vn -0.1031 0.3889 -0.9155
vn 0.3702 -0.4570 -0.8088
vn 0.3025 -0.2898 -0.9081
vn -0.0115 0.6304 -0.7762
vn -0.0431 0.4532 -0.8904
vn 0.2719 -0.5292 -0.8037
vn 0.2451 -0.3771 -0.8931
vn -0.0954 0.9014 0.4224
vn -0.1135 0.9910 0.0712
vn -0.6971 0.5904 0.4068
vn -0.7619 0.6448 0.0618
vn 0.1771 -0.5785 -0.7962
vn 0.1952 -0.4357 -0.8787
vn 0.3879 0.7901 0.4747
vn 0.4582 0.8828 0.1033
vn 0.0795 -0.6054 -0.7919
vn 0.1212 -0.4705 -0.8740
vn 0.0017 0.3942 -0.9190
vn 0.0038 0.4126 -0.9109
vn -0.0031 -0.3883 -0.9215
vn 0.0028 -0.3936 -0.9193
vn 0.0149 -0.6280 -0.7781
vn 0.0519 -0.4962 -0.8667
vn -0.1149 -0.9361 0.3325
vn -0.1888 -0.9815 0.0330
vn -0.0451 -0.6367 -0.7698
vn 0.0105 -0.5428 -0.8398
vn -0.0537 0.3202 -0.9458
vn -0.1330 0.2645 -0.9552
vn 0.1899 -0.3570 -0.9146
vn 0.0633 -0.4039 -0.9126
vn -0.0725 -0.3455 -0.9356
vn -0.0310 -0.3639 -0.9309
vn 0.0351 0.4093 -0.9117
vn 0.0822 0.4066 -0.9099
vn 0.2717 -0.1837 -0.9447
vn 0.2931 -0.0290 -0.9556
vn -0.4735 0.0607 -0.8787
vn -0.4060 0.2460 -0.8801
vn -0.0016 0.3642 -0.9313
vn -0.0031 -0.4081 -0.9129
vn -0.1240 -0.3012 -0.9455
vn 0.1590 0.3891 -0.9074
vn 0.2111 -0.2676 -0.9401
vn -0.2920 0.3339 -0.8962
vn 0.0181 0.4048 -0.9142
vn -0.0177 -0.3961 -0.9180
vn -0.1853 -0.2433 -0.9521
vn 0.2686 0.3355 -0.9030
vn 0.1537 -0.3061 -0.9395
vn -0.1987 0.3718 -0.9068
vn 0.0079 0.7155 -0.6986
vn -0.0111 0.7238 -0.6899
vn 0.0330 0.3551 -0.9342
vn -0.0280 -0.3911 -0.9199
vn -0.2406 -0.1438 -0.9599
vn 0.3928 0.2171 -0.8936
vn 0.0999 -0.3332 -0.9375
vn -0.1175 0.3957 -0.9108
vn 0.0877 0.3075 -0.9475
vn -0.1062 -0.3713 -0.9224
vn -0.2493 0.0042 -0.9684
vn 0.4538 0.0059 -0.8911
vn 0.0449 -0.3535 -0.9344
vn -0.0499 0.4082 -0.9115
vn 0.1677 0.2441 -0.9551
vn -0.2445 -0.3093 -0.9190
vn -0.2099 0.1517 -0.9659
vn 0.3602 -0.2262 -0.9050
vn 0.0023 -0.3637 -0.9315
vn -0.0014 0.4106 -0.9118
vn 0.2465 0.1302 -0.9604
vn -0.4094 -0.1609 -0.8981
vn 0.0085 0.0065 -0.9999
vn -0.3243 -0.9459 0.0083
vn -0.3270 -0.9450 -0.0077
vn -0.1703 -0.9854 -0.0072
vn -0.1678 -0.9857 0.0120
vn -0.3307 -0.9437 0.0010
vn -0.3347 -0.9423 0.0084
vn -0.1755 -0.9845 0.0036
vn -0.1728 -0.9849 -0.0039
vn -0.3467 -0.9378 0.0177
vn -0.3496 -0.9367 0.0197
vn -0.1856 -0.9824 0.0217
vn -0.1840 -0.9828 0.0171
vn -0.3419 -0.9394 0.0243
vn -0.3353 -0.9418 0.0247
vn -0.1721 -0.9848 0.0247
vn -0.1779 -0.9837 0.0271
vn -0.3165 -0.9484 -0.0171
vn -0.2932 -0.9530 -0.0761
vn -0.1325 -0.9868 -0.0930
vn -0.1551 -0.9875 -0.0282
vn 0.5058 0.8627 -0.0052
vn 0.5110 0.8596 -0.0071
vn 0.3321 0.9432 0.0000
vn 0.3264 0.9452 -0.0059
vn 0.5253 0.8507 0.0193
vn 0.5275 0.8491 0.0268
vn 0.3488 0.9365 0.0353
vn 0.3470 0.9374 0.0301
vn 0.5220 0.8525 0.0276
vn 0.5203 0.8536 0.0248
vn 0.3386 0.9407 0.0208
vn 0.3412 0.9396 0.0279
vn 0.5253 0.8505 0.0258
vn 0.5251 0.8506 0.0282
vn 0.3436 0.9390 0.0172
vn 0.3434 0.9391 0.0157
vn 0.5070 0.8619 -0.0030
vn 0.4930 0.8682 -0.0573
vn 0.3051 0.9499 -0.0677
vn 0.3238 0.9460 -0.0139
vn -0.1188 0.9929 -0.0102
vn -0.1214 0.9926 0.0064
vn -0.2851 0.9585 0.0033
vn -0.2820 0.9593 -0.0124
vn -0.1351 0.9897 0.0463
vn -0.1437 0.9884 0.0494
vn -0.3159 0.9474 0.0507
vn -0.3046 0.9514 0.0464
vn -0.1579 0.9871 0.0275
vn -0.1618 0.9868 0.0111
vn -0.3374 0.9413 0.0081
vn -0.3327 0.9426 0.0274
vn -0.1626 0.9867 -0.0038
vn -0.1607 0.9870 0.0008
vn -0.3372 0.9414 0.0009
vn -0.3399 0.9404 -0.0078
vn -0.1507 0.9883 -0.0212
vn -0.1390 0.9875 -0.0748
vn -0.3090 0.9489 -0.0644
vn -0.3217 0.9468 -0.0122
vn -0.6901 0.7236 -0.0142
vn -0.6890 0.7247 -0.0039
vn -0.9011 0.4335 -0.0071
vn -0.9020 0.4315 -0.0128
vn -0.7020 0.7109 0.0430
vn -0.7127 0.6997 0.0496
vn -0.9100 0.4120 0.0459
vn -0.9054 0.4228 0.0391
vn -0.7309 0.6819 0.0267
vn -0.7338 0.6793 0.0062
vn -0.9214 0.3886 0.0079
vn -0.9196 0.3920 0.0255
vn -0.7261 0.6876 -0.0055
vn -0.7200 0.6939 0.0100
vn -0.9136 0.4061 0.0188
vn -0.9171 0.3985 0.0021
vn -0.7164 0.6977 0.0020
vn -0.7240 0.6874 -0.0572
vn -0.9097 0.4110 -0.0590
vn -0.9102 0.4140 0.0057
vn -0.5043 -0.8635 0.0040
vn -0.5056 -0.8627 -0.0085
vn -0.5089 -0.8608 0.0069
vn -0.5140 -0.8577 0.0140
vn -0.5288 -0.8486 0.0183
vn -0.5321 -0.8465 0.0177
vn -0.5222 -0.8525 0.0223
vn -0.5140 -0.8574 0.0262
vn -0.5057 -0.8627 -0.0073
vn -0.5050 -0.8606 -0.0655
vn -0.0240 -0.9996 0.0145
vn -0.0248 -0.9997 -0.0075
vn 0.1239 -0.9923 -0.0092
vn 0.1227 -0.9923 0.0158
vn -0.0230 -0.9997 -0.0091
vn -0.0210 -0.9998 -0.0020
vn 0.1367 -0.9906 -0.0094
vn 0.1301 -0.9914 -0.0155
vn -0.0165 -0.9997 0.0153
vn -0.0143 -0.9996 0.0235
vn 0.1601 -0.9868 0.0246
vn 0.1540 -0.9880 0.0114
vn -0.0095 -0.9994 0.0319
vn -0.0077 -0.9996 0.0271
vn 0.1593 -0.9867 0.0328
vn 0.1617 -0.9861 0.0391
vn -0.0051 -0.9994 -0.0340
vn -0.0028 -0.9947 -0.1023
vn 0.1251 -0.9874 -0.0967
vn 0.1449 -0.9890 -0.0308
vn 0.7128 0.7013 -0.0040
vn 0.7169 0.6971 -0.0155
vn 0.7275 0.6861 0.0057
vn 0.7288 0.6845 0.0155
vn 0.7240 0.6893 0.0260
vn 0.7231 0.6902 0.0292
vn 0.7287 0.6837 0.0390
vn 0.7291 0.6831 0.0425
vn 0.7156 0.6985 0.0088
vn 0.7053 0.7073 -0.0479
vn 0.9058 -0.4236 0.0064
vn 0.9077 -0.4186 -0.0281
vn 0.9996 -0.0022 -0.0292
vn 1.0000 -0.0024 0.0012
vn 0.9091 -0.4153 -0.0325
vn 0.9093 -0.4154 -0.0246
vn 0.9999 -0.0006 -0.0135
vn 0.9997 -0.0013 -0.0238
vn 0.9113 -0.4117 0.0073
vn 0.9129 -0.4068 0.0317
vn 0.9994 0.0013 0.0335
vn 0.9999 0.0010 0.0147
vn 0.9150 -0.3976 0.0691
vn 0.9147 -0.3982 0.0687
vn 0.9977 -0.0017 0.0682
vn 0.9979 -0.0006 0.0653
vn 0.9118 -0.4104 0.0150
vn 0.9082 -0.4159 -0.0473
vn 0.9993 0.0008 -0.0386
vn 0.9997 -0.0009 0.0229
vn -0.4717 0.8816 -0.0139
vn -0.4725 0.8813 -0.0004
vn -0.4899 0.8706 0.0451
vn -0.5019 0.8634 0.0508
vn -0.5210 0.8531 0.0271
vn -0.5251 0.8510 0.0062
vn -0.5216 0.8531 -0.0087
vn -0.5165 0.8563 0.0039
vn -0.5079 0.8614 -0.0035
vn -0.5101 0.8582 -0.0573
vn 0.0276 0.9996 -0.0081
vn 0.0278 0.9996 0.0072
vn 0.0242 0.9987 0.0439
vn 0.0194 0.9987 0.0465
vn 0.0080 0.9996 0.0276
vn 0.0053 0.9999 0.0140
vn 0.0082 1.0000 0.0015
vn 0.0097 0.9999 0.0036
vn 0.0077 0.9996 -0.0254
vn 0.0073 0.9967 -0.0805
vn -0.9077 -0.4197 -0.0055
vn -0.9074 -0.4201 -0.0098
vn -0.7093 -0.7048 -0.0093
vn -0.7094 -0.7048 -0.0007
vn -0.9093 -0.4155 0.0233
vn -0.9124 -0.4082 0.0300
vn -0.7189 -0.6947 0.0212
vn -0.7131 -0.7009 0.0143
vn -0.9206 -0.3900 0.0214
vn -0.9222 -0.3866 0.0134
vn -0.7366 -0.6761 0.0157
vn -0.7339 -0.6790 0.0196
vn -0.9165 -0.3996 0.0175
vn -0.9120 -0.4092 0.0294
vn -0.7182 -0.6953 0.0283
vn -0.7260 -0.6874 0.0206
vn -0.9108 -0.4128 0.0046
vn -0.9137 -0.4020 -0.0600
vn -0.7193 -0.6918 -0.0634
vn -0.7152 -0.6989 -0.0011
vn 0.2864 -0.9580 0.0158
vn 0.2892 -0.9572 -0.0122
vn 0.4804 -0.8769 -0.0167
vn 0.4766 -0.8790 0.0144
vn 0.2974 -0.9545 -0.0225
vn 0.3049 -0.9522 -0.0175
vn 0.4946 -0.8688 -0.0244
vn 0.4885 -0.8721 -0.0290
vn 0.3242 -0.9460 0.0070
vn 0.3311 -0.9432 0.0255
vn 0.5166 -0.8558 0.0267
vn 0.5104 -0.8599 0.0037
vn 0.3332 -0.9416 0.0478
vn 0.3300 -0.9431 0.0410
vn 0.5168 -0.8546 0.0508
vn 0.5196 -0.8525 0.0568
vn 0.3116 -0.9500 -0.0212
vn 0.2892 -0.9537 -0.0828
vn 0.4931 -0.8671 -0.0703
vn 0.5036 -0.8639 -0.0100
vn -1.0000 0.0035 -0.0092
vn -0.9999 0.0029 -0.0100
vn -0.9992 0.0015 0.0391
vn -0.9995 0.0024 0.0324
vn -0.9999 0.0009 0.0107
vn -0.9997 0.0010 0.0235
vn -0.9996 -0.0025 0.0264
vn -0.9999 -0.0010 0.0111
vn -0.9982 0.0171 -0.0575
vn -1.0000 0.0030 0.0078
vn 0.1745 0.9846 0.0051
vn 0.1710 0.9853 -0.0067
vn 0.1810 0.9826 0.0419
vn 0.1820 0.9825 0.0385
vn 0.1687 0.9855 0.0172
vn 0.1715 0.9848 0.0277
vn 0.1734 0.9848 0.0090
vn 0.1725 0.9850 0.0078
vn 0.1468 0.9861 -0.0774
vn 0.1602 0.9868 -0.0225
vn 0.9133 0.4065 -0.0240
vn 0.9120 0.4101 -0.0020
vn 0.9147 0.4041 0.0016
vn 0.9152 0.4029 -0.0096
vn 0.9131 0.4064 0.0326
vn 0.9128 0.4078 0.0219
vn 0.9170 0.3946 0.0578
vn 0.9166 0.3962 0.0537
vn 0.9077 0.4177 -0.0401
vn 0.9124 0.4088 0.0194
vn 0.6983 -0.7154 -0.0226
vn 0.6937 -0.7202 0.0113
vn 0.7085 -0.7052 -0.0277
vn 0.7054 -0.7081 -0.0333
vn 0.7203 -0.6931 0.0289
vn 0.7161 -0.6979 0.0034
vn 0.7241 -0.6870 0.0611
vn 0.7251 -0.6855 0.0650
vn 0.7068 -0.7049 -0.0595
vn 0.7141 -0.7000 0.0020
vn 0.0184 -0.9317 -0.3627
vn -0.0003 -0.9999 0.0100
vn -0.8651 -0.5002 -0.0383
vn -0.7842 -0.4679 -0.4075
vn 0.4274 0.2123 -0.8788
vn 0.4273 -0.2300 -0.8744
vn 0.0500 -0.0100 -0.9987
vn -0.3376 0.2121 -0.9171
vn 0.0449 0.4333 -0.9001
vn 0.0447 -0.4512 -0.8913
vn 0.0298 0.8198 -0.5719
vn 0.7171 0.4220 -0.5547
vn -0.6576 -0.4346 -0.6154
vn -0.6574 0.4225 -0.6240
vn 0.7169 -0.4334 -0.5462
vn 0.0294 -0.8310 -0.5554
vn -0.8367 0.5469 -0.0280
vn -0.0018 0.9989 -0.0477
vn -0.0023 -0.9996 -0.0277
vn -0.8370 -0.5469 -0.0171
vn 0.8150 -0.5711 -0.0980
vn 0.8153 0.5686 -0.1094
vn -0.7884 -0.6145 -0.0285
vn -0.7881 0.6142 -0.0408
vn 0.8202 0.5516 0.1519
vn 0.8199 -0.5488 0.1629
vn 0.0372 0.9992 -0.0159
vn 0.0367 -0.9993 0.0041
vn -0.0665 -0.9923 0.1047
vn -0.8164 -0.5775 0.0015
vn 0.6959 -0.6406 0.3246
vn -0.0660 0.9942 0.0848
vn 0.6962 0.6466 0.3117
vn -0.8161 0.5778 -0.0101
vn 0.8223 0.5669 0.0500
vn 0.1892 0.9555 -0.2264
vn 0.0411 0.9829 -0.1793
vn 0.7664 0.6409 0.0442
vn 0.1887 -0.9599 -0.2073
vn 0.8220 -0.5662 0.0613
vn 0.7660 -0.6403 0.0570
vn 0.0406 -0.9863 -0.1596
vn -0.0935 0.5688 -0.8172
vn -0.0938 -0.5849 -0.8056
vn -0.6032 -0.5354 -0.5912
vn -0.6030 0.5238 -0.6018
vn 0.8096 -0.5812 0.0817
vn 0.0831 -0.9946 -0.0623
vn 0.0836 0.9931 -0.0822
vn 0.8099 0.5823 0.0700
vn -0.6040 -0.6955 -0.3893
vn -0.6036 0.6878 -0.4031
vn 0.7879 -0.6089 0.0918
vn 0.0065 -0.9996 0.0270
vn 0.0070 1.0000 0.0070
vn 0.7883 0.6102 0.0796
vn -0.7782 -0.6280 -0.0036
vn -0.7779 0.6282 -0.0162
vn -0.4700 0.4962 -0.7300
vn 0.2214 -0.4983 -0.8382
vn -0.0763 -0.7261 -0.6834
vn -0.0759 0.7123 -0.6978
vn 0.2217 0.4812 -0.8481
vn -0.4703 -0.5105 -0.7199
vn -0.5328 0.5110 -0.6745
vn -0.0178 0.9714 -0.2367
vn -0.0183 -0.9759 -0.2172
vn -0.5331 -0.5241 -0.6642
vn -0.7425 -0.6104 -0.2757
vn -0.7423 0.6051 -0.2879
vn 0.7384 -0.6584 0.1459
vn -0.6143 -0.6511 -0.4457
vn 0.7713 -0.6072 0.1909
vn -0.6393 0.7116 -0.2915
vn 0.8002 0.5955 0.0709
vn 0.5814 0.4964 -0.6446
vn -0.5304 0.7496 -0.3959
vn 0.7387 0.6608 0.1327
vn 0.7944 0.6043 0.0607
vn 0.7941 -0.6034 0.0728
vn -0.0527 0.9984 0.0204
vn -0.0532 -0.9978 0.0403
vn -0.8032 -0.5855 0.1096
vn -0.8634 -0.5032 0.0357
vn -0.0593 -0.9963 0.0622
vn -0.2665 -0.7949 0.5450
vn -0.8611 -0.3685 0.3504
vn 0.8459 -0.5202 0.1176
vn 0.8462 0.5220 0.1071
vn 0.3476 0.4216 0.8375
vn 0.3474 -0.4050 0.8458
vn -0.6375 0.0079 0.7704
vn -0.2661 0.8058 0.5290
vn -0.8609 0.3758 0.3429
vn -0.0588 0.9974 0.0423
vn -0.8029 0.5880 0.0978
vn -0.8632 0.5043 0.0256
vn 0.8207 -0.5637 0.0933
vn 0.8210 0.5651 0.0820
vn -0.0616 0.9978 0.0231
vn -0.8293 0.5559 0.0569
vn -0.8296 -0.5542 0.0680
vn -0.0621 -0.9971 0.0431
vn -0.7186 0.3689 -0.5895
vn -0.5563 -0.0994 -0.8250
vn 0.5812 -0.5095 -0.6346
vn -0.5308 -0.7571 -0.3808
vn -0.5562 0.0831 -0.8269
vn -0.7188 -0.3803 -0.5820
vn -0.5658 -0.7926 -0.2274
vn 0.7716 0.6105 0.1787
vn -0.5654 0.7882 -0.2432
vn -0.6140 0.6424 -0.4587
vn 0.7999 -0.5944 0.0828
vn -0.6396 -0.7170 -0.2772
vn -0.7953 0.5884 -0.1457
vn -0.7956 -0.5909 -0.1340
vn -0.6879 0.7115 -0.1432
vn -0.6883 -0.7139 -0.1290
vn 0.8215 0.4605 -0.3364
vn 0.8651 0.5002 0.0383
vn 0.8648 -0.4998 0.0483
vn 0.8212 -0.4675 -0.3271
vn -0.7840 0.4601 -0.4168
vn -0.8648 0.4998 -0.0483
vn 0.0003 0.9999 -0.0100
vn 0.0189 0.9243 -0.3812
vn -0.3377 -0.2302 -0.9127
vn 0.0533 0.5464 0.8358
vn 0.2043 0.5312 -0.8222
vn -0.4861 0.7666 -0.4197
vn -0.7064 0.7013 0.0959
vn 0.0420 0.8776 -0.4776
vn -0.7077 0.7039 0.0608
vn -0.3016 0.5404 -0.7855
vn -0.7207 0.6932 0.0030
vn -0.1369 -0.5296 0.8371
vn -0.1217 -0.5476 -0.8278
vn 0.5248 -0.7743 -0.3537
vn 0.6926 -0.6985 0.1800
vn 0.0050 -0.8870 -0.4618
vn 0.6973 -0.7019 0.1451
vn 0.3779 -0.5559 -0.7404
vn 0.7161 -0.6924 0.0888
vn -0.5790 0.1033 0.8087
vn -0.4975 0.1546 -0.8536
vn -0.7504 -0.5103 -0.4201
vn -0.7063 -0.6993 0.1100
vn -0.8577 0.0134 -0.5140
vn -0.7076 -0.7027 0.0748
vn -0.5093 -0.3481 -0.7870
vn -0.6946 -0.7191 0.0185
vn 0.4954 -0.0866 0.8644
vn 0.5800 -0.1711 -0.7964
vn 0.7892 0.5025 -0.3532
vn 0.6925 0.7020 0.1659
vn 0.9048 -0.0228 -0.4253
vn 0.6973 0.7047 0.1311
vn 0.5859 0.3328 -0.7388
vn 0.6900 0.7200 0.0734
vn 0.0530 -0.5292 0.8469
vn -0.7068 -0.6989 0.1100
vn -0.4864 -0.7746 -0.4042
vn 0.2040 -0.5476 -0.8115
vn -0.7080 -0.7022 0.0748
vn 0.0416 -0.8870 -0.4599
vn -0.7210 -0.6927 0.0169
vn -0.3019 -0.5561 -0.7743
vn -0.1367 0.5461 0.8265
vn 0.6929 0.7016 0.1660
vn 0.5251 0.7669 -0.3690
vn -0.1214 0.5312 -0.8385
vn 0.6977 0.7043 0.1311
vn 0.0054 0.8776 -0.4794
vn 0.7164 0.6936 0.0750
vn 0.3782 0.5407 -0.7514
vn 0.4953 0.1036 0.8625
vn 0.6922 -0.6989 0.1799
vn 0.7889 -0.5099 -0.3431
vn 0.5801 0.1549 -0.7997
vn 0.6969 -0.7023 0.1451
vn 0.9048 0.0138 -0.4256
vn 0.6897 -0.7188 0.0878
vn 0.5859 -0.3478 -0.7320
vn -0.5790 -0.0868 0.8107
vn -0.7059 0.7017 0.0960
vn -0.7502 0.5021 -0.4303
vn -0.4975 -0.1714 -0.8504
vn -0.7072 0.7044 0.0608
vn -0.8577 -0.0232 -0.5137
vn -0.6943 0.7197 0.0041
vn -0.5093 0.3325 -0.7938
vn -0.0442 -0.9090 -0.4145
vn -0.0218 -0.9987 -0.0467
vn -0.8749 -0.4831 0.0332
vn -0.8359 -0.4305 -0.3404
vn 0.3293 0.2567 -0.9087
vn 0.3196 -0.1850 -0.9293
vn -0.0643 0.0480 -0.9968
vn -0.4350 0.2710 -0.8587
vn -0.0481 0.4847 -0.8734
vn -0.0673 -0.3986 -0.9146
vn -0.0169 0.8514 -0.5242
vn 0.6586 0.4424 -0.6087
vn -0.7331 -0.3870 -0.5593
vn -0.7144 0.4690 -0.5193
vn 0.6400 -0.4119 -0.6487
vn -0.0529 -0.7973 -0.6013
vn -0.8219 0.5609 0.0994
vn 0.0155 0.9998 0.0095
vn -0.0281 -0.9961 -0.0838
vn -0.8457 -0.5315 0.0483
vn 0.7854 -0.5774 -0.2233
vn 0.8102 0.5609 -0.1701
vn -0.8002 -0.5990 0.0277
vn -0.7735 0.6281 0.0850
vn 0.8444 0.5285 0.0876
vn 0.8205 -0.5705 0.0362
vn 0.0577 0.9977 0.0366
vn 0.0142 -0.9983 -0.0567
vn -0.0766 -0.9955 0.0553
vn -0.8238 -0.5634 0.0627
vn 0.7136 -0.6697 0.2056
vn -0.0333 0.9884 0.1480
vn 0.7417 0.6159 0.2657
vn -0.7986 0.5904 0.1166
vn 0.8353 0.5497 -0.0129
vn 0.1838 0.9640 -0.1922
vn 0.0426 0.9910 -0.1269
vn 0.7807 0.6248 -0.0080
vn 0.1421 -0.9490 -0.2816
vn 0.8106 -0.5819 -0.0658
vn 0.7528 -0.6547 -0.0678
vn -0.0002 -0.9758 -0.2188
vn -0.1730 0.6173 -0.7675
vn -0.1982 -0.5349 -0.8213
vn -0.6786 -0.4899 -0.5472
vn -0.6555 0.5679 -0.4978
vn 0.8003 -0.5979 -0.0450
vn 0.0529 -0.9904 -0.1276
vn 0.0962 0.9948 -0.0349
vn 0.8256 0.5641 0.0093
vn -0.6600 -0.6616 -0.3560
vn -0.6299 0.7200 -0.2914
vn 0.7793 -0.6258 -0.0340
vn -0.0132 -0.9994 -0.0306
vn 0.0304 0.9976 0.0627
vn 0.8058 0.5917 0.0229
vn -0.7876 -0.6141 0.0504
vn -0.7603 0.6404 0.1090
vn -0.5387 0.5458 -0.6418
vn 0.1132 -0.4516 -0.8850
vn -0.1700 -0.6833 -0.7101
vn -0.1387 0.7532 -0.6430
vn 0.1345 0.5266 -0.8394
vn -0.5607 -0.4596 -0.6888
vn -0.5944 0.5583 -0.5788
vn -0.0227 0.9838 -0.1777
vn -0.0651 -0.9611 -0.2686
vn -0.6170 -0.4755 -0.6271
vn -0.7828 -0.5812 -0.2226
vn -0.7563 0.6329 -0.1659
vn 0.7351 -0.6776 0.0225
vn -0.6757 -0.6138 -0.4083
vn 0.7740 -0.6297 0.0663
vn -0.6520 0.7377 -0.1753
vn 0.8164 0.5774 0.0120
vn 0.5153 0.5241 -0.6781
vn -0.5549 0.7800 -0.2891
vn 0.7638 0.6400 0.0841
vn 0.8096 0.5869 0.0031
vn 0.7833 -0.6193 -0.0533
vn -0.0274 0.9962 0.0828
vn -0.0709 -0.9974 -0.0104
vn -0.7986 -0.5780 0.1679
vn -0.8649 -0.4905 0.1062
vn -0.0744 -0.9972 0.0121
vn -0.2206 -0.8212 0.5262
vn -0.8237 -0.3746 0.4257
vn 0.8418 -0.5397 -0.0101
vn 0.8645 0.5012 0.0385
vn 0.4502 0.3659 0.8145
vn 0.4322 -0.4595 0.7759
vn -0.5452 -0.0273 0.8379
vn -0.1858 0.7774 0.6010
vn -0.8075 0.3688 0.4604
vn -0.0310 0.9940 0.1051
vn -0.7730 0.5940 0.2226
vn -0.8430 0.5157 0.1532
vn 0.8130 -0.5813 -0.0338
vn 0.8376 0.5460 0.0189
vn -0.0359 0.9956 0.0865
vn -0.8046 0.5648 0.1833
vn -0.8288 -0.5439 0.1315
vn -0.0794 -0.9968 -0.0066
vn -0.7725 0.4144 -0.4811
vn -0.6487 -0.0417 -0.7599
vn 0.4934 -0.4805 -0.7250
vn -0.5877 -0.7248 -0.3595
vn -0.6447 0.1406 -0.7514
vn -0.7888 -0.3338 -0.5161
vn -0.6058 -0.7687 -0.2053
vn 0.8005 0.5865 0.1231
vn -0.5714 0.8101 -0.1316
vn -0.6475 0.6780 -0.3479
vn 0.7904 -0.6110 -0.0435
vn -0.6831 -0.6891 -0.2419
vn -0.7932 0.6087 -0.0198
vn -0.8189 -0.5691 -0.0748
vn -0.6834 0.7297 -0.0226
vn -0.7145 -0.6939 -0.0891
vn 0.7880 0.4662 -0.4021
vn 0.8749 0.4831 -0.0332
vn 0.8531 -0.5155 -0.0799
vn 0.7678 -0.4606 -0.4454
vn -0.8157 0.4963 -0.2971
vn -0.8531 0.5155 0.0799
vn 0.0218 0.9987 0.0467
vn -0.0037 0.9447 -0.3279
vn -0.4447 -0.1706 -0.8793
vn 0.1605 0.4952 0.8538
vn 0.1213 0.5753 -0.8089
vn -0.5132 0.7976 -0.3169
vn -0.6748 0.7057 0.2161
vn 0.0073 0.9034 -0.4288
vn -0.6800 0.7104 0.1815
vn -0.3768 0.5906 -0.7136
vn -0.6997 0.7034 0.1251
vn -0.0527 -0.5755 0.8161
vn -0.2276 -0.4960 -0.8380
vn 0.4634 -0.7605 -0.4549
vn 0.6926 -0.7189 0.0593
vn -0.0677 -0.8582 -0.5088
vn 0.6932 -0.7203 0.0240
vn 0.2786 -0.5173 -0.8092
vn 0.7056 -0.7078 -0.0335
vn -0.4807 0.0648 0.8745
vn -0.5877 0.2125 -0.7807
vn -0.8048 -0.4726 -0.3592
vn -0.7049 -0.6931 0.1507
vn -0.9101 0.0574 -0.4103
vn -0.7102 -0.6944 0.1158
vn -0.6036 -0.2930 -0.7415
vn -0.7041 -0.7077 0.0575
vn 0.5885 -0.1452 0.7954
vn 0.4815 -0.1333 -0.8662
vn 0.7549 0.5097 -0.4126
vn 0.7226 0.6799 0.1247
vn 0.8496 -0.0122 -0.5273
vn 0.7235 0.6845 0.0897
vn 0.5052 0.3662 -0.7815
vn 0.7101 0.7033 0.0342
vn 0.1371 -0.5790 0.8037
vn -0.7053 -0.6927 0.1508
vn -0.5467 -0.7416 -0.3888
vn 0.0977 -0.5022 -0.8592
vn -0.7106 -0.6940 0.1159
vn -0.0312 -0.8590 -0.5111
vn -0.7299 -0.6808 0.0605
vn -0.4006 -0.5046 -0.7648
vn -0.0293 0.4987 0.8663
vn 0.7231 0.6794 0.1246
vn 0.4969 0.7787 -0.3830
vn -0.2040 0.5815 -0.7875
vn 0.7239 0.6841 0.0896
vn -0.0293 0.9041 -0.4264
vn 0.7358 0.6764 0.0312
vn 0.3022 0.5779 -0.7581
vn 0.5925 0.0447 0.8043
vn 0.6921 -0.7193 0.0593
vn 0.7329 -0.5014 -0.4598
vn 0.4887 0.1924 -0.8510
vn 0.6928 -0.7207 0.0240
vn 0.8504 0.0244 -0.5255
vn 0.6787 -0.7337 -0.0330
vn 0.4905 -0.3135 -0.8131
vn -0.4847 -0.1251 0.8657
vn -0.6744 0.7061 0.2161
vn -0.7828 0.5385 -0.3120
vn -0.5949 -0.1131 -0.7958
vn -0.6795 0.7108 0.1815
vn -0.9110 0.0208 -0.4119
vn -0.6728 0.7293 0.1247
vn -0.5889 0.3869 -0.7096
vn -0.0253 -0.9134 -0.4062
vn -0.0214 -0.9991 -0.0367
vn -0.8764 -0.4815 -0.0050
vn -0.8188 -0.4331 -0.3768
vn 0.3745 0.2461 -0.8940
vn 0.3650 -0.1957 -0.9102
vn -0.0146 0.0370 -0.9992
vn -0.3912 0.2621 -0.8822
vn -0.0036 0.4750 -0.8800
vn -0.0225 -0.4087 -0.9124
vn 0.0108 0.8456 -0.5338
vn 0.6889 0.4346 -0.5801
vn -0.7051 -0.3922 -0.5908
vn -0.6868 0.4642 -0.5593
vn 0.6706 -0.4200 -0.6114
vn -0.0245 -0.8038 -0.5943
vn -0.8247 0.5632 0.0522
vn 0.0169 0.9999 -0.0008
vn -0.0258 -0.9969 -0.0741
vn -0.8481 -0.5297 0.0121
vn 0.7944 -0.5809 -0.1776
vn 0.8187 0.5579 -0.1358
vn -0.8018 -0.5976 -0.0056
vn -0.7755 0.6301 0.0395
vn 0.8401 0.5282 0.1236
vn 0.8165 -0.5713 0.0833
vn 0.0578 0.9979 0.0284
vn 0.0151 -0.9989 -0.0449
vn -0.0812 -0.9947 0.0624
vn -0.8270 -0.5615 0.0278
vn 0.7012 -0.6684 0.2482
vn -0.0387 0.9901 0.1352
vn 0.7287 0.6178 0.2954
vn -0.8023 0.5928 0.0702
vn 0.8359 0.5483 0.0226
vn 0.1950 0.9615 -0.1935
vn 0.0508 0.9895 -0.1356
vn 0.7814 0.6236 0.0239
vn 0.1541 -0.9522 -0.2637
vn 0.8117 -0.5838 -0.0190
vn 0.7540 -0.6565 -0.0231
vn 0.0087 -0.9781 -0.2078
vn -0.1335 0.6090 -0.7819
vn -0.1581 -0.5437 -0.8242
vn -0.6515 -0.4950 -0.5749
vn -0.6289 0.5632 -0.5360
vn 0.8004 -0.5995 0.0014
vn 0.0572 -0.9918 -0.1139
vn 0.0997 0.9942 -0.0410
vn 0.8252 0.5630 0.0441
vn -0.6427 -0.6646 -0.3811
vn -0.6132 0.7176 -0.3303
vn 0.7788 -0.6272 0.0117
vn -0.0136 -0.9997 -0.0202
vn 0.0292 0.9982 0.0532
vn 0.8048 0.5908 0.0564
vn -0.7903 -0.6124 0.0179
vn -0.7635 0.6427 0.0640
vn -0.5051 0.5394 -0.6738
vn 0.1561 -0.4615 -0.8733
vn -0.1359 -0.6909 -0.7101
vn -0.1051 0.7462 -0.6573
vn 0.1771 0.5172 -0.8373
vn -0.5266 -0.4664 -0.7107
vn -0.5638 0.5527 -0.6137
vn -0.0119 0.9818 -0.1894
vn -0.0535 -0.9639 -0.2609
vn -0.5860 -0.4816 -0.6517
vn -0.7719 -0.5825 -0.2548
vn -0.7459 0.6320 -0.2102
vn 0.7317 -0.6784 0.0665
vn -0.6558 -0.6174 -0.4346
vn 0.7685 -0.6300 0.1116
vn -0.6410 0.7366 -0.2156
vn 0.8159 0.5764 0.0463
vn 0.5494 0.5158 -0.6573
vn -0.5383 0.7776 -0.3250
vn 0.7599 0.6398 0.1149
vn 0.8096 0.5858 0.0369
vn 0.7838 -0.6210 -0.0074
vn -0.0296 0.9971 0.0703
vn -0.0722 -0.9974 -0.0029
vn -0.8071 -0.5750 0.1343
vn -0.8701 -0.4881 0.0685
vn -0.0769 -0.9969 0.0194
vn -0.2481 -0.8151 0.5236
vn -0.8446 -0.3687 0.3883
vn 0.8402 -0.5410 0.0377
vn 0.8625 0.5004 0.0759
vn 0.4099 0.3743 0.8318
vn 0.3922 -0.4515 0.8015
vn -0.5863 -0.0172 0.8099
vn -0.2139 0.7843 0.5823
vn -0.8287 0.3750 0.4155
vn -0.0342 0.9951 0.0925
vn -0.7820 0.5976 0.1774
vn -0.8485 0.5185 0.1054
vn 0.8125 -0.5828 0.0131
vn 0.8367 0.5450 0.0545
vn -0.0382 0.9966 0.0736
vn -0.8116 0.5679 0.1368
vn -0.8354 -0.5412 0.0961
vn -0.0809 -0.9967 0.0005
vn -0.7468 0.4102 -0.5235
vn -0.6102 -0.0492 -0.7907
vn 0.5279 -0.4892 -0.6943
vn -0.5705 -0.7279 -0.3802
vn -0.6063 0.1331 -0.7840
vn -0.7628 -0.3384 -0.5510
vn -0.5964 -0.7700 -0.2267
vn 0.7946 0.5867 0.1563
vn -0.5625 0.8094 -0.1687
vn -0.6281 0.6750 -0.3871
vn 0.7904 -0.6125 0.0026
vn -0.6716 -0.6908 -0.2680
vn -0.7900 0.6095 -0.0659
vn -0.8152 -0.5688 -0.1092
vn -0.6801 0.7303 -0.0646
vn -0.7105 -0.6939 -0.1169
vn 0.8079 0.4606 -0.3675
vn 0.8764 0.4815 0.0050
vn 0.8550 -0.5176 -0.0317
vn 0.7881 -0.4666 -0.4015
vn -0.7990 0.4941 -0.3428
vn -0.8550 0.5176 0.0317
vn 0.0214 0.9991 0.0367
vn 0.0144 0.9410 -0.3381
vn -0.4007 -0.1798 -0.8984
vn 0.1187 0.5044 0.8553
vn 0.1624 0.5664 -0.8080
vn -0.4952 0.7948 -0.3508
vn -0.6833 0.7089 0.1745
vn 0.0303 0.8986 -0.4378
vn -0.6868 0.7133 0.1396
vn -0.3396 0.5831 -0.7380
vn -0.7037 0.7057 0.0824
vn -0.0943 -0.5666 0.8186
vn -0.1866 -0.5053 -0.8425
vn 0.4839 -0.7662 -0.4229
vn 0.6873 -0.7192 0.1016
vn -0.0440 -0.8637 -0.5020
vn 0.6897 -0.7210 0.0664
vn 0.3172 -0.5266 -0.7887
vn 0.7050 -0.7092 0.0094
vn -0.5234 0.0752 0.8488
vn -0.5478 0.2046 -0.8112
vn -0.7868 -0.4754 -0.3936
vn -0.7128 -0.6904 0.1231
vn -0.8885 0.0541 -0.4558
vn -0.7164 -0.6921 0.0880
vn -0.5665 -0.3003 -0.7674
vn -0.7075 -0.7061 0.0302
vn 0.5479 -0.1372 0.8252
vn 0.5237 -0.1436 -0.8397
vn 0.7756 0.5040 -0.3802
vn 0.7169 0.6802 0.1530
vn 0.8748 -0.0193 -0.4842
vn 0.7194 0.6845 0.1180
vn 0.5442 0.3569 -0.7593
vn 0.7088 0.7027 0.0617
vn 0.0959 -0.5703 0.8158
vn -0.7132 -0.6900 0.1231
vn -0.5282 -0.7450 -0.4074
vn 0.1394 -0.5116 -0.8479
vn -0.7168 -0.6917 0.0880
vn -0.0074 -0.8645 -0.5026
vn -0.7333 -0.6791 0.0316
vn -0.3631 -0.5125 -0.7781
vn -0.0713 0.5081 0.8583
vn 0.7173 0.6797 0.1529
vn 0.5169 0.7737 -0.3664
vn -0.1635 0.5727 -0.8033
vn 0.7199 0.6840 0.1180
vn -0.0063 0.8993 -0.4372
vn 0.7348 0.6756 0.0603
vn 0.3409 0.5690 -0.7484
vn 0.5520 0.0528 0.8322
vn 0.6869 -0.7196 0.1016
vn 0.7539 -0.5074 -0.4173
vn 0.5307 0.1823 -0.8277
vn 0.6893 -0.7214 0.0664
vn 0.8756 0.0173 -0.4827
vn 0.6781 -0.7349 0.0089
vn 0.5298 -0.3232 -0.7841
vn -0.5275 -0.1148 0.8418
vn -0.6829 0.7094 0.1745
vn -0.7652 0.5362 -0.3564
vn -0.5548 -0.1211 -0.8231
vn -0.6864 0.7137 0.1396
vn -0.8893 0.0175 -0.4570
vn -0.6767 0.7315 0.0830
vn -0.5521 0.3797 -0.7423
vn 0.1924 -0.8950 -0.4024
vn 0.1939 -0.9805 -0.0328
vn -0.7521 -0.6570 -0.0515
vn -0.6856 -0.5948 -0.4197
vn 0.3626 0.3265 -0.8729
vn 0.4484 -0.1071 -0.8874
vn 0.0335 0.0400 -0.9986
vn -0.3884 0.1790 -0.9039
vn -0.0558 0.4696 -0.8811
vn 0.1157 -0.3977 -0.9102
vn 0.0334 0.0400 -0.9986
vn -0.1398 0.8322 -0.5366
vn 0.6117 0.5754 -0.5429
vn -0.5715 -0.5291 -0.6272
vn -0.7377 0.3113 -0.5991
vn 0.7776 -0.2633 -0.5709
vn 0.1803 -0.7865 -0.5907
vn -0.9273 0.3743 0.0033
vn -0.1963 0.9805 -0.0048
vn 0.1912 -0.9790 -0.0705
vn -0.7152 -0.6982 -0.0326
vn 0.9085 -0.3972 -0.1300
vn 0.6874 0.7203 -0.0926
vn -0.6546 -0.7545 -0.0473
vn -0.8929 0.4503 -0.0070
vn 0.7001 0.6940 0.1677
vn 0.9135 -0.3849 0.1316
vn -0.1577 0.9871 0.0266
vn 0.2299 -0.9724 -0.0390
vn 0.1291 -0.9896 0.0627
vn -0.6887 -0.7249 -0.0156
vn 0.8125 -0.5055 0.2903
vn -0.2561 0.9582 0.1279
vn 0.5629 0.7567 0.3325
vn -0.9127 0.4079 0.0224
vn 0.6974 0.7135 0.0665
vn -0.0037 0.9823 -0.1871
vn -0.1535 0.9785 -0.1375
vn 0.6281 0.7754 0.0644
vn 0.3677 -0.8957 -0.2499
vn 0.9172 -0.3975 0.0293
vn 0.8766 -0.4808 0.0223
vn 0.2283 -0.9524 -0.2021
vn -0.2164 0.5721 -0.7912
vn 0.0074 -0.5591 -0.8290
vn -0.4982 -0.6183 -0.6079
vn -0.7036 0.4202 -0.5731
vn 0.9083 -0.4154 0.0491
vn 0.2733 -0.9561 -0.1056
vn -0.1121 0.9929 -0.0403
vn 0.6827 0.7255 0.0873
vn -0.4643 -0.7835 -0.4130
vn -0.7325 0.5729 -0.3676
vn 0.8926 -0.4471 0.0583
vn 0.2007 -0.9795 -0.0159
vn -0.1870 0.9811 0.0497
vn 0.6562 0.7482 0.0983
vn -0.6416 -0.7667 -0.0232
vn -0.8851 0.4650 0.0180
vn -0.5701 0.4242 -0.7036
vn 0.2992 -0.4116 -0.8608
vn 0.0541 -0.6990 -0.7131
vn -0.2249 0.7114 -0.6659
vn 0.1092 0.5488 -0.8288
vn -0.3749 -0.5629 -0.7366
vn -0.6336 0.4243 -0.6470
vn -0.2101 0.9581 -0.1947
vn 0.1675 -0.9513 -0.2586
vn -0.4328 -0.5907 -0.6810
vn -0.6148 -0.7316 -0.2946
vn -0.8505 0.4603 -0.2547
vn 0.8545 -0.5075 0.1106
vn -0.4841 -0.7397 -0.4674
vn 0.8776 -0.4527 0.1575
vn -0.7702 0.5848 -0.2547
vn 0.6706 0.7365 0.0888
vn 0.4627 0.6255 -0.6282
vn -0.6726 0.6474 -0.3584
vn 0.5987 0.7861 0.1539
vn 0.6630 0.7444 0.0791
vn 0.8972 -0.4398 0.0394
vn -0.2450 0.9674 0.0636
vn 0.1420 -0.9899 -0.0020
vn -0.6723 -0.7345 0.0919
vn -0.7487 -0.6626 0.0222
vn 0.1362 -0.9905 0.0200
vn -0.0976 -0.8528 0.5130
vn -0.7670 -0.5427 0.3424
vn 0.9327 -0.3500 0.0872
vn 0.7306 0.6719 0.1214
vn 0.2739 0.4471 0.8515
vn 0.4341 -0.3633 0.8244
vn -0.6132 -0.1473 0.7760
vn -0.4080 0.7166 0.5656
vn -0.9113 0.1871 0.3668
vn -0.2504 0.9644 0.0855
vn -0.8999 0.4162 0.1305
vn -0.9440 0.3253 0.0553
vn 0.9160 -0.3966 0.0613
vn 0.6971 0.7102 0.0984
vn -0.2536 0.9650 0.0664
vn -0.9203 0.3812 0.0885
vn -0.7050 -0.7073 0.0520
vn 0.1333 -0.9911 0.0009
vn -0.7867 0.2454 -0.5664
vn -0.5408 -0.1724 -0.8233
vn 0.6577 -0.3608 -0.6612
vn -0.3804 -0.8300 -0.4078
vn -0.5762 0.0066 -0.8173
vn -0.6415 -0.4891 -0.5910
vn -0.4052 -0.8777 -0.2558
vn 0.6415 0.7413 0.1975
vn -0.7117 0.6722 -0.2039
vn -0.7349 0.5285 -0.4250
vn 0.9013 -0.4303 0.0498
vn -0.4932 -0.8160 -0.3016
vn -0.8967 0.4279 -0.1129
vn -0.6681 -0.7284 -0.1517
vn -0.8153 0.5693 -0.1061
vn -0.5389 -0.8284 -0.1529
vn 0.7105 0.6246 -0.3241
vn 0.7521 0.6570 0.0515
vn 0.9460 -0.3235 0.0187
vn 0.8904 -0.2853 -0.3546
vn -0.8655 0.3151 -0.3893
vn -0.9460 0.3235 -0.0187
vn -0.1939 0.9805 0.0328
vn -0.1675 0.9249 -0.3414
vn -0.3027 -0.2546 -0.9185
vn -0.0391 0.5122 0.8580
vn 0.0829 0.5934 -0.8007
vn -0.6328 0.6736 -0.3819
vn -0.8272 0.5460 0.1325
vn -0.1374 0.8875 -0.4399
vn -0.8296 0.5498 0.0975
vn -0.4145 0.5027 -0.7586
vn -0.8413 0.5392 0.0395
vn -0.0170 -0.5793 0.8149
vn -0.0276 -0.5269 -0.8495
vn 0.6587 -0.6426 -0.3914
vn 0.8180 -0.5571 0.1434
vn 0.1689 -0.8498 -0.4993
vn 0.8227 -0.5581 0.1084
vn 0.4656 -0.4414 -0.7671
vn 0.8383 -0.5427 0.0524
vn -0.5740 -0.0439 0.8177
vn -0.5329 0.0890 -0.8415
vn -0.6444 -0.6292 -0.4345
vn -0.5552 -0.8272 0.0866
vn -0.8529 -0.1331 -0.5049
vn -0.5564 -0.8293 0.0513
vn -0.4460 -0.4088 -0.7962
vn -0.5415 -0.8407 -0.0058
vn 0.5178 -0.0232 0.8552
vn 0.5882 -0.0228 -0.8084
vn 0.6703 0.6602 -0.3388
vn 0.5460 0.8161 0.1894
vn 0.8843 0.1708 -0.4346
vn 0.5495 0.8211 0.1546
vn 0.4969 0.4698 -0.7296
vn 0.5384 0.8370 0.0977
vn 0.1695 -0.5425 0.8228
vn -0.5557 -0.8269 0.0866
vn -0.3339 -0.8375 -0.4324
vn 0.2921 -0.4645 -0.8360
vn -0.5569 -0.8290 0.0513
vn 0.2047 -0.8428 -0.4978
vn -0.5726 -0.8198 -0.0060
vn -0.2018 -0.5724 -0.7947
vn -0.2254 0.4754 0.8504
vn 0.5465 0.8158 0.1894
vn 0.3598 0.8686 -0.3408
vn -0.2370 0.5309 -0.8136
vn 0.5500 0.8207 0.1546
vn -0.1733 0.8804 -0.4415
vn 0.5694 0.8162 0.0979
vn 0.2528 0.6337 -0.7311
vn 0.4807 0.1632 0.8615
vn 0.8176 -0.5576 0.1433
vn 0.8667 -0.3324 -0.3720
vn 0.5249 0.2969 -0.7977
vn 0.8223 -0.5586 0.1084
vn 0.8773 0.2067 -0.4332
vn 0.8174 -0.5738 0.0504
vn 0.6291 -0.1974 -0.7518
vn -0.5368 -0.2304 0.8117
vn -0.8269 0.5465 0.1326
vn -0.8408 0.3634 -0.4012
vn -0.4696 -0.2307 -0.8522
vn -0.8293 0.5503 0.0975
vn -0.8459 -0.1690 -0.5059
vn -0.8205 0.5701 0.0415
vn -0.5782 0.2587 -0.7738
vn 0.2108 -0.8955 -0.3921
vn 0.1933 -0.9809 -0.0229
vn -0.7499 -0.6554 -0.0897
vn -0.6645 -0.5935 -0.4541
vn 0.4073 0.3256 -0.8533
vn 0.4928 -0.1082 -0.8634
vn 0.0843 0.0398 -0.9956
vn -0.3415 0.1796 -0.9226
vn -0.0098 0.4695 -0.8829
vn 0.1612 -0.3980 -0.9031
vn -0.1106 0.8324 -0.5430
vn 0.6398 0.5740 -0.5110
vn -0.5399 -0.5281 -0.6555
vn -0.7056 0.3127 -0.6359
vn 0.8051 -0.2650 -0.5306
vn 0.2085 -0.7869 -0.5808
vn -0.9255 0.3762 -0.0440
vn -0.1938 0.9809 -0.0149
vn 0.1925 -0.9794 -0.0606
vn -0.7140 -0.6967 -0.0690
vn 0.9131 -0.3991 -0.0836
vn 0.6927 0.7189 -0.0575
vn -0.6529 -0.7532 -0.0806
vn -0.8904 0.4521 -0.0525
vn 0.6921 0.6926 0.2031
vn 0.9048 -0.3868 0.1779
vn -0.1568 0.9875 0.0185
vn 0.2296 -0.9729 -0.0272
vn 0.1237 -0.9899 0.0692
vn -0.6885 -0.7234 -0.0506
vn 0.7956 -0.5071 0.3313
vn -0.2603 0.9587 0.1147
vn 0.5468 0.7556 0.3607
vn -0.9119 0.4098 -0.0242
vn 0.6946 0.7121 0.1019
vn 0.0078 0.9823 -0.1871
vn -0.1443 0.9788 -0.1452
vn 0.6256 0.7742 0.0963
vn 0.3781 -0.8965 -0.2308
vn 0.9137 -0.3993 0.0760
vn 0.8733 -0.4826 0.0670
vn 0.2364 -0.9529 -0.1902
vn -0.1746 0.5724 -0.8012
vn 0.0484 -0.5593 -0.8276
vn -0.4678 -0.6174 -0.6324
vn -0.6726 0.4215 -0.6082
vn 0.9038 -0.4172 0.0953
vn 0.2764 -0.9567 -0.0915
vn -0.1079 0.9931 -0.0461
vn 0.6788 0.7241 0.1219
vn -0.4443 -0.7826 -0.4361
vn -0.7117 0.5743 -0.4045
vn 0.8875 -0.4490 0.1037
vn 0.1993 -0.9799 -0.0056
vn -0.1873 0.9815 0.0401
vn 0.6519 0.7468 0.1315
vn -0.6411 -0.7654 -0.0558
vn -0.8840 0.4668 -0.0271
vn -0.5327 0.4252 -0.7317
vn 0.3417 -0.4124 -0.8445
vn 0.0889 -0.6992 -0.7094
vn -0.1892 0.7117 -0.6765
vn 0.1525 0.5485 -0.8222
vn -0.3381 -0.5622 -0.7547
vn -0.5989 0.4255 -0.6784
vn -0.1979 0.9585 -0.2052
vn 0.1785 -0.9517 -0.2497
vn -0.3988 -0.5899 -0.7021
vn -0.6005 -0.7304 -0.3255
vn -0.8355 0.4619 -0.2977
vn 0.8467 -0.5092 0.1540
vn -0.4611 -0.7388 -0.4914
vn 0.8675 -0.4545 0.2020
vn -0.7550 0.5863 -0.2936
vn 0.6667 0.7351 0.1228
vn 0.4954 0.6245 -0.6038
vn -0.6522 0.6487 -0.3922
vn 0.5917 0.7849 0.1842
vn 0.6597 0.7431 0.1127
vn 0.8931 -0.4416 0.0851
vn -0.2460 0.9679 0.0510
vn 0.1399 -0.9901 0.0053
vn -0.6776 -0.7331 0.0576
vn -0.7502 -0.6611 -0.0159
vn 0.1329 -0.9908 0.0270
vn -0.1253 -0.8525 0.5074
vn -0.7845 -0.5411 0.3029
vn 0.9263 -0.3519 0.1346
vn 0.7248 0.6705 0.1585
vn 0.2311 0.4467 0.8643
vn 0.3909 -0.3640 0.8454
vn -0.6523 -0.1459 0.7438
vn -0.4348 0.7176 0.5441
vn -0.9284 0.1890 0.3198
vn -0.2525 0.9649 0.0726
vn -0.9045 0.4180 0.0844
vn -0.9449 0.3272 0.0071
vn 0.9108 -0.3984 0.1079
vn 0.6926 0.7088 0.1337
vn -0.2547 0.9656 0.0534
vn -0.9228 0.3831 0.0415
vn -0.7082 -0.7058 0.0161
vn 0.1310 -0.9914 0.0078
vn -0.7564 0.2470 -0.6057
vn -0.4985 -0.1715 -0.8497
vn 0.6898 -0.3622 -0.6269
vn -0.3608 -0.8293 -0.4267
vn -0.5338 0.0076 -0.8456
vn -0.6116 -0.4879 -0.6229
vn -0.3934 -0.8769 -0.2761
vn 0.6321 0.7400 0.2298
vn -0.6990 0.6737 -0.2399
vn -0.7112 0.5300 -0.4619
vn 0.8967 -0.4321 0.0956
vn -0.4788 -0.8150 -0.3263
vn -0.8890 0.4296 -0.1585
vn -0.6610 -0.7271 -0.1854
vn -0.8077 0.5709 -0.1476
vn -0.5321 -0.8273 -0.1801
vn 0.7274 0.6231 -0.2876
vn 0.7499 0.6554 0.0897
vn 0.9432 -0.3254 0.0669
vn 0.9067 -0.2872 -0.3088
vn -0.8439 0.3169 -0.4329
vn -0.9432 0.3254 -0.0669
vn -0.1933 0.9809 0.0229
vn -0.1480 0.9251 -0.3496
vn -0.2560 -0.2542 -0.9327
vn -0.0817 0.5125 0.8548
vn 0.1246 0.5935 -0.7951
vn -0.6111 0.6749 -0.4136
vn -0.8318 0.5477 0.0902
vn -0.1130 0.8876 -0.4465
vn -0.8324 0.5515 0.0551
vn -0.3741 0.5032 -0.7790
vn -0.8411 0.5408 -0.0034
vn -0.0598 -0.5784 0.8135
vn 0.0146 -0.5275 -0.8494
vn 0.6764 -0.6440 -0.3573
vn 0.8085 -0.5587 0.1849
vn 0.1923 -0.8502 -0.4901
vn 0.8149 -0.5597 0.1502
vn 0.5029 -0.4427 -0.7423
vn 0.8333 -0.5447 0.0950
vn -0.6147 -0.0425 0.7876
vn -0.4892 0.0900 -0.8675
vn -0.6228 -0.6279 -0.4667
vn -0.5606 -0.8260 0.0582
vn -0.8263 -0.1314 -0.5477
vn -0.5600 -0.8282 0.0230
vn -0.4056 -0.4079 -0.8180
vn -0.5423 -0.8395 -0.0333
vn 0.4734 -0.0242 0.8805
vn 0.6284 -0.0243 -0.7775
vn 0.6880 0.6588 -0.3042
vn 0.5373 0.8151 0.2169
vn 0.9056 0.1689 -0.3890
vn 0.5426 0.8200 0.1823
vn 0.5345 0.4687 -0.7033
vn 0.5345 0.8359 0.1249
vn 0.1263 -0.5427 0.8304
vn -0.5611 -0.8257 0.0582
vn -0.3132 -0.8369 -0.4489
vn 0.3333 -0.4647 -0.8203
vn -0.5605 -0.8278 0.0230
vn 0.2281 -0.8433 -0.4867
vn -0.5731 -0.8187 -0.0351
vn -0.1623 -0.5725 -0.8037
vn -0.2677 0.4767 0.8373
vn 0.5377 0.8147 0.2169
vn 0.3786 0.8677 -0.3221
vn -0.1939 0.5308 -0.8250
vn 0.5431 0.8196 0.1823
vn -0.1488 0.8807 -0.4496
vn 0.5655 0.8149 0.1267
vn 0.2913 0.6330 -0.7172
vn 0.4369 0.1624 0.8847
vn 0.8081 -0.5592 0.1848
vn 0.8838 -0.3343 -0.3273
vn 0.5654 0.2956 -0.7700
vn 0.8146 -0.5602 0.1501
vn 0.8987 0.2048 -0.3879
vn 0.8126 -0.5755 0.0920
vn 0.6663 -0.1988 -0.7187
vn -0.5780 -0.2291 0.7832
vn -0.8315 0.5482 0.0902
vn -0.8185 0.3651 -0.4436
vn -0.4262 -0.2298 -0.8749
vn -0.8320 0.5520 0.0551
vn -0.8193 -0.1674 -0.5483
vn -0.8204 0.5718 -0.0004
vn -0.5375 0.2597 -0.8023
vn -0.5601 -0.8176 0.1335
vn 0.4510 -0.8925 -0.0079
vn 0.7688 -0.6383 0.0383
vn 0.9025 -0.3689 0.2225
vn 0.5203 0.8483 0.0987
vn 0.0751 0.9847 0.1575
vn -0.8088 0.5332 0.2480
vn 0.7181 0.6247 0.3068
vn 0.7912 -0.6108 -0.0292
vn 0.5118 0.8442 0.1597
vn 0.0580 -0.9939 -0.0943
vn 0.6585 -0.6090 -0.4421
vn 0.3291 0.6058 -0.7244
vn 0.2755 0.8563 -0.4368
vn 0.1795 0.9368 -0.3003
vn -0.8140 0.3924 0.4282
vn -0.5885 -0.7376 0.3311
vn 0.6983 -0.4705 -0.5394
vn 0.5059 -0.3669 -0.7807
vn -0.3018 0.9523 0.0444
vn 0.2902 -0.9394 -0.1824
vn 0.5169 -0.5689 -0.6397
vn 0.4966 0.3632 -0.7884
vn 0.4433 0.4840 -0.7545
vn 0.2701 0.8034 -0.5306
vn -0.4588 0.5819 0.6715
vn -0.2023 -0.8028 0.5608
vn 0.5630 -0.1935 -0.8035
vn 0.5690 -0.0307 -0.8218
vn -0.0728 0.9972 -0.0155
vn 0.2590 -0.9407 -0.2193
vn 0.4087 -0.5819 -0.7031
vn 0.3374 0.3476 -0.8748
vn 0.2981 0.4739 -0.8286
vn 0.1610 0.7873 -0.5952
vn -0.3645 0.5911 0.7196
vn -0.1110 -0.7909 0.6017
vn 0.4227 -0.2221 -0.8786
vn 0.4121 -0.0585 -0.9093
vn -0.1022 0.9939 -0.0406
vn 0.2655 -0.9336 -0.2406
vn 0.3094 -0.5824 -0.7517
vn 0.1799 0.3103 -0.9335
vn 0.1509 0.4338 -0.8883
vn 0.0644 0.7613 -0.6452
vn -0.2303 0.6167 0.7528
vn 0.0247 -0.7715 0.6357
vn 0.2712 -0.2254 -0.9358
vn 0.2499 -0.0703 -0.9657
vn -0.0917 0.9937 -0.0642
vn 0.1518 -0.1937 -0.9692
vn 0.2351 -0.5556 -0.7975
vn 0.0010 0.7203 -0.6937
vn 0.0476 0.3700 -0.9278
vn -0.0781 0.9921 -0.0978
vn 0.2750 -0.9214 -0.2746
vn 0.1264 -0.7490 0.6504
vn -0.1269 0.6288 0.7671
vn 0.0637 0.2618 -0.9630
vn 0.1232 -0.0620 -0.9904
vn 0.2638 -0.9616 -0.0763
vn 0.6053 -0.5897 -0.5347
vn 0.6029 0.3559 -0.7140
vn 0.5691 0.4753 -0.6710
vn 0.3519 0.8351 -0.4229
vn -0.5332 0.5423 0.6493
vn -0.3132 -0.7788 0.5435
vn 0.6793 -0.1586 -0.7165
vn 0.6681 0.0013 -0.7440
vn -0.0753 0.9944 0.0741
vn -0.2905 0.5902 0.7531
vn -0.0409 -0.7680 0.6392
vn 0.0266 0.7914 -0.6108
vn 0.2863 -0.6204 -0.7302
vn -0.4000 0.5527 0.7311
vn -0.1535 -0.7759 0.6120
vn 0.0715 0.8052 -0.5887
vn 0.3335 -0.6197 -0.7105
vn -0.5438 0.4946 0.6779
vn -0.3090 -0.7541 0.5796
vn 0.0801 0.8109 -0.5797
vn 0.3483 -0.6255 -0.6981
vn -0.1907 0.6199 0.7612
vn 0.0637 -0.7626 0.6437
vn -0.0812 0.7639 -0.6403
vn 0.1748 -0.6280 -0.7584
vn -0.1293 -0.1104 -0.9854
vn -0.1013 -0.2653 -0.9588
vn -0.0117 -0.5449 -0.8384
vn 0.1726 -0.9153 -0.3640
vn -0.2172 0.3598 -0.9074
vn -0.1894 0.2162 -0.9578
vn 0.3287 -0.6985 0.6357
vn -0.2291 0.6373 -0.7358
vn -0.1723 0.9649 -0.1980
vn 0.0793 0.6563 0.7503
vn 0.6344 -0.6417 -0.4310
vn 0.3660 -0.9097 -0.1963
vn 0.0145 0.9993 -0.0347
vn 0.3532 0.8855 -0.3018
vn -0.6451 0.5434 0.5372
vn 0.8231 -0.1430 -0.5497
vn 0.7299 -0.4596 -0.5060
vn 0.5045 0.7638 -0.4025
vn -0.3947 -0.8160 0.4222
vn 0.7024 0.5122 -0.4942
vn 0.9359 -0.1843 -0.3003
vn 0.7750 -0.5485 -0.3137
vn 0.3263 0.9220 -0.2082
vn 0.5211 0.8305 -0.1970
vn 0.2880 -0.9115 -0.2938
vn -0.5514 -0.8342 0.0013
vn 0.6250 -0.7000 -0.3455
vn -0.0620 0.9892 -0.1329
vn 0.8007 0.5497 -0.2382
vn -0.8106 0.5731 0.1204
vn -0.8454 0.4741 0.2461
vn -0.6152 -0.7758 0.1404
vn 0.5914 0.6791 -0.4349
vn 0.1245 0.9511 -0.2826
vn 0.7801 -0.3456 -0.5216
vn 0.4444 -0.7860 -0.4297
vn 0.0898 -0.9108 -0.4029
vn 0.2937 -0.8324 -0.4699
vn -0.0340 0.9470 -0.3193
vn -0.2504 0.9362 -0.2466
vn -0.3479 -0.8076 0.4762
vn 0.2318 -0.9029 -0.3621
vn 0.3257 -0.6593 -0.6777
vn 0.2135 -0.4016 -0.8906
vn 0.1217 0.8294 -0.5453
vn -0.1332 0.9748 -0.1791
vn -0.5969 0.5433 0.5904
vn 0.0297 0.5920 -0.8054
vn 0.3954 -0.6296 -0.6688
vn 0.0634 0.8229 -0.5646
vn 0.7054 -0.6068 -0.3664
vn 0.1363 -0.9901 0.0323
vn 0.4912 0.8666 -0.0883
vn 0.7789 0.6271 0.0024
vn 0.3241 0.9437 -0.0666
vn -0.5395 -0.7353 0.4103
vn -0.7567 0.3952 0.5208
vn 0.8066 -0.4654 -0.3646
vn 0.9338 -0.3466 -0.0894
vn -0.1994 0.9572 0.2098
vn 0.8178 -0.5546 -0.1535
vn 0.3173 -0.9381 -0.1385
vn 0.8600 0.5037 -0.0812
vn 0.9173 0.3832 -0.1086
vn 0.5741 0.8179 -0.0394
vn -0.5709 -0.8203 -0.0346
vn -0.8207 0.5647 0.0867
vn 0.9751 -0.1740 -0.1377
vn 0.9898 -0.0108 -0.1418
vn -0.0448 0.9986 0.0297
vn 0.8266 -0.5621 -0.0279
vn 0.3365 -0.9370 -0.0941
vn 0.8617 0.5007 0.0821
vn 0.9240 0.3754 0.0729
vn 0.5836 0.8073 0.0876
vn -0.5670 -0.8126 -0.1350
vn -0.8218 0.5694 -0.0194
vn 0.9804 -0.1957 0.0224
vn 0.9988 -0.0307 0.0386
vn -0.0354 0.9971 0.0673
vn 0.8258 -0.5579 0.0826
vn 0.3582 -0.9292 -0.0908
vn 0.8505 0.4670 0.2420
vn 0.9071 0.3447 0.2414
vn 0.5858 0.7861 0.1973
vn -0.5374 -0.7982 -0.2723
vn -0.7923 0.5900 -0.1552
vn 0.9640 -0.1926 0.1835
vn 0.9772 -0.0359 0.2093
vn -0.0096 0.9976 0.0684
vn 0.8328 -0.5273 0.1683
vn 0.9398 -0.1563 0.3039
vn 0.8415 0.4076 0.3547
vn 0.6020 0.7488 0.2773
vn 0.0266 0.9971 0.0713
vn -0.5057 -0.7790 -0.3708
vn 0.3926 -0.9158 -0.0847
vn -0.7593 0.5988 -0.2547
vn 0.9425 -0.0232 0.3333
vn 0.8830 0.3006 0.3606
vn 0.7639 -0.5822 -0.2784
vn 0.2112 -0.9641 -0.1612
vn 0.8417 0.4883 -0.2305
vn 0.8984 0.3700 -0.2366
vn 0.5134 0.8427 -0.1620
vn -0.6055 -0.7927 0.0713
vn -0.8330 0.5281 0.1649
vn 0.9483 -0.1459 -0.2819
vn 0.9637 0.0153 -0.2665
vn -0.1260 0.9920 -0.0078
vn -0.5698 -0.7931 -0.2153
vn -0.8188 0.5652 -0.1004
vn 0.5374 0.8156 0.2145
vn 0.7972 -0.5961 0.0953
vn -0.5955 -0.7968 -0.1022
vn -0.8470 0.5315 0.0089
vn 0.5373 0.8273 0.1639
vn 0.8006 -0.5976 0.0443
vn -0.6365 -0.7696 0.0504
vn -0.8621 0.4795 0.1637
vn 0.5330 0.8324 0.1520
vn 0.7964 -0.6043 0.0257
vn -0.5273 -0.7906 -0.3111
vn -0.7822 0.5918 -0.1946
vn 0.5164 0.7922 0.3252
vn 0.7728 -0.5996 0.2078
vn 0.8194 -0.2216 0.5287
vn 0.8266 -0.0651 0.5590
vn 0.4266 -0.9032 0.0464
vn 0.7590 -0.5083 0.4068
vn 0.7665 0.2615 0.5866
vn 0.7052 0.4035 0.5830
vn -0.4035 -0.7332 -0.5474
vn 0.5391 0.6737 0.5055
vn 0.0749 0.9767 0.2013
vn -0.6529 0.6216 -0.4328
vn 0.3628 -0.9098 -0.2014
vn 0.6856 -0.6392 -0.3484
vn 0.4043 0.8880 -0.2192
vn 0.0113 0.9991 -0.0399
vn -0.7828 0.5368 0.3148
vn 0.7905 -0.4568 -0.4081
vn 0.8628 -0.1411 -0.4855
vn 0.5652 0.7667 -0.3045
vn -0.5324 -0.8226 0.1998
vn 0.7421 0.5141 -0.4300
vn 0.6410 -0.5549 -0.5303
vn 0.6912 -0.1959 -0.6956
vn 0.3870 0.8241 -0.4136
vn 0.3077 0.9212 -0.2383
vn -0.2254 -0.8188 0.5280
vn 0.4152 -0.9054 -0.0882
vn 0.6064 -0.7009 -0.3756
vn 0.0652 0.9952 0.0727
vn 0.5560 0.5381 -0.6335
vn -0.4845 0.5886 0.6471
vn -0.3798 -0.7646 0.5207
vn -0.6100 0.4853 0.6264
vn 0.2834 0.9586 -0.0259
vn 0.6351 0.6812 -0.3642
vn 0.8238 -0.3435 -0.4509
vn 0.6033 -0.7785 -0.1729
vn 0.5733 -0.8192 -0.0182
vn 0.4243 -0.8950 0.1377
vn 0.0842 0.9521 0.2940
vn 0.2456 0.9603 0.1323
vn -0.0183 -0.9850 0.1715
vn 0.1259 -0.9755 0.1807
vn 0.1266 -0.9251 0.3580
vn -0.0109 -0.9384 0.3453
vn 0.2824 -0.9383 0.1993
vn 0.2704 -0.8805 0.3893
vn 0.4609 -0.8584 0.2254
vn 0.4268 -0.7931 0.4344
vn 0.6641 -0.7018 0.2578
vn 0.5971 -0.6349 0.4903
vn 0.8636 -0.4139 0.2878
vn 0.7559 -0.3674 0.5418
vn 0.9557 0.0001 0.2942
vn 0.8293 0.0009 0.5589
vn 0.8750 0.4030 0.2683
vn 0.7695 0.3603 0.5274
vn 0.6939 0.6834 0.2268
vn 0.6282 0.6201 0.4701
vn 0.5016 0.8446 0.1872
vn 0.4691 0.7813 0.4118
vn 0.3298 0.9311 0.1561
vn 0.3180 0.8752 0.3647
vn 0.1757 0.9750 0.1358
vn 0.1748 0.9262 0.3342
vn 0.0286 0.9913 0.1283
vn 0.0331 0.9451 0.3252
vn -0.1221 0.9833 0.1347
vn -0.1116 0.9338 0.3399
vn -0.2861 0.9459 0.1532
vn -0.2634 0.8891 0.3743
vn -0.4724 0.8625 0.1815
vn -0.4277 0.7984 0.4239
vn -0.6815 0.6984 0.2186
vn -0.6030 0.6333 0.4850
vn -0.8745 0.4107 0.2582
vn -0.7566 0.3634 0.5436
vn -0.9612 0.0017 0.2759
vn -0.8241 0.0004 0.5665
vn -0.8748 -0.4044 0.2668
vn -0.7577 -0.3608 0.5439
vn -0.6875 -0.6867 0.2362
vn -0.6085 -0.6265 0.4870
vn -0.4888 -0.8473 0.2077
vn -0.4419 -0.7876 0.4295
vn -0.3143 -0.9308 0.1866
vn -0.2886 -0.8768 0.3845
vn -0.1610 -0.9715 0.1739
vn -0.1474 -0.9232 0.3549
vn 0.0847 -0.5186 0.8508
vn 0.0156 -0.5371 0.8434
vn 0.1497 -0.4675 0.8712
vn 0.2082 -0.3874 0.8981
vn 0.2577 -0.2808 0.9245
vn 0.2948 -0.1492 0.9438
vn 0.3118 0.0015 0.9502
vn 0.3031 0.1519 0.9408
vn 0.2739 0.2808 0.9199
vn 0.2308 0.3852 0.8935
vn 0.1760 0.4655 0.8674
vn 0.1118 0.5173 0.8485
vn 0.0412 0.5359 0.8433
vn -0.0300 0.5190 0.8543
vn -0.0968 0.4701 0.8773
vn -0.1582 0.3904 0.9069
vn -0.2108 0.2804 0.9365
vn -0.2476 0.1440 0.9581
vn -0.2629 -0.0004 0.9648
vn -0.2510 -0.1450 0.9571
vn -0.2182 -0.2815 0.9344
vn -0.1710 -0.3915 0.9041
vn -0.1149 -0.4715 0.8743
vn -0.0524 -0.5205 0.8523
vn 0.9072 0.4128 0.0810
vn 0.7103 0.7012 0.0619
vn 0.6861 -0.7214 0.0943
vn 0.8988 -0.4268 0.0997
vn -0.2851 0.9583 0.0202
vn -0.4763 0.8789 0.0276
vn 0.1716 0.9849 0.0226
vn 0.0274 0.9995 0.0176
vn -0.7076 -0.7036 0.0650
vn -0.5012 -0.8630 0.0635
vn -0.9979 0.0019 0.0640
vn -0.9059 -0.4182 0.0673
vn 0.1231 -0.9897 0.0730
vn 0.2843 -0.9555 0.0792
vn 0.4715 -0.8776 0.0865
vn 0.9954 -0.0017 0.0953
vn 0.3269 0.9445 0.0317
vn -0.9029 0.4265 0.0538
vn -0.1649 -0.9842 0.0652
vn -0.0220 -0.9974 0.0683
vn -0.1204 0.9926 0.0169
vn -0.6948 0.7182 0.0392
vn 0.5053 0.8618 0.0448
vn -0.3209 -0.9450 0.0636
vn 0.9146 0.4038 -0.0202
vn 0.7228 0.6910 -0.0065
vn 0.7022 -0.7113 -0.0329
vn 0.9087 -0.4160 -0.0353
vn -0.2935 0.9555 0.0289
vn -0.4793 0.8773 0.0260
vn 0.1793 0.9835 0.0251
vn 0.0270 0.9992 0.0295
vn -0.7101 -0.7041 0.0021
vn -0.5065 -0.8622 -0.0024
vn -0.9999 0.0032 0.0137
vn -0.9078 -0.4192 0.0077
vn 0.1261 -0.9919 -0.0165
vn 0.2925 -0.9560 -0.0217
vn 0.4841 -0.8746 -0.0274
vn 0.9995 -0.0019 -0.0311
vn 0.3405 0.9401 0.0170
vn -0.9024 0.4306 0.0188
vn -0.1715 -0.9851 -0.0089
vn -0.0244 -0.9996 -0.0123
vn -0.1272 0.9914 0.0305
vn -0.6935 0.7201 0.0228
vn 0.5189 0.8548 0.0064
vn -0.3287 -0.9444 -0.0059
vn 0.9136 0.4064 0.0120
vn 0.7269 0.6863 0.0221
vn 0.7120 -0.7020 -0.0156
vn 0.9100 -0.4144 -0.0115
vn -0.3255 0.9446 0.0432
vn -0.5129 0.8573 0.0437
vn 0.1767 0.9836 0.0371
vn 0.0134 0.9991 0.0398
vn -0.7268 -0.6865 0.0225
vn -0.5215 -0.8531 0.0178
vn -0.9994 0.0011 0.0348
vn -0.9167 -0.3986 0.0284
vn 0.1453 -0.9894 -0.0001
vn 0.3145 -0.9492 -0.0076
vn 0.5024 -0.8646 -0.0136
vn 1.0000 0.0003 -0.0007
vn 0.3459 0.9377 0.0337
vn -0.9153 0.4007 0.0401
vn -0.1798 -0.9836 0.0112
vn -0.0188 -0.9998 0.0068
vn -0.1517 0.9875 0.0418
vn -0.7232 0.6893 0.0431
vn 0.5255 0.8503 0.0291
vn -0.3407 -0.9401 0.0143
vn 0.9149 0.4013 0.0440
vn 0.7255 0.6874 0.0336
vn 0.7236 -0.6882 0.0524
vn 0.9142 -0.4014 0.0549
vn -0.3396 0.9405 -0.0055
vn -0.5249 0.8511 -0.0080
vn 0.1698 0.9854 0.0100
vn 0.0060 1.0000 0.0045
vn -0.7333 -0.6797 0.0154
vn -0.5293 -0.8482 0.0187
vn -1.0000 0.0001 0.0051
vn -0.9205 -0.3906 0.0112
vn 0.1627 -0.9861 0.0352
vn 0.3342 -0.9416 0.0412
vn 0.5198 -0.8530 0.0472
vn 0.9986 0.0004 0.0521
vn 0.3402 0.9402 0.0163
vn -0.9202 0.3914 -0.0019
vn -0.1831 -0.9828 0.0252
vn -0.0117 -0.9995 0.0296
vn -0.1630 0.9866 -0.0007
vn -0.7316 0.6817 -0.0069
vn 0.5224 0.8524 0.0240
vn -0.3475 -0.9374 0.0218
vn 0.9154 0.3998 0.0473
vn 0.7241 0.6889 0.0340
vn 0.7203 -0.6926 0.0384
vn 0.9138 -0.4031 0.0496
vn -0.3313 0.9435 0.0040
vn -0.5112 0.8594 0.0111
vn 0.1693 0.9856 0.0015
vn 0.0090 1.0000 -0.0024
vn -0.7144 -0.6993 0.0241
vn -0.5087 -0.8608 0.0185
vn -0.9995 -0.0018 0.0305
vn -0.9098 -0.4141 0.0291
vn 0.1547 -0.9879 0.0096
vn 0.3238 -0.9460 0.0170
vn 0.5115 -0.8589 0.0268
vn 0.9985 -0.0015 0.0542
vn 0.3370 0.9415 0.0095
vn -0.9109 0.4117 0.0258
vn -0.1662 -0.9861 0.0078
vn -0.0066 -1.0000 0.0062
vn -0.1575 0.9875 -0.0013
vn -0.7159 0.6980 0.0184
vn 0.5184 0.8549 0.0206
vn -0.3285 -0.9444 0.0127
vn -0.2524 -0.9636 -0.0888
vn -0.0948 -0.9891 -0.1127
vn 0.4791 0.8760 -0.0562
vn 0.2817 0.9571 -0.0683
vn -0.1252 0.9891 -0.0778
vn -0.2987 0.9519 -0.0682
vn -0.7449 0.6632 -0.0726
vn -0.9127 0.4006 -0.0802
vn -0.5038 -0.8608 -0.0727
vn -0.0008 -0.9922 -0.1246
vn 0.0902 -0.9892 -0.1155
vn 0.6976 0.7150 -0.0473
vn 0.9057 -0.4211 -0.0480
vn 0.9991 0.0015 -0.0418
vn -0.5258 0.8481 -0.0656
vn 0.0070 0.9965 -0.0836
vn -0.9239 -0.3747 -0.0775
vn -0.7301 -0.6797 -0.0708
vn 0.2494 -0.9639 -0.0931
vn 0.4770 -0.8760 -0.0716
vn -0.9957 0.0445 -0.0812
vn 0.1289 0.9885 -0.0797
vn 0.9044 0.4246 -0.0416
vn 0.7006 -0.7111 -0.0581
vn 0.9701 0.0149 0.2423
vn 0.2597 -0.0907 -0.9614
vn -0.2290 -0.9683 -0.0999
vn 0.1400 -0.9900 -0.0147
vn -0.1269 -0.5354 0.8350
vn -0.4767 -0.5463 0.6887
vn -0.8082 0.1177 -0.5770
vn -0.7463 -0.3202 -0.5835
vn -0.9637 -0.1328 -0.2316
vn -0.9824 0.0819 0.1681
vn -0.9262 0.3187 -0.2012
vn -0.8024 -0.5569 -0.2142
vn -0.6592 0.7423 -0.1199
vn -0.4677 0.3778 -0.7991
vn -0.6611 -0.5342 0.5268
vn -0.7811 0.3144 0.5395
vn -0.3480 -0.4691 -0.8117
vn -0.4281 -0.8921 -0.1442
vn -0.2482 0.5050 0.8266
vn -0.1770 0.9842 0.0098
vn 0.1028 -0.9945 -0.0196
vn -0.0951 -0.5779 0.8105
vn 0.1246 -0.5457 -0.8287
vn -0.0350 0.5828 -0.8119
vn -0.0887 -0.6444 0.7595
vn -0.2607 0.5721 0.7776
vn 0.2230 0.5987 -0.7693
vn 0.3770 -0.4908 -0.7855
vn -0.1390 0.9900 -0.0226
vn 0.1408 -0.9887 -0.0521
vn 0.2195 -0.9733 0.0678
vn -0.0693 -0.6051 0.7931
vn 0.5244 -0.5665 -0.6356
vn -0.0586 0.9936 0.0970
vn 0.3442 0.7080 -0.6167
vn -0.2310 0.5388 0.8102
vn 0.1220 0.6013 -0.7897
vn -0.3115 0.9265 -0.2113
vn -0.2956 0.9536 -0.0566
vn 0.0967 0.6716 -0.7345
vn -0.0433 -0.9699 -0.2395
vn 0.2806 -0.5206 -0.8064
vn 0.2760 -0.5968 -0.7534
vn -0.0199 -0.9961 -0.0856
vn -0.8877 0.4579 -0.0477
vn -0.7263 -0.6844 -0.0647
vn -0.6147 -0.6289 0.4761
vn -0.7629 0.4198 0.4917
vn 0.3002 -0.5334 -0.7908
vn 0.0837 -0.9904 -0.1098
vn -0.1946 0.9776 -0.0805
vn 0.1373 0.6186 -0.7736
vn -0.3970 -0.7624 0.5110
vn -0.5907 0.6072 0.5314
vn 0.3098 -0.5605 -0.7681
vn 0.1577 -0.9873 -0.0182
vn -0.1222 0.9924 0.0113
vn 0.1391 0.6465 -0.7501
vn -0.0609 -0.6542 0.7538
vn -0.2367 0.5894 0.7723
vn -0.8606 0.3817 0.3372
vn -0.7129 -0.5900 -0.3791
vn -0.5855 -0.8083 -0.0619
vn -0.7869 0.6158 -0.0408
vn -0.8501 0.3799 -0.3647
vn -0.7196 -0.6150 0.3224
vn -0.8197 0.4008 0.4092
vn -0.3606 0.9327 -0.0093
vn -0.0880 -0.9954 -0.0380
vn -0.6747 -0.6241 0.3940
vn -0.3221 -0.6695 0.6694
vn -0.4923 0.5341 0.6873
vn 0.3601 -0.6048 -0.7103
vn -0.4597 -0.7259 0.5116
vn 0.4032 -0.5471 -0.7336
vn -0.4913 0.6433 0.5872
vn 0.1347 0.6314 -0.7637
vn -0.5894 0.4348 -0.6809
vn -0.5786 0.6723 0.4618
vn 0.1754 0.7014 -0.6909
vn 0.1226 0.6386 -0.7597
vn 0.2916 -0.5572 -0.7775
vn -0.1197 0.9902 0.0723
vn 0.1598 -0.9862 0.0429
vn 0.0395 -0.5990 0.7998
vn -0.0541 -0.5291 0.8468
vn 0.1799 -0.9823 0.0529
vn 0.5874 -0.7306 0.3481
vn 0.2357 -0.3561 0.9042
vn 0.3337 -0.4670 -0.8189
vn 0.1878 0.5649 -0.8035
vn 0.8240 0.5367 -0.1818
vn 0.9397 -0.2817 -0.1939
vn 0.6363 0.0785 0.7674
vn 0.3634 0.8543 0.3717
vn 0.1315 0.3809 0.9152
vn -0.0992 0.9917 0.0823
vn -0.1248 0.5629 0.8171
vn -0.1951 0.4684 0.8617
vn 0.3112 -0.5142 -0.7992
vn 0.1531 0.6034 -0.7826
vn -0.1185 0.9896 0.0816
vn -0.1652 0.5248 0.8350
vn -0.0098 -0.5742 0.8186
vn 0.1608 -0.9856 0.0522
vn -0.7514 0.2632 0.6051
vn -0.8911 -0.2241 0.3946
vn -0.4486 -0.5611 -0.6957
vn -0.3677 -0.8195 0.4395
vn -0.9166 -0.0434 0.3974
vn -0.6465 -0.4786 0.5941
vn -0.2197 -0.8369 0.5013
vn 0.2327 0.6586 -0.7156
vn -0.4410 0.7282 0.5246
vn -0.6408 0.5548 0.5307
vn 0.3013 -0.5467 -0.7812
vn -0.2913 -0.7711 0.5661
vn -0.3610 0.5331 0.7651
vn -0.1959 -0.6345 0.7477
vn -0.3554 0.6598 0.6621
vn -0.1558 -0.7515 0.6411
vn -0.2412 0.4474 -0.8612
vn 0.1269 0.5354 -0.8350
vn 0.2669 -0.4547 -0.8498
vn -0.1113 -0.4714 -0.8749
vn -0.6066 0.3725 0.7024
vn -0.2669 0.4546 0.8498
vn -0.1400 0.9900 0.0147
vn -0.4888 0.8694 -0.0726
vn -0.9204 -0.3559 0.1616
vn 0.7536 0.6481 0.1095
vn -0.8345 0.4322 -0.3419
vn -0.5960 0.6880 0.4141
vn -0.1241 0.6788 0.7237
vn -0.5726 0.8119 -0.1138
vn -0.1590 0.6770 0.7186
vn -0.8904 0.4253 0.1622
vn -0.2162 0.6587 0.7207
vn 0.8610 -0.4256 0.2785
vn -0.7574 -0.6517 -0.0407
vn -0.1501 -0.7908 -0.5934
vn 0.3904 -0.6421 -0.6598
vn -0.3339 -0.9368 -0.1041
vn 0.3577 -0.6496 -0.6708
vn -0.5822 -0.6284 -0.5159
vn 0.3049 -0.6466 -0.6993
vn 0.6718 0.1804 0.7184
vn -0.9415 0.0266 0.3359
vn -0.4774 -0.5885 0.6525
vn 0.0721 -0.7079 0.7026
vn -0.6565 -0.0854 0.7495
vn 0.0380 -0.7157 0.6974
vn -0.8132 -0.4641 0.3513
vn -0.0125 -0.7385 0.6742
vn 0.9428 0.0422 -0.3306
vn -0.6508 -0.2460 -0.7183
vn -0.2688 0.4857 -0.8318
vn 0.1942 0.7446 -0.6387
vn -0.2502 -0.0395 -0.9674
vn 0.1607 0.7431 -0.6497
vn -0.6593 0.2610 -0.7052
vn 0.1011 0.7507 -0.6529
vn 0.9042 -0.4169 0.0935
vn 0.0719 -0.7074 0.7031
vn -0.3803 -0.8380 0.3914
vn -0.6837 -0.6360 -0.3579
vn 0.0378 -0.7152 0.6979
vn -0.3255 -0.9352 -0.1397
vn -0.0222 -0.7136 0.7002
vn -0.7366 -0.6603 0.1461
vn 0.7103 0.6394 0.2945
vn 0.1943 0.7442 -0.6391
vn -0.3659 0.7351 -0.5708
vn -0.9088 0.4165 -0.0248
vn 0.1609 0.7426 -0.6501
vn -0.5809 0.8103 -0.0780
vn 0.1109 0.7257 -0.6790
vn -0.7354 0.4573 -0.5000
vn 0.9162 0.2305 -0.3279
vn 0.3903 -0.6426 -0.6594
vn -0.1270 -0.5167 -0.8467
vn -0.6964 0.0768 -0.7136
vn 0.3577 -0.6501 -0.6704
vn -0.2551 -0.0032 -0.9669
vn 0.3026 -0.6739 -0.6741
vn -0.5638 -0.4128 -0.7153
vn 0.6983 -0.0080 0.7157
vn -0.1241 0.6792 0.7233
vn -0.6191 0.4138 0.6674
vn -0.8959 -0.2963 0.3311
vn -0.1590 0.6774 0.7182
vn -0.6511 -0.1217 0.7491
vn -0.2139 0.6861 0.6954
vn -0.9084 0.2100 0.3615
usemtl arco
s 1
f 116/1/1 67/2/2 70/3/3 119/4/4
f 146/5/5 154/6/6 155/7/7 148/8/8
f 63/9/9 80/10/10 77/11/11 66/12/12
f 3020/13/13 3009/14/14 14/15/15 20/16/16
f 3/17/17 1/18/18 258/19/19 260/20/20
f 43/21/21 59/22/22 58/23/23 46/24/24
f 55/25/25 86/26/26 87/27/27 54/28/28
f 3000/29/29 3002/30/30 25/31/31 1/18/18
f 45/32/32 95/33/33 96/34/34 46/24/24
f 123/35/35 72/36/36 71/37/37 124/38/38
f 59/22/22 43/21/21 44/39/39 60/40/40
f 49/41/41 99/42/42 100/43/43 50/44/44
f 3029/45/45 3032/46/46 7/47/47 8/48/48
f 200/49/49 199/50/50 3074/51/51 3076/52/52
f 3038/53/53 3044/54/54 18/55/55 5/56/56
f 3045/57/57 29/58/58 30/59/59 3034/60/60
f 102/61/61 103/62/62 104/63/63 101/64/64
f 105/65/65 82/66/66 81/67/67 106/68/68
f 43/21/21 93/69/69 94/70/70 44/39/39
f 158/71/71 145/72/72 146/5/5 157/73/73
f 53/74/74 49/41/41 50/44/44 54/28/28
f 130/75/75 131/76/76 132/77/77 129/78/78
f 2989/79/79 2992/80/80 21/81/81 4/82/82
f 69/83/83 120/84/84 119/4/4 70/3/3
f 79/85/85 406/86/86 409/87/87 72/88/36
f 5/56/56 18/55/55 163/89/88 153/90/89
f 89/91/90 42/92/91 44/39/39 94/70/70
f 57/93/92 84/94/93 85/95/94 56/96/95
f 180/97/96 151/98/97 11/99/98 35/100/99
f 176/101/100 149/102/101 152/103/102 179/104/103
f 7/47/47 30/105/59 166/106/104 141/107/105
f 3032/46/46 3034/108/60 30/105/59 7/47/47
f 184/109/106 191/110/107 3062/111/108 3052/112/109
f 97/113/110 47/114/111 50/44/44 100/43/43
f 161/115/112 147/116/113 10/117/114 23/118/115
f 2995/119/116 2993/120/117 2/121/118 17/122/119
f 74/123/120 137/124/121 40/125/122 16/126/123
f 92/127/124 101/64/64 106/68/68 81/67/67
f 140/128/125 39/129/126 40/130/122 137/131/121
f 151/98/97 144/132/127 9/133/128 11/99/98
f 3007/134/129 26/135/130 25/136/31 3002/137/30
f 136/138/131 97/113/110 100/43/43 139/139/132
f 3003/140/133 2997/141/134 3/17/17 27/142/135
f 3007/134/129 2995/119/116 17/122/119 26/135/130
f 132/77/77 135/143/136 134/144/137 129/78/78
f 65/145/138 112/146/139 111/147/140 66/12/12
f 3026/148/141 3014/149/142 16/126/123 40/125/122
f 62/150/143 71/37/37 72/36/36 61/151/144
f 88/152/145 53/74/74 54/28/28 87/27/27
f 3022/153/146 38/154/147 37/155/148 3023/156/149
f 67/2/2 76/157/150 73/158/151 70/3/3
f 76/157/150 133/159/152 138/160/153 73/158/151
f 172/161/154 161/115/112 23/118/115 33/162/155
f 84/94/93 109/163/156 114/164/157 85/95/94
f 88/152/145 117/165/158 38/154/147 20/16/16
f 42/92/91 52/166/159 60/40/40 44/39/39
f 147/116/113 156/167/160 12/168/161 10/117/114
f 110/169/162 111/170/140 112/171/139 109/163/156
f 129/172/78 78/173/163 77/11/11 130/174/75
f 101/64/64 92/127/124 91/175/164 102/61/61
f 3053/176/165 3061/177/166 622/178/167 619/179/168
f 74/123/120 69/83/83 70/3/3 73/158/151
f 150/180/169 141/107/105 142/181/170 149/102/101
f 3014/149/142 3015/182/171 15/183/172 16/126/123
f 108/184/173 111/170/140 110/169/162 105/65/65
f 2960/185/174 2957/186/175 393/187/176 387/188/177
f 3067/189/178 3050/190/179 618/191/180 624/192/181
f 188/193/182 184/109/106 3052/112/109 3058/194/183
f 3018/195/184 3027/196/185 39/129/126 24/197/186
f 138/198/153 139/139/132 140/128/125 137/131/121
f 3059/199/187 3053/176/165 619/179/168 621/200/188
f 114/164/157 115/201/189 116/202/1 113/203/190
f 67/2/2 116/1/1 115/204/189 68/205/191
f 95/33/33 45/32/32 48/206/192 98/207/193
f 8/48/48 7/47/47 141/107/105 150/180/169
f 49/41/41 53/74/74 14/15/15 13/208/194
f 120/84/84 69/83/83 15/183/172 37/209/148
f 2997/141/134 3000/29/29 1/18/18 3/17/17
f 122/210/195 89/91/90 94/70/70 127/211/196
f 176/212/100 179/213/103 178/214/197 173/215/198
f 82/66/66 59/22/22 60/40/40 81/67/67
f 116/202/1 119/216/4 118/217/199 113/203/190
f 29/58/58 22/218/200 158/71/71 167/219/201
f 28/220/202 27/221/135 266/222/203 267/223/204
f 126/224/205 127/211/196 128/225/206 125/226/207
f 191/110/107 184/109/106 185/227/208 190/228/209
f 156/167/160 147/116/113 148/8/8 155/7/7
f 133/159/152 76/157/150 75/229/210 134/230/137
f 84/94/93 57/93/92 58/23/23 83/231/211
f 2911/232/212 2914/233/213 285/234/214 276/235/215
f 196/236/216 195/237/217 3068/238/218 3070/239/219
f 180/240/96 35/241/99 36/242/220 177/243/221
f 80/10/10 63/9/9 64/244/222 79/245/85
f 90/246/223 41/247/224 42/92/91 89/91/90
f 2/121/118 4/82/82 261/248/225 259/249/226
f 26/135/130 17/122/119 262/250/227 265/251/228
f 3003/252/133 27/221/135 28/220/202 3006/253/229
f 3015/182/171 3023/254/149 37/209/148 15/183/172
f 80/10/10 125/255/207 130/174/75 77/11/11
f 104/256/63 61/151/144 64/244/222 107/257/230
f 3012/258/231 3018/195/184 24/197/186 13/208/194
f 160/259/232 156/167/160 155/7/7 159/260/233
f 97/113/110 136/138/131 135/143/136 98/207/193
f 117/165/158 88/152/145 87/27/27 118/217/199
f 184/109/106 188/193/182 189/261/234 185/227/208
f 145/72/72 153/90/89 154/6/6 146/5/5
f 113/203/190 86/26/26 85/95/94 114/164/157
f 3009/14/14 3012/258/231 13/208/194 14/15/15
f 190/228/209 197/262/235 196/236/216 191/110/107
f 29/58/58 167/219/201 166/263/104 30/59/59
f 164/264/236 173/215/198 178/214/197 159/260/233
f 47/114/111 55/25/25 54/28/28 50/44/44
f 52/166/159 92/127/124 81/67/67 60/40/40
f 112/146/139 65/145/138 68/205/191 115/204/189
f 72/36/36 123/35/35 126/265/205 79/245/85
f 93/69/69 43/21/21 46/24/24 96/34/34
f 160/259/232 177/243/221 36/242/220 19/266/237
f 45/32/32 57/93/92 56/96/95 48/206/192
f 2992/80/80 3006/253/229 28/220/202 21/81/81
f 86/26/26 113/203/190 118/217/199 87/27/27
f 82/66/66 105/65/65 110/169/162 83/231/211
f 22/218/200 6/267/238 145/72/72 158/71/71
f 6/267/238 5/56/56 153/90/89 145/72/72
f 144/132/127 169/268/239 34/269/240 9/133/128
f 3039/270/241 3035/271/242 6/267/238 22/218/200
f 3071/272/243 3067/273/178 624/274/181 625/275/244
f 99/42/42 49/41/41 13/208/194 24/197/186
f 142/181/170 165/276/245 170/277/246 143/278/247
f 140/128/125 99/42/42 24/197/186 39/129/126
f 132/77/77 95/33/33 98/207/193 135/143/136
f 69/83/83 74/123/120 16/126/123 15/183/172
f 3073/279/248 3065/280/249 623/281/250 626/282/251
f 78/173/163 65/145/138 66/12/12 77/11/11
f 3026/283/141 40/130/122 39/129/126 3027/196/185
f 31/284/252 175/285/253 174/286/254 32/287/255
f 122/210/195 127/211/196 126/224/205 123/288/35
f 157/73/73 146/5/5 148/8/8 162/289/256
f 59/22/22 82/66/66 83/231/211 58/23/23
f 156/167/160 160/259/232 19/266/237 12/168/161
f 3022/153/146 3020/13/13 20/16/16 38/154/147
f 154/6/6 164/264/236 159/260/233 155/7/7
f 18/55/55 32/287/255 174/286/254 163/89/88
f 65/145/138 78/173/163 75/229/210 68/205/191
f 128/225/206 131/76/76 130/75/75 125/226/207
f 31/290/252 8/48/48 150/180/169 175/291/253
f 128/225/206 93/69/69 96/34/34 131/76/76
f 108/292/173 63/9/9 66/12/12 111/147/140
f 3061/177/166 3071/272/243 625/275/244 622/178/167
f 4/82/82 21/81/81 263/293/257 261/248/225
f 53/74/74 88/152/145 20/16/16 14/15/15
f 168/294/258 157/73/73 162/289/256 171/295/259
f 3065/280/249 3059/199/187 621/200/188 623/281/250
f 78/173/163 129/172/78 134/230/137 75/229/210
f 136/138/131 139/139/132 138/198/153 133/296/152
f 120/297/84 37/155/148 38/154/147 117/165/158
f 112/171/139 115/201/189 114/164/157 109/163/156
f 172/161/154 33/162/155 34/298/240 169/299/239
f 168/294/258 171/295/259 170/300/246 165/301/245
f 104/63/63 107/302/230 106/68/68 101/64/64
f 86/26/26 55/25/25 56/96/95 85/95/94
f 76/157/150 67/2/2 68/205/191 75/229/210
f 2993/120/117 2989/79/79 4/82/82 2/121/118
f 41/247/224 51/303/260 52/166/159 42/92/91
f 55/25/25 47/114/111 48/206/192 56/96/95
f 122/210/195 123/288/35 124/304/38 121/305/261
f 51/303/260 91/175/164 92/127/124 52/166/159
f 47/114/111 97/113/110 98/207/193 48/206/192
f 134/144/137 135/143/136 136/138/131 133/296/152
f 118/217/199 119/216/4 120/297/84 117/165/158
f 106/68/68 107/302/230 108/184/173 105/65/65
f 147/116/113 161/115/112 162/289/256 148/8/8
f 137/124/121 74/123/120 73/158/151 138/160/153
f 125/255/207 80/10/10 79/245/85 126/265/205
f 89/91/90 122/210/195 121/305/261 90/246/223
f 61/151/144 104/256/63 103/306/62 62/150/143
f 63/9/9 108/292/173 107/257/230 64/244/222
f 99/42/42 140/128/125 139/139/132 100/43/43
f 95/33/33 132/77/77 131/76/76 96/34/34
f 109/163/156 84/94/93 83/231/211 110/169/162
f 93/69/69 128/225/206 127/211/196 94/70/70
f 153/90/89 163/89/88 164/264/236 154/6/6
f 144/132/127 151/98/97 152/103/102 143/278/247
f 57/93/92 45/32/32 46/24/24 58/23/23
f 151/98/97 180/97/96 179/104/103 152/103/102
f 199/50/50 200/49/49 201/307/262 198/308/263
f 3041/309/264 31/284/252 32/287/255 3048/310/265
f 3050/190/179 3055/311/266 620/312/267 618/191/180
f 187/313/268 200/314/49 3076/315/52 3056/316/269
f 188/193/182 192/317/270 193/318/271 189/261/234
f 3044/54/54 3048/310/265 32/287/255 18/55/55
f 3055/311/266 3077/319/272 627/320/273 620/312/267
f 199/50/50 192/317/270 3064/321/274 3074/51/51
f 3077/322/272 3073/279/248 626/282/251 627/323/273
f 170/300/246 171/295/259 172/161/154 169/299/239
f 157/73/73 168/294/258 167/219/201 158/71/71
f 149/102/101 176/101/100 175/291/253 150/180/169
f 174/286/254 175/285/253 176/212/100 173/215/198
f 173/215/198 164/264/236 163/89/88 174/286/254
f 165/276/245 142/181/170 141/107/105 166/106/104
f 166/263/104 167/219/201 168/294/258 165/301/245
f 178/214/197 179/213/103 180/240/96 177/243/221
f 169/268/239 144/132/127 143/278/247 170/277/246
f 161/115/112 172/161/154 171/295/259 162/289/256
f 656/324/275 234/325/276 237/326/277 657/327/278
f 666/328/279 254/329/280 257/330/281 667/331/282
f 206/332/283 232/333/284 231/334/285 207/335/286
f 243/336/287 213/337/288 212/338/289 244/339/290
f 222/340/291 650/341/292 661/342/293 245/343/294
f 220/344/295 234/325/276 656/324/275 628/345/296
f 650/341/292 222/340/291 225/346/297 651/347/298
f 229/348/299 653/349/300 652/350/301 226/351/302
f 245/343/294 661/342/293 660/352/303 242/353/304
f 253/354/305 665/355/306 664/356/307 250/357/308
f 229/348/299 238/358/309 658/359/310 653/349/300
f 225/360/297 230/361/311 654/362/312 651/363/298
f 221/364/313 252/365/314 216/366/315 181/367/316
f 231/334/285 224/368/317 202/369/318 207/335/286
f 255/370/319 232/333/284 206/332/283 219/371/320
f 235/372/321 221/364/313 181/367/316 209/373/322
f 239/374/323 228/375/324 204/376/325 211/377/326
f 247/378/327 240/379/328 210/380/329 215/381/330
f 662/382/331 246/383/332 249/384/333 663/385/334
f 149/102/101 142/181/170 143/278/247 152/103/102
f 3041/386/264 3029/45/45 8/48/48 31/290/252
f 3035/271/242 3038/53/53 5/56/56 6/267/238
f 3045/57/57 3039/270/241 22/218/200 29/58/58
f 195/237/217 196/236/216 197/262/235 194/387/335
f 192/317/270 188/193/182 3058/194/183 3064/321/274
f 191/110/107 196/236/216 3070/239/219 3062/111/108
f 194/388/335 183/389/336 182/390/337 195/391/217
f 195/391/217 182/390/337 3049/392/338 3068/393/218
f 187/313/268 182/390/337 183/389/336 186/394/339
f 177/243/221 160/259/232 159/260/233 178/214/197
f 235/372/321 209/373/322 208/395/340 236/396/341
f 237/326/277 226/351/302 652/350/301 657/327/278
f 257/330/281 250/357/308 664/356/307 667/331/282
f 202/397/318 224/398/317 223/399/342 203/400/343
f 249/384/333 242/353/304 660/352/303 663/385/334
f 254/329/280 666/328/279 655/401/344 233/402/345
f 218/403/346 256/404/347 255/370/319 219/371/320
f 246/383/332 662/382/331 659/405/348 241/406/349
f 214/407/350 248/408/351 247/378/327 215/381/330
f 210/380/329 240/379/328 239/374/323 211/377/326
f 227/409/352 236/396/341 208/395/340 205/410/353
f 251/411/354 256/404/347 218/403/346 217/412/355
f 243/336/287 248/408/351 214/407/350 213/337/288
f 223/399/342 244/339/290 212/338/289 203/400/343
f 233/402/345 655/401/344 654/362/312 230/361/311
f 241/406/349 659/405/348 658/359/310 238/358/309
f 251/411/354 217/412/355 216/366/315 252/365/314
f 204/376/325 228/375/324 227/409/352 205/410/353
f 3482/413/356 3483/414/357 237/326/358 234/325/359
f 3484/415/360 3485/416/361 229/348/362 226/351/363
f 3486/417/364 3487/418/365 253/354/366 250/357/367
f 3488/419/368 3489/420/369 225/346/370 222/340/371
f 3490/421/372 3491/422/373 245/343/374 242/353/375
f 3492/423/376 3493/424/377 233/402/378 230/361/379
f 3494/425/380 3495/426/381 257/330/382 254/329/383
f 3496/427/384 3497/428/385 241/406/386 238/358/387
f 3498/429/388 3499/430/389 249/384/390 246/383/391
f 3492/423/376 3489/431/369 224/368/392 231/334/393
f 3488/419/368 3491/422/373 244/339/394 223/399/395
f 3496/427/384 3485/416/361 228/375/396 239/374/397
f 3484/415/360 3483/414/357 236/396/398 227/409/399
f 3494/425/380 3493/424/377 232/333/400 255/370/401
f 3482/413/356 3500/432/402 221/364/403 235/372/404
f 3498/429/388 3497/428/385 240/379/405 247/378/406
f 3490/421/372 3499/430/389 248/408/407 243/336/408
f 3486/417/364 3495/426/381 256/404/409 251/411/410
f 3487/418/365 3500/432/402 220/344/411 253/354/366
f 220/344/295 628/345/296 665/355/306 253/354/305
f 2869/433/412 2872/434/413 339/435/414 326/436/415
f 2816/437/416 2817/438/417 2777/439/418 423/440/419
f 2909/441/420 2905/442/421 268/443/422 292/444/423
f 2881/445/424 2869/433/412 326/436/415 318/446/425
f 21/81/81 28/220/202 267/223/204 263/293/257
f 186/394/339 201/447/262 200/314/49 187/313/268
f 2921/448/426 2915/449/427 309/450/428 316/451/429
f 198/308/263 193/318/271 192/317/270 199/50/50
f 2818/452/430 2819/453/431 425/454/432 430/455/433
f 2905/442/421 2908/456/434 301/457/435 268/443/422
f 1/18/18 25/31/31 264/458/436 258/19/19
f 17/122/119 2/121/118 259/249/226 262/250/227
f 27/142/135 3/17/17 260/20/20 266/459/203
f 25/136/31 26/135/130 265/251/228 264/460/436
f 2800/461/437 2803/462/438 371/463/439 368/464/440
f 375/465/441 367/466/442 302/467/443 334/468/444
f 2799/469/445 2800/470/437 368/471/440 361/472/446
f 2876/473/447 2878/474/448 291/475/449 347/476/450
f 2865/477/451 2868/478/452 315/479/453 278/480/454
f 2819/453/431 2820/481/455 429/482/456 425/454/432
f 2896/483/457 2898/484/458 285/234/214 341/485/459
f 2901/486/460 2889/487/461 324/488/462 316/451/429
f 2798/489/463 2799/469/445 361/472/446 362/490/464
f 2889/487/461 2892/491/465 333/492/466 324/488/462
f 2893/493/467 2896/494/457 341/495/459 292/444/423
f 2845/496/468 2848/497/469 314/498/470 279/499/471
f 431/500/472 424/501/473 428/502/474 2775/503/475
f 2821/504/476 2815/505/477 426/506/478 2782/507/479
f 2873/508/480 2876/509/447 347/510/450 294/511/481
f 2786/512/482 2791/513/483 362/490/464 361/472/446
f 2828/514/484 2841/515/485 322/516/486 311/517/487
f 2885/518/488 2888/519/489 309/520/428 276/235/215
f 2804/521/490 2802/522/491 374/523/492 373/524/493
f 2829/525/494 2832/526/495 335/527/496 330/528/497
f 330/528/497 335/527/496 336/529/498 329/530/499
f 2849/531/500 2852/532/501 338/533/502 327/534/503
f 2929/535/504 2932/536/505 337/537/506 328/538/507
f 2787/539/508 2788/540/509 373/524/493 374/523/492
f 2832/526/495 2840/541/510 303/542/511 335/527/496
f 2932/536/505 2940/543/512 305/544/513 337/537/506
f 2872/434/413 2880/545/514 307/546/515 339/435/414
f 372/547/516 375/465/441 334/468/444 331/548/517
f 2941/549/518 2929/535/504 328/538/507 320/550/519
f 322/516/486 330/528/497 329/530/499 321/551/520
f 2785/552/521 2786/512/482 361/472/446 368/471/440
f 2790/553/522 2794/554/523 359/555/524 365/556/525
f 2838/557/526 2825/558/527 282/559/528 287/560/529
f 2858/561/530 2845/496/468 279/499/471 290/562/531
f 2898/484/458 2885/518/488 276/235/215 285/234/214
f 367/466/442 358/563/532 275/564/533 302/467/443
f 2863/565/534 2853/566/535 295/567/536 271/568/537
f 2943/569/538 2933/570/539 296/571/540 272/572/541
f 2794/554/523 2792/573/542 366/574/543 359/555/524
f 2793/575/544 2785/576/521 368/464/440 371/463/439
f 2938/577/545 2925/578/546 280/579/547 289/580/548
f 2878/474/448 2865/477/451 278/480/454 291/475/449
f 360/581/549 369/582/550 310/583/551 283/584/552
f 2843/585/553 2833/586/554 298/587/555 274/588/556
f 2883/589/557 2873/508/480 294/511/481 270/590/558
f 274/588/556 298/587/555 297/591/559 273/592/560
f 2789/593/561 2790/553/522 365/556/525 376/594/562
f 2811/595/563 2814/596/564 355/597/565 351/598/566
f 335/527/496 303/542/511 304/599/567 336/529/498
f 2852/532/501 2860/600/568 306/601/569 338/533/502
f 2892/491/465 2900/602/570 301/457/435 333/492/466
f 2803/462/438 2804/521/490 373/524/493 371/463/439
f 2861/603/571 2849/531/500 327/534/503 319/604/572
f 2841/515/485 2829/525/494 330/528/497 322/516/486
f 2791/513/483 2789/605/561 376/606/562 362/490/464
f 2806/607/573 2811/595/563 351/598/566 350/608/574
f 2856/609/575 2858/561/530 290/562/531 346/610/576
f 2936/611/577 2938/577/545 289/580/548 345/612/578
f 343/613/579 287/560/529 288/614/580 344/615/581
f 2836/616/582 2838/557/526 287/560/529 343/613/579
f 364/617/583 377/618/584 342/619/585 299/620/586
f 377/621/584 363/622/587 286/623/588 342/624/585
f 2814/596/564 2809/625/589 357/626/590 355/597/565
f 370/627/591 372/547/516 331/548/517 323/628/592
f 2823/629/593 2818/452/430 430/455/433 2780/630/594
f 2824/631/595 2821/632/476 2782/633/479 2783/634/596
f 2920/635/597 2923/636/598 324/488/462 333/492/466
f 2914/233/213 2918/637/599 341/485/459 285/234/214
f 2908/456/434 2920/635/597 333/492/466 301/457/435
f 2809/625/589 2807/638/600 352/639/601 357/626/590
f 2822/640/602 2824/631/595 2783/634/596 2776/641/603
f 2820/481/455 2822/640/602 2776/641/603 429/482/456
f 2817/642/417 2823/629/593 2780/630/594 2777/643/418
f 2918/644/599 2909/441/420 292/444/423 341/495/459
f 2779/645/604 2784/646/605 2781/647/606 2778/648/607
f 2779/649/604 431/650/472 2775/651/475 2784/652/605
f 422/653/608 2778/654/607 2781/655/606 427/656/609
f 2848/657/469 2861/603/571 319/604/572 314/658/470
f 2888/659/489 2901/486/460 316/451/429 309/450/428
f 2923/636/598 2921/448/426 316/451/429 324/488/462
f 2801/660/610 2798/489/463 362/490/464 376/606/562
f 363/622/587 360/581/549 283/584/552 286/623/588
f 2825/558/527 2828/661/484 311/662/487 282/559/528
f 2925/578/546 2928/663/611 313/664/612 280/579/547
f 282/559/528 311/662/487 312/665/613 281/666/614
f 2808/667/615 2806/607/573 350/608/574 356/668/616
f 2807/638/600 2812/669/617 353/670/618 352/639/601
f 2853/566/535 2856/671/575 346/672/576 295/567/536
f 2933/570/539 2936/673/577 345/674/578 296/571/540
f 298/587/555 343/675/579 344/676/581 297/591/559
f 2833/586/554 2836/677/582 343/675/579 298/587/555
f 2797/678/619 2801/679/610 376/594/562 365/556/525
f 2802/522/491 2795/680/620 366/574/543 374/523/492
f 2915/681/427 2911/232/212 276/235/215 309/520/428
f 2860/600/568 2863/565/534 271/568/537 306/601/569
f 2900/602/570 2903/682/621 268/443/422 301/457/435
f 369/683/550 370/627/591 323/628/592 310/684/551
f 2840/541/510 2843/585/553 274/588/556 303/542/511
f 2880/545/514 2883/589/557 270/590/558 307/546/515
f 2940/543/512 2943/569/538 272/572/541 305/544/513
f 303/542/511 274/588/556 273/592/560 304/599/567
f 2795/680/620 2796/685/622 359/555/524 366/574/543
f 2796/685/622 2797/678/619 365/556/525 359/555/524
f 2903/682/621 2893/493/467 292/444/423 268/443/422
f 2813/686/623 2805/687/624 348/688/625 354/689/626
f 2792/573/542 2787/539/508 374/523/492 366/574/543
f 358/563/532 364/617/583 299/620/586 275/564/533
f 72/88/36 409/87/87 411/690/627 61/691/144
f 2788/540/509 2793/575/544 371/463/439 373/524/493
f 2805/687/624 2810/692/628 349/693/629 348/688/625
f 311/517/487 322/516/486 321/551/520 312/694/613
f 2868/695/452 2881/445/424 318/446/425 315/696/453
f 2810/697/628 2808/667/615 356/668/616 349/698/629
f 2812/699/617 2813/686/623 354/689/626 353/700/618
f 2928/701/611 2941/549/518 320/550/519 313/702/612
f 403/703/630 417/704/631 418/705/632 405/706/633
f 418/705/632 417/704/631 416/707/634 419/708/635
f 389/709/636 391/710/637 419/708/635 416/707/634
f 391/710/637 397/711/638 421/712/639 419/708/635
f 412/713/640 415/714/641 417/704/631 403/703/630
f 417/704/631 415/714/641 414/715/642 416/707/634
f 397/711/638 383/716/643 414/715/642 421/712/639
f 61/691/144 411/690/627 402/717/644 64/718/222
f 2948/719/645 2952/720/646 388/721/647 382/722/648
f 2956/723/649 2960/185/174 387/188/177 381/724/650
f 2970/725/651 2972/726/652 385/727/653 379/728/654
f 2977/729/655 2973/730/656 397/711/638 391/710/637
f 2957/731/175 2953/732/657 399/733/658 393/734/176
f 2986/735/659 2988/736/660 409/87/87 406/86/86
f 2976/737/661 2980/738/662 389/709/636 383/716/643
f 2964/739/663 2968/740/664 386/741/665 380/742/666
f 405/706/633 418/705/632 420/743/667 408/744/668
f 2949/745/669 2945/746/670 398/747/671 392/748/672
f 2965/749/673 2961/750/674 400/751/675 394/752/676
f 420/743/667 418/705/632 419/708/635 421/712/639
f 384/753/677 287/754/529 282/755/528 390/756/678
f 378/757/679 288/614/580 287/754/529 384/753/677
f 390/758/678 282/759/528 281/666/614 396/760/680
f 408/744/668 420/743/667 415/714/641 412/713/640
f 64/718/222 402/717/644 406/86/86 79/85/85
f 383/716/643 389/709/636 416/707/634 414/715/642
f 2973/730/656 2976/737/661 383/716/643 397/711/638
f 2945/746/670 2948/719/645 382/722/648 398/747/671
f 2953/732/657 2956/723/649 381/724/650 399/733/658
f 2961/750/674 2964/739/663 380/742/666 400/751/675
f 2969/761/681 2970/725/651 379/728/654 401/762/682
f 2988/736/660 2987/763/683 411/690/627 409/87/87
f 2971/764/684 2969/761/681 401/762/682 395/765/685
f 2968/740/664 2965/766/673 394/767/676 386/741/665
f 2972/726/652 2971/768/684 395/769/685 385/727/653
f 2983/770/686 2981/771/687 404/772/688 413/773/689
f 2985/774/690 2986/735/659 406/86/86 402/717/644
f 2980/738/662 2977/729/655 391/710/637 389/709/636
f 2952/720/646 2949/745/669 392/748/672 388/721/647
f 2987/763/683 2985/774/690 402/717/644 411/690/627
f 2981/771/687 2982/775/691 407/776/692 404/772/688
f 396/760/680 281/666/614 288/614/580 378/757/679
f 427/656/609 426/506/478 423/440/419 422/653/608
f 431/500/472 430/455/433 425/454/432 424/501/473
f 2984/777/693 2983/770/686 413/773/689 410/778/694
f 415/714/641 420/743/667 421/712/639 414/715/642
f 2982/775/691 2984/777/693 410/778/694 407/776/692
f 436/779/695 898/780/696 899/781/697 437/782/698
f 434/783/699 896/784/700 897/785/701 435/786/702
f 432/787/703 894/788/704 895/789/705 433/790/706
f 437/782/698 899/781/697 894/788/704 432/787/703
f 435/786/702 897/785/701 898/791/696 436/792/695
f 433/790/706 895/789/705 896/784/700 434/783/699
f 492/793/707 491/794/708 524/795/709 523/796/710
f 480/797/711 483/798/712 495/799/713 496/800/714
f 2696/801/715 438/802/716 462/803/717 2698/804/718
f 2714/805/719 461/806/720 476/807/721 2723/808/722
f 465/809/723 733/810/724 732/811/725 464/812/726
f 2710/813/727 453/814/728 452/815/729 2711/816/730
f 2705/817/731 451/818/732 450/819/733 2708/820/734
f 2716/821/735 457/822/736 451/818/732 2705/817/731
f 584/823/737 447/824/738 449/825/739 593/826/740
f 466/827/741 467/828/742 603/829/743 604/830/744
f 588/831/745 448/832/746 446/833/747 581/834/748
f 459/835/749 595/836/750 582/837/751 443/838/752
f 632/839/753 2748/840/754 2758/841/755 639/842/756
f 2767/843/757 625/275/244 624/274/181 2763/844/758
f 2728/845/759 444/846/760 467/847/742 2730/848/761
f 2735/849/762 459/835/749 443/838/752 2731/850/763
f 444/846/760 578/851/764 603/852/743 467/847/742
f 581/834/748 446/833/747 471/853/765 606/854/766
f 583/855/767 585/856/768 592/857/769 591/858/770
f 613/859/771 616/860/772 589/861/773 586/862/774
f 443/838/752 582/837/751 590/863/775 442/864/776
f 598/865/777 460/866/778 447/824/738 584/823/737
f 597/867/779 456/868/780 473/869/781 614/870/782
f 609/871/783 470/872/784 460/866/778 598/865/777
f 519/873/785 520/874/786 547/875/787 542/876/788
f 521/877/789 522/878/790 551/879/791 546/880/792
f 523/796/710 524/795/709 555/881/793 550/882/794
f 525/883/795 457/822/736 475/884/796 554/885/797
f 2688/886/798 458/887/799 465/809/723 2702/888/800
f 479/889/801 481/890/802 497/891/803 489/892/804
f 482/893/805 485/894/806 493/895/807 494/896/808
f 484/897/809 487/898/810 491/794/708 492/793/707
f 486/899/811 450/819/733 451/818/732 490/900/812
f 489/892/804 497/891/803 518/901/813 529/902/814
f 2693/903/815 440/904/816 438/802/716 2696/801/715
f 549/905/817 552/906/818 505/907/819 502/908/820
f 553/909/821 556/910/822 507/911/823 504/912/824
f 557/913/825 474/914/826 452/815/729 506/915/827
f 509/916/828 516/917/829 563/918/830 560/919/831
f 2689/920/832 439/921/833 441/922/834 2685/923/835
f 530/924/836 533/925/837 483/798/712 480/797/711
f 532/926/838 535/927/839 485/894/806 482/893/805
f 534/928/840 537/929/841 487/898/810 484/897/809
f 536/930/842 461/806/720 450/819/733 486/899/811
f 559/931/843 564/932/844 531/933/845 526/934/846
f 579/935/847 580/936/848 607/937/849 602/938/850
f 2703/939/851 2698/940/718 462/941/717 463/942/852
f 577/943/853 476/807/721 461/806/720 536/930/842
f 573/944/854 576/945/855 537/929/841 534/928/840
f 569/946/856 572/947/857 535/927/839 532/926/838
f 2703/939/851 463/942/852 454/948/858 2691/949/859
f 2699/950/860 464/951/726 440/904/816 2693/903/815
f 506/915/827 452/815/729 453/814/728 511/952/861
f 504/912/824 507/911/823 510/953/862 513/954/863
f 502/908/820 505/907/819 512/955/864 515/956/865
f 500/957/866 503/958/867 514/959/868 517/960/869
f 2722/961/870 477/962/871 453/814/728 2710/813/727
f 591/858/770 592/857/769 596/963/872 601/964/873
f 455/965/874 600/966/875 611/967/876 469/968/877
f 466/827/741 604/830/744 595/836/750 459/835/749
f 545/969/878 548/970/879 503/958/867 500/957/866
f 445/971/880 587/972/881 578/851/764 444/846/760
f 601/964/873 596/963/872 615/973/882 610/974/883
f 2718/975/884 475/884/796 457/822/736 2716/821/735
f 565/976/885 568/977/886 533/925/837 530/924/836
f 516/978/829 509/979/828 875/980/887 872/981/888
f 441/922/834 727/982/889 729/983/890 458/887/799
f 2749/984/891 619/179/168 622/178/167 2757/985/892
f 2708/820/734 450/819/733 461/806/720 2714/805/719
f 593/826/740 449/825/739 456/868/780 597/867/779
f 2757/985/892 622/178/167 625/275/244 2767/843/757
f 442/864/776 590/863/775 600/966/875 455/965/874
f 605/986/893 608/987/894 599/988/895 594/989/896
f 2691/949/859 454/948/858 439/921/833 2689/920/832
f 541/990/897 544/991/898 501/992/899 498/993/900
f 496/800/714 495/799/713 520/874/786 519/873/785
f 490/900/812 451/818/732 457/822/736 525/883/795
f 494/896/808 493/895/807 522/878/790 521/877/789
f 526/934/846 531/933/845 481/890/802 479/889/801
f 515/956/865 512/955/864 571/994/901 566/995/902
f 511/952/861 453/814/728 477/962/871 574/996/903
f 517/960/869 514/959/868 567/997/904 562/998/905
f 529/902/814 518/901/813 543/999/906 538/1000/907
f 2711/816/730 452/815/729 474/914/826 2719/1001/908
f 594/989/896 599/988/895 585/856/768 583/855/767
f 2761/1002/909 623/281/250 621/200/188 2755/1003/910
f 617/1004/911 472/1005/912 448/832/746 588/831/745
f 468/1006/913 612/1007/914 587/972/881 445/971/880
f 513/954/863 510/953/862 575/1008/915 570/1009/916
f 463/942/852 731/1010/917 728/1011/918 454/948/858
f 2769/1012/919 626/282/251 623/281/250 2761/1002/909
f 565/976/885 562/1013/905 567/1014/904 568/977/886
f 577/943/853 574/1015/903 477/1016/871 476/807/721
f 573/944/854 570/1017/916 575/1018/915 576/945/855
f 569/946/856 566/1019/902 571/1020/901 572/947/857
f 2699/1021/860 2702/888/800 465/809/723 464/812/726
f 559/931/843 560/1022/831 563/1023/830 564/932/844
f 557/1024/825 554/885/797 475/884/796 474/1025/826
f 553/1026/821 550/882/794 555/881/793 556/1027/822
f 549/1028/817 546/880/792 551/879/791 552/1029/818
f 545/1030/878 542/876/788 547/875/787 548/1031/879
f 617/1032/911 614/870/782 473/869/781 472/1033/912
f 468/1034/913 469/968/877 611/967/876 612/1035/914
f 609/871/783 606/1036/766 471/1037/765 470/872/784
f 613/1038/771 610/974/883 615/973/882 616/1039/772
f 605/986/893 602/1040/850 607/1041/849 608/987/894
f 2718/975/884 2719/1042/908 474/1025/826 475/884/796
f 439/921/833 725/1043/920 727/982/889 441/922/834
f 2722/1044/870 2723/808/722 476/807/721 477/1016/871
f 541/1045/897 538/1000/907 543/999/906 544/1046/898
f 519/873/785 518/901/813 497/891/803 496/800/714
f 521/877/789 520/874/786 495/799/713 494/896/808
f 523/796/710 522/878/790 493/895/807 492/793/707
f 525/883/795 524/795/709 491/794/708 490/900/812
f 527/1047/921 526/934/846 479/889/801 478/1048/922
f 499/1049/923 498/993/900 509/916/828 508/1050/924
f 517/960/869 516/917/829 501/992/899 500/957/866
f 515/956/865 514/959/868 503/958/867 502/908/820
f 513/954/863 512/955/864 505/907/819 504/912/824
f 511/952/861 510/953/862 507/911/823 506/915/827
f 478/1048/922 479/889/801 489/892/804 488/1051/925
f 496/800/714 497/891/803 481/890/802 480/797/711
f 494/896/808 495/799/713 483/798/712 482/893/805
f 492/793/707 493/895/807 485/894/806 484/897/809
f 490/900/812 491/794/708 487/898/810 486/899/811
f 488/1051/925 489/892/804 529/902/814 528/1052/926
f 480/797/711 481/890/802 531/933/845 530/924/836
f 482/893/805 483/798/712 533/925/837 532/926/838
f 484/897/809 485/894/806 535/927/839 534/928/840
f 486/899/811 487/898/810 537/929/841 536/930/842
f 559/931/843 558/1053/927 561/1054/928 560/1022/831
f 575/1018/915 574/1015/903 577/943/853 576/945/855
f 571/1020/901 570/1017/916 573/944/854 572/947/857
f 567/1014/904 566/1019/902 569/946/856 568/977/886
f 563/1023/830 562/1013/905 565/976/885 564/932/844
f 555/881/793 554/885/797 557/1024/825 556/1027/822
f 551/879/791 550/882/794 553/1026/821 552/1029/818
f 547/875/787 546/880/792 549/1028/817 548/1031/879
f 543/999/906 542/876/788 545/1030/878 544/1046/898
f 539/1055/929 538/1000/907 541/1045/897 540/1056/930
f 498/993/900 499/1049/923 540/1057/930 541/990/897
f 538/1000/907 539/1055/929 528/1052/926 529/902/814
f 560/919/831 561/1058/928 508/1050/924 509/916/828
f 526/934/846 527/1047/921 558/1053/927 559/931/843
f 500/957/866 501/992/899 544/991/898 545/969/878
f 542/876/788 543/999/906 518/901/813 519/873/785
f 502/908/820 503/958/867 548/970/879 549/905/817
f 546/880/792 547/875/787 520/874/786 521/877/789
f 504/912/824 505/907/819 552/906/818 553/909/821
f 550/882/794 551/879/791 522/878/790 523/796/710
f 506/915/827 507/911/823 556/910/822 557/913/825
f 554/885/797 555/881/793 524/795/709 525/883/795
f 562/998/905 563/918/830 516/917/829 517/960/869
f 530/924/836 531/933/845 564/932/844 565/976/885
f 566/995/902 567/997/904 514/959/868 515/956/865
f 532/926/838 533/925/837 568/977/886 569/946/856
f 570/1009/916 571/994/901 512/955/864 513/954/863
f 534/928/840 535/927/839 572/947/857 573/944/854
f 574/996/903 575/1008/915 510/953/862 511/952/861
f 536/930/842 537/929/841 576/945/855 577/943/853
f 2685/923/835 441/922/834 458/887/799 2688/886/798
f 587/972/881 586/862/774 579/935/847 578/851/764
f 581/834/748 580/936/848 589/861/773 588/831/745
f 595/836/750 594/989/896 583/855/767 582/837/751
f 582/837/751 583/855/767 591/858/770 590/863/775
f 593/826/740 592/857/769 585/856/768 584/823/737
f 597/867/779 596/963/872 592/857/769 593/826/740
f 584/823/737 585/856/768 599/988/895 598/865/777
f 590/863/775 591/858/770 601/964/873 600/966/875
f 615/973/882 614/870/782 617/1032/911 616/1039/772
f 611/967/876 610/974/883 613/1038/771 612/1035/914
f 607/1041/849 606/1036/766 609/871/783 608/987/894
f 603/829/743 602/1040/850 605/986/893 604/830/744
f 602/938/850 603/852/743 578/851/764 579/935/847
f 594/989/896 595/836/750 604/830/744 605/986/893
f 586/862/774 587/972/881 612/1007/914 613/859/771
f 610/974/883 611/967/876 600/966/875 601/964/873
f 606/854/766 607/937/849 580/936/848 581/834/748
f 598/865/777 599/988/895 608/987/894 609/871/783
f 588/831/745 589/861/773 616/860/772 617/1004/911
f 614/870/782 615/973/882 596/963/872 597/867/779
f 586/862/774 589/861/773 580/936/848 579/935/847
f 2725/1059/931 445/971/880 444/846/760 2728/845/759
f 2737/1060/932 2744/1061/933 469/968/877 468/1034/913
f 2731/850/763 443/838/752 442/864/776 2734/1062/934
f 2741/1063/935 2730/1064/761 467/828/742 466/827/741
f 2740/1065/936 455/965/874 469/968/877 2744/1061/933
f 2737/1066/932 468/1006/913 445/971/880 2725/1059/931
f 2755/1003/910 621/200/188 619/179/168 2749/984/891
f 2773/1067/937 627/323/273 626/282/251 2769/1012/919
f 2741/1063/935 466/827/741 459/835/749 2735/849/762
f 2734/1062/934 442/864/776 455/965/874 2740/1065/936
f 636/1068/938 2754/1069/939 2748/840/754 632/839/753
f 639/842/756 2758/841/755 2766/1070/940 644/1071/941
f 644/1071/941 2766/1070/940 2764/1072/942 643/1073/943
f 2751/1074/944 620/312/267 627/320/273 2773/1075/937
f 647/1076/945 2770/1077/946 2760/1078/947 640/1079/948
f 2746/1080/949 618/191/180 620/312/267 2751/1074/944
f 640/1079/948 2760/1078/947 2754/1069/939 636/1068/938
f 643/1081/943 2764/1082/942 2745/1083/950 630/1084/951
f 635/1085/952 2752/1086/953 2772/1087/954 648/1088/955
f 648/1089/955 2772/1090/954 2770/1077/946 647/1076/945
f 656/324/275 657/327/278 703/1091/277 700/1092/276
f 666/328/279 667/331/282 723/1093/281 720/1094/280
f 672/1095/956 673/1096/957 697/1097/958 698/1098/959
f 709/1099/960 710/1100/961 678/1101/962 679/1102/963
f 688/1103/291 711/1104/294 661/342/293 650/341/292
f 686/1105/295 628/345/296 656/324/275 700/1092/276
f 650/341/292 651/347/298 691/1106/297 688/1103/291
f 695/1107/299 692/1108/302 652/350/301 653/349/300
f 711/1104/294 708/1109/304 660/352/303 661/342/293
f 719/1110/305 716/1111/308 664/356/307 665/355/306
f 695/1107/299 653/349/300 658/359/310 704/1112/309
f 691/1113/297 651/363/298 654/362/312 696/1114/311
f 687/1115/964 629/1116/965 682/1117/966 718/1118/967
f 697/1097/958 673/1096/957 668/1119/968 690/1120/969
f 721/1121/970 685/1122/971 672/1095/956 698/1098/959
f 701/1123/972 675/1124/973 629/1116/965 687/1115/964
f 705/1125/974 677/1126/975 670/1127/976 694/1128/977
f 713/1129/978 681/1130/979 676/1131/980 706/1132/981
f 662/382/331 663/385/334 715/1133/333 712/1134/332
f 635/1085/952 634/1135/982 631/1136/983 630/1084/951
f 639/842/756 638/1137/984 633/1138/985 632/839/753
f 632/839/753 633/1138/985 637/1139/986 636/1068/938
f 636/1068/938 637/1139/986 641/1140/987 640/1079/948
f 647/1076/945 646/1141/988 649/1142/989 648/1089/955
f 643/1073/943 642/1143/990 645/1144/991 644/1071/941
f 642/1145/990 643/1081/943 630/1084/951 631/1136/983
f 634/1135/982 635/1085/952 648/1088/955 649/1146/989
f 638/1137/984 639/842/756 644/1071/941 645/1144/991
f 646/1141/988 647/1076/945 640/1079/948 641/1140/987
f 2763/1147/758 624/192/181 618/191/180 2746/1080/949
f 701/1123/972 702/1148/992 674/1149/993 675/1124/973
f 703/1091/277 657/327/278 652/350/301 692/1108/302
f 723/1093/281 667/331/282 664/356/307 716/1111/308
f 668/1150/968 669/1151/994 689/1152/995 690/1153/969
f 715/1133/333 663/385/334 660/352/303 708/1109/304
f 720/1094/280 699/1154/345 655/401/344 666/328/279
f 684/1155/996 685/1122/971 721/1121/970 722/1156/997
f 712/1134/332 707/1157/349 659/405/348 662/382/331
f 680/1158/998 681/1130/979 713/1129/978 714/1159/999
f 676/1131/980 677/1126/975 705/1125/974 706/1132/981
f 693/1160/1000 671/1161/1001 674/1149/993 702/1148/992
f 717/1162/1002 683/1163/1003 684/1155/996 722/1156/997
f 709/1099/960 679/1102/963 680/1158/998 714/1159/999
f 689/1152/995 669/1151/994 678/1101/962 710/1100/961
f 699/1154/345 696/1114/311 654/362/312 655/401/344
f 707/1157/349 704/1112/309 658/359/310 659/405/348
f 717/1162/1002 718/1118/967 682/1117/966 683/1163/1003
f 670/1127/976 671/1161/1001 693/1160/1000 694/1128/977
f 3463/1164/1004 700/1092/1005 703/1091/1006 3464/1165/1007
f 3465/1166/1008 692/1108/1009 695/1107/1010 3466/1167/1011
f 3467/1168/1012 716/1111/1013 719/1110/1014 3468/1169/1015
f 3469/1170/1016 688/1103/1017 691/1106/1018 3470/1171/1019
f 3471/1172/1020 708/1109/1021 711/1104/1022 3472/1173/1023
f 3473/1174/1024 696/1114/1025 699/1154/1026 3474/1175/1027
f 3475/1176/1028 720/1094/1029 723/1093/1030 3476/1177/1031
f 3477/1178/1032 704/1112/1033 707/1157/1034 3478/1179/1035
f 3479/1180/1036 712/1134/1037 715/1133/1038 3480/1181/1039
f 3473/1174/1024 697/1097/1040 690/1120/1041 3470/1182/1019
f 3469/1170/1016 689/1152/1042 710/1100/1043 3472/1173/1023
f 3477/1178/1032 705/1125/1044 694/1128/1045 3466/1167/1011
f 3465/1166/1008 693/1160/1046 702/1148/1047 3464/1165/1007
f 3475/1176/1028 721/1121/1048 698/1098/1049 3474/1175/1027
f 3463/1164/1004 701/1123/1050 687/1115/1051 3481/1183/1052
f 3479/1180/1036 713/1129/1053 706/1132/1054 3478/1179/1035
f 3471/1172/1020 709/1099/1055 714/1159/1056 3480/1181/1039
f 3467/1168/1012 717/1162/1057 722/1156/1058 3476/1177/1031
f 3468/1169/1015 719/1110/1014 686/1105/1059 3481/1183/1052
f 686/1105/295 719/1110/305 665/355/306 628/345/296
f 2617/1184/1060 782/1185/1061 775/1186/1062 2611/1187/1063
f 2607/1188/1064 742/1189/1065 751/1190/1066 2610/1191/1067
f 2601/1192/1068 734/1193/1069 767/1194/1070 2604/1195/1071
f 2514/1196/1072 2469/1197/1073 2464/1198/1074 2515/1199/1075
f 458/887/799 729/983/890 733/810/724 465/809/723
f 440/904/816 726/1200/1076 724/1201/1077 438/802/716
f 438/802/716 724/1201/1077 730/1202/1078 462/803/717
f 454/948/858 728/1011/918 725/1043/920 439/921/833
f 464/951/726 732/1203/725 726/1200/1076 440/904/816
f 462/941/717 730/1204/1078 731/1010/917 463/942/852
f 2515/1199/1075 2464/1198/1074 2468/1205/1079 2516/1206/1080
f 2512/1207/1081 2462/1208/1082 2473/1209/1083 2513/1210/1084
f 2519/1211/1085 2476/1212/1086 2469/1197/1073 2514/1196/1072
f 2520/1213/1087 2479/1214/1088 2478/1215/1089 2517/1216/1090
f 2616/1217/1091 799/1218/1092 790/1219/1093 2619/1220/1094
f 2604/1195/1071 767/1194/1070 799/1218/1092 2616/1217/1091
f 2610/1191/1067 751/1190/1066 807/1221/1095 2614/1222/1096
f 2517/1223/1090 2478/1224/1089 2465/1225/1097 2511/1226/1098
f 2611/1227/1063 775/1228/1062 742/1189/1065 2607/1188/1064
f 2461/1229/1099 2466/1230/1099 2477/1231/1100 2474/1232/1100
f 2475/1233/1101 2480/1234/1102 2471/1235/1103 2470/1236/1104
f 2475/1237/1101 2474/1238/1100 2477/1239/1100 2480/1240/1102
f 2614/1241/1096 807/1242/1095 758/1243/1105 2605/1244/1106
f 2513/1245/1084 2473/1246/1083 2476/1212/1086 2519/1211/1085
f 2516/1206/1080 2468/1205/1079 2472/1247/1107 2518/1248/1108
f 2470/1249/1104 2471/1250/1103 2467/1251/1109 2463/1252/1110
f 2605/1244/1106 758/1243/1105 734/1193/1069 2601/1192/1068
f 2619/1220/1094 790/1219/1093 782/1185/1061 2617/1184/1060
f 2497/1253/1111 842/1254/1112 828/1255/1113 2494/1256/1114
f 829/1257/1115 752/1258/1116 749/1259/1117 826/1260/1118
f 2521/1261/1119 748/1262/1120 777/1263/1121 2524/1264/1122
f 748/1262/1120 747/1265/1123 778/1266/1124 777/1263/1121
f 2621/1267/1125 746/1268/1126 779/1269/1127 2624/1270/1128
f 2541/1271/1129 745/1272/1130 780/1273/1131 2544/1274/1132
f 2561/1275/1133 744/1276/1134 781/1277/1135 2564/1278/1136
f 2581/1279/1137 742/1189/1065 775/1228/1062 2584/1280/1138
f 2500/1281/1139 839/1282/1140 840/1283/1141 2498/1284/1142
f 2525/1285/1143 796/1286/1144 801/1287/1145 2528/1288/1146
f 796/1286/1144 795/1289/1147 802/1290/1148 801/1287/1145
f 2625/1291/1149 794/1292/1150 803/1293/1151 2628/1294/1152
f 2545/1295/1153 793/1296/1154 804/1297/1155 2548/1298/1156
f 2565/1299/1157 792/1300/1158 805/1301/1159 2568/1302/1160
f 2585/1303/1161 790/1219/1093 799/1218/1092 2588/1304/1162
f 2498/1284/1142 840/1283/1141 832/1305/1163 2491/1306/1164
f 2493/1307/1165 831/1308/1166 842/1309/1112 2497/1310/1111
f 2529/1311/1167 764/1312/1168 809/1313/1169 2532/1314/1170
f 764/1312/1168 763/1315/1171 810/1316/1172 809/1313/1169
f 2629/1317/1173 762/1318/1174 811/1319/1175 2632/1320/1176
f 2549/1321/1177 761/1322/1178 812/1323/1179 2552/1324/1180
f 2569/1325/1181 760/1326/1182 813/1327/1183 2572/1328/1184
f 2589/1329/1185 758/1243/1105 807/1242/1095 2592/1330/1186
f 843/1331/1187 808/1332/1188 752/1258/1116 829/1257/1115
f 830/1333/1189 765/1334/1190 808/1335/1188 843/1336/1187
f 2532/1337/1170 809/1338/1169 753/1339/1191 2534/1340/1192
f 809/1338/1169 810/1341/1172 754/1342/1193 753/1339/1191
f 2632/1343/1176 811/1344/1175 755/1345/1194 2634/1346/1195
f 2552/1347/1180 812/1348/1179 756/1349/1196 2554/1350/1197
f 2572/1351/1184 813/1352/1183 757/1353/1198 2574/1354/1199
f 2592/1355/1186 807/1221/1095 751/1190/1066 2594/1356/1200
f 841/1357/1201 800/1358/1202 768/1359/1203 833/1360/1204
f 2496/1361/1205 834/1362/1206 837/1363/1207 2499/1364/1208
f 2528/1288/1146 801/1287/1145 769/1365/1209 2536/1366/1210
f 801/1287/1145 802/1290/1148 770/1367/1211 769/1365/1209
f 2628/1294/1152 803/1293/1151 771/1368/1212 2636/1369/1213
f 2548/1298/1156 804/1297/1155 772/1370/1214 2556/1371/1215
f 2568/1302/1160 805/1301/1159 773/1372/1216 2576/1373/1217
f 2588/1304/1162 799/1218/1092 767/1194/1070 2596/1374/1218
f 838/1375/1219 797/1376/1220 800/1358/1202 841/1357/1201
f 2499/1364/1208 837/1363/1207 839/1282/1140 2500/1281/1139
f 2537/1377/1221 788/1378/1222 796/1286/1144 2525/1285/1143
f 788/1378/1222 787/1379/1223 795/1289/1147 796/1286/1144
f 2637/1380/1224 786/1381/1225 794/1292/1150 2625/1291/1149
f 2557/1382/1226 785/1383/1227 793/1296/1154 2545/1295/1153
f 2577/1384/1228 784/1385/1229 792/1300/1158 2565/1299/1157
f 2597/1386/1230 782/1185/1061 790/1219/1093 2585/1303/1161
f 2495/1387/1231 827/1388/1232 834/1389/1206 2496/1390/1205
f 2494/1256/1114 828/1255/1113 827/1388/1232 2495/1387/1231
f 2534/1340/1192 753/1339/1191 748/1262/1120 2521/1261/1119
f 2634/1346/1195 755/1345/1194 746/1268/1126 2621/1267/1125
f 2554/1350/1197 756/1349/1196 745/1272/1130 2541/1271/1129
f 2574/1354/1199 757/1353/1198 744/1276/1134 2561/1275/1133
f 2594/1356/1200 751/1190/1066 742/1189/1065 2581/1279/1137
f 826/1260/1118 749/1259/1117 776/1391/1233 835/1392/1234
f 833/1360/1204 768/1359/1203 741/1393/1235 824/1394/1236
f 2539/1395/1237 740/1396/1238 764/1312/1168 2529/1311/1167
f 740/1396/1238 739/1397/1239 763/1315/1171 764/1312/1168
f 2639/1398/1240 738/1399/1241 762/1318/1174 2629/1317/1173
f 2559/1400/1242 737/1401/1243 761/1322/1178 2549/1321/1177
f 2579/1402/1244 736/1403/1245 760/1326/1182 2569/1325/1181
f 2599/1404/1246 734/1193/1069 758/1243/1105 2589/1329/1185
f 2492/1405/1247 825/1406/1248 831/1308/1166 2493/1307/1165
f 2491/1306/1164 832/1305/1163 825/1406/1248 2492/1405/1247
f 2536/1366/1210 769/1365/1209 740/1396/1238 2539/1395/1237
f 769/1365/1209 770/1367/1211 739/1397/1239 740/1396/1238
f 2636/1369/1213 771/1368/1212 738/1399/1241 2639/1398/1240
f 2556/1371/1215 772/1370/1214 737/1401/1243 2559/1400/1242
f 2576/1373/1217 773/1372/1216 736/1403/1245 2579/1402/1244
f 2596/1374/1218 767/1194/1070 734/1193/1069 2599/1404/1246
f 835/1407/1234 776/1408/1233 789/1409/1249 836/1410/1250
f 836/1410/1250 789/1409/1249 797/1376/1220 838/1375/1219
f 2524/1411/1122 777/1412/1121 788/1378/1222 2537/1377/1221
f 777/1412/1121 778/1413/1124 787/1379/1223 788/1378/1222
f 2624/1414/1128 779/1415/1127 786/1381/1225 2637/1380/1224
f 2544/1416/1132 780/1417/1131 785/1383/1227 2557/1382/1226
f 2564/1418/1136 781/1419/1135 784/1385/1229 2577/1384/1228
f 2584/1420/1138 775/1186/1062 782/1185/1061 2597/1386/1230
f 2518/1248/1108 2472/1247/1107 2479/1214/1088 2520/1213/1087
f 2506/1421/1251 815/1422/1252 822/1423/1253 2504/1424/1254
f 2510/1425/1255 821/1426/1256 823/1427/1257 2505/1428/1258
f 2505/1428/1258 823/1427/1257 818/1429/1259 2503/1430/1260
f 2509/1431/1261 820/1432/1262 814/1433/1263 2501/1434/1264
f 2504/1424/1254 822/1423/1253 816/1435/1265 2502/1436/1266
f 2507/1437/1267 817/1438/1268 821/1426/1256 2510/1425/1255
f 2508/1439/1269 819/1440/1270 820/1432/1262 2509/1431/1261
f 2503/1430/1260 818/1429/1259 819/1441/1270 2508/1442/1269
f 2502/1436/1266 816/1435/1265 817/1438/1268 2507/1437/1267
f 2501/1434/1264 814/1433/1263 815/1443/1252 2506/1444/1251
f 2481/1445/1271 834/1389/1206 827/1388/1232 2482/1446/1272
f 2483/1447/1273 840/1283/1141 839/1282/1140 2484/1448/1274
f 2485/1449/1275 842/1309/1112 831/1308/1166 2486/1450/1276
f 2487/1451/1277 828/1255/1113 842/1254/1112 2485/1452/1275
f 2488/1453/1278 832/1305/1163 840/1283/1141 2483/1447/1273
f 2484/1448/1274 839/1282/1140 837/1363/1207 2489/1454/1279
f 2482/1446/1272 827/1388/1232 828/1255/1113 2487/1451/1277
f 2486/1450/1276 831/1308/1166 825/1406/1248 2490/1455/1280
f 2490/1455/1280 825/1406/1248 832/1305/1163 2488/1453/1278
f 2489/1454/1279 837/1363/1207 834/1362/1206 2481/1456/1271
f 824/1394/1236 741/1393/1235 765/1334/1190 830/1333/1189
f 509/979/828 498/1457/900 877/1458/1281 875/980/887
f 857/1459/1282 885/1460/1283 887/1461/1284 863/1462/1285
f 850/1463/1286 856/1464/1287 748/1465/1120 753/1466/1191
f 844/1467/1288 850/1463/1286 753/1466/1191 754/1342/1193
f 856/1468/1287 862/1469/1289 747/1265/1123 748/1470/1120
f 874/1471/1290 878/1472/1291 881/1473/1292 886/1474/1293
f 501/1475/899 516/978/829 872/981/888 868/1476/1294
f 855/1477/1295 882/1478/1296 885/1460/1283 857/1459/1282
f 2665/1479/1297 867/1480/1298 845/1481/1299 2666/1482/1300
f 2657/1483/1301 866/1484/1302 846/1485/1303 2660/1486/1304
f 2649/1487/1305 865/1488/1306 847/1489/1307 2652/1490/1308
f 2641/1491/1309 864/1492/1310 848/1493/1311 2644/1494/1312
f 2669/1495/1313 863/1462/1285 849/1496/1314 2672/1497/1315
f 878/1472/1291 869/1498/1316 883/1499/1317 881/1473/1292
f 2667/1500/1318 861/1501/1319 867/1480/1298 2665/1479/1297
f 2661/1502/1320 860/1503/1321 866/1484/1302 2657/1483/1301
f 2653/1504/1322 859/1505/1323 865/1488/1306 2649/1487/1305
f 2645/1506/1324 858/1507/1325 864/1492/1310 2641/1491/1309
f 2673/1508/1326 857/1459/1282 863/1462/1285 2669/1495/1313
f 871/1509/1327 874/1471/1290 886/1474/1293 884/1510/1328
f 2666/1482/1300 845/1481/1299 851/1511/1329 2668/1512/1330
f 2660/1486/1304 846/1485/1303 852/1513/1331 2664/1514/1332
f 2652/1490/1308 847/1489/1307 853/1515/1333 2656/1516/1334
f 2644/1494/1312 848/1493/1311 854/1517/1335 2648/1518/1336
f 2672/1497/1315 849/1496/1314 855/1477/1295 2676/1519/1337
f 863/1462/1285 887/1461/1284 880/1520/1338 849/1496/1314
f 2668/1512/1330 851/1511/1329 861/1521/1319 2667/1522/1318
f 2664/1514/1332 852/1513/1331 860/1523/1321 2661/1524/1320
f 2656/1516/1334 853/1515/1333 859/1525/1323 2653/1526/1322
f 2648/1518/1336 854/1517/1335 858/1507/1325 2645/1506/1324
f 2676/1519/1337 855/1477/1295 857/1459/1282 2673/1508/1326
f 869/1498/1316 871/1509/1327 884/1510/1328 883/1499/1317
f 862/1469/1289 844/1467/1288 754/1342/1193 747/1265/1123
f 2677/1527/1339 870/1528/1340 873/1529/1341 2678/1530/1342
f 2681/1531/1343 868/1476/1294 872/981/888 2682/1532/1344
f 2679/1533/1345 879/1534/1346 870/1528/1340 2677/1527/1339
f 2683/1535/1347 877/1458/1281 868/1476/1294 2681/1531/1343
f 2678/1530/1342 873/1529/1341 876/1536/1348 2680/1537/1349
f 2682/1532/1344 872/981/888 875/980/887 2684/1538/1350
f 2680/1537/1349 876/1536/1348 879/1534/1346 2679/1533/1345
f 2684/1538/1350 875/980/887 877/1458/1281 2683/1535/1347
f 498/1457/900 501/1475/899 868/1476/1294 877/1458/1281
f 881/1473/1292 880/1520/1338 887/1461/1284 886/1474/1293
f 886/1474/1293 887/1461/1284 885/1460/1283 884/1510/1328
f 883/1499/1317 882/1478/1296 880/1520/1338 881/1473/1292
f 884/1510/1328 885/1460/1283 882/1478/1296 883/1499/1317
f 849/1496/1314 880/1520/1338 882/1478/1296 855/1477/1295
f 892/1539/1351 893/1540/1352 899/781/697 898/780/696
f 890/1541/1353 891/1542/1354 897/785/701 896/784/700
f 888/1543/1355 889/1544/1356 895/789/705 894/788/704
f 893/1540/1352 888/1543/1355 894/788/704 899/781/697
f 891/1542/1354 892/1545/1351 898/791/696 897/785/701
f 889/1544/1356 890/1541/1353 896/784/700 895/789/705
f 1017/1546/1357 900/1547/1358 901/1548/1359 1018/1549/1360
f 1025/1550/1361 1027/1551/1362 1015/1552/1363
f 1021/1553/1364 1023/1554/1365 1015/1552/1363
f 1023/1554/1365 1025/1550/1361 1015/1552/1363
f 1027/1551/1362 1016/1555/1366 1015/1552/1363
f 904/1556/1363 903/1557/1363 909/1558/1367 910/1559/1368
f 902/1560/1363 901/1561/1363 907/1562/1369 908/1563/1370
f 905/1564/1363 904/1556/1363 910/1559/1368 911/1565/1371
f 903/1557/1363 902/1566/1363 908/1567/1370 909/1558/1367
f 901/1561/1363 900/1568/1363 906/1569/1372 907/1562/1369
f 900/1568/1363 905/1564/1363 911/1565/1371 906/1569/1372
f 909/1558/1367 908/1567/1370 914/1570/1373 915/1571/1374
f 907/1562/1369 906/1569/1372 912/1572/1375 913/1573/1376
f 906/1569/1372 911/1565/1371 917/1574/1377 912/1572/1375
f 910/1559/1368 909/1558/1367 915/1571/1374 916/1575/1378
f 908/1563/1370 907/1562/1369 913/1573/1376 914/1576/1373
f 911/1565/1371 910/1559/1368 916/1575/1378 917/1574/1377
f 914/1576/1373 913/1573/1376 919/1577/1379 920/1578/1380
f 917/1574/1377 916/1575/1378 922/1579/1381 923/1580/1382
f 915/1571/1374 914/1570/1373 920/1581/1380 921/1582/1383
f 913/1573/1376 912/1572/1375 918/1583/1384 919/1577/1379
f 912/1572/1375 917/1574/1377 923/1580/1382 918/1583/1384
f 916/1575/1378 915/1571/1374 921/1582/1383 922/1579/1381
f 919/1577/1379 918/1583/1384 924/1584/1385 925/1585/1386
f 918/1583/1384 923/1580/1382 929/1586/1387 924/1584/1385
f 922/1579/1381 921/1582/1383 927/1587/1388 928/1588/1389
f 920/1578/1380 919/1577/1379 925/1585/1386 926/1589/1390
f 923/1580/1382 922/1579/1381 928/1588/1389 929/1586/1387
f 921/1582/1383 920/1581/1380 926/1590/1390 927/1587/1388
f 944/1591/1391 942/1592/1392 933/1593/1393 934/1594/1394
f 937/1595/1395 946/1596/1396 935/1597/1397 930/1598/1398
f 940/1599/1399 938/1600/1400 931/1601/1401 932/1602/1402
f 946/1596/1396 944/1591/1391 934/1594/1394 935/1597/1397
f 942/1592/1392 940/1603/1399 932/1604/1402 933/1593/1393
f 924/1584/1385 929/1586/1387 947/1605/1403 936/1606/1404
f 928/1588/1389 927/1587/1388 943/1607/1405 945/1608/1406
f 926/1589/1390 925/1585/1386 939/1609/1407 941/1610/1408
f 929/1586/1387 928/1588/1389 945/1608/1406 947/1605/1403
f 927/1587/1388 926/1590/1390 941/1611/1408 943/1607/1405
f 925/1585/1386 924/1584/1385 936/1606/1404 939/1609/1407
f 939/1609/1407 936/1606/1404 937/1595/1395 938/1600/1400
f 941/1610/1408 939/1609/1407 938/1600/1400 940/1599/1399
f 943/1607/1405 941/1611/1408 940/1603/1399 942/1592/1392
f 945/1608/1406 943/1607/1405 942/1592/1392 944/1591/1391
f 947/1605/1403 945/1608/1406 944/1591/1391 946/1596/1396
f 936/1606/1404 947/1605/1403 946/1596/1396 937/1595/1395
f 938/1600/1400 937/1595/1395 930/1598/1398 931/1601/1401
f 930/1598/1398 935/1597/1397 953/1612/1409 948/1613/1410
f 934/1594/1394 933/1593/1393 951/1614/1411 952/1615/1412
f 932/1602/1402 931/1601/1401 949/1616/1413 950/1617/1414
f 935/1597/1397 934/1594/1394 952/1615/1412 953/1612/1409
f 933/1593/1393 932/1604/1402 950/1618/1414 951/1614/1411
f 931/1601/1401 930/1598/1398 948/1613/1410 949/1616/1413
f 952/1615/1412 951/1614/1411 957/1619/1415 958/1620/1416
f 950/1617/1414 949/1616/1413 955/1621/1417 956/1622/1418
f 953/1612/1409 952/1615/1412 958/1620/1416 959/1623/1419
f 951/1614/1411 950/1618/1414 956/1624/1418 957/1619/1415
f 949/1616/1413 948/1613/1410 954/1625/1420 955/1621/1417
f 948/1613/1410 953/1612/1409 959/1623/1419 954/1625/1420
f 957/1619/1415 956/1624/1418 962/1626/1421 963/1627/1422
f 955/1621/1417 954/1625/1420 960/1628/1423 961/1629/1424
f 959/1623/1419 958/1620/1416 1011/1630/1425 1008/1631/1426
f 965/1632/1427 960/1628/1423 1013/1633/1428 1004/1634/1429
f 956/1622/1418 955/1621/1417 961/1629/1424 962/1635/1421
f 1001/1636/1430 1006/1637/1431 995/1638/1432 996/1639/1433
f 965/1632/1427 964/1640/1434 976/1641/1435 980/1642/1436
f 964/1640/1434 963/1627/1422 974/1643/1437 976/1641/1435
f 961/1629/1424 960/1628/1423 988/1644/1438 983/1645/1439
f 982/1646/1440 989/1647/1441 966/1648/1442 967/1649/1443
f 979/1650/1444 977/1651/1445 970/1652/1446 971/1653/1447
f 967/1649/1443 966/1648/1442 972/1654/1448
f 966/1648/1442 971/1653/1447 972/1654/1448
f 970/1652/1446 969/1655/1449 972/1654/1448
f 968/1656/1450 967/1649/1443 972/1654/1448
f 971/1653/1447 970/1652/1446 972/1654/1448
f 969/1655/1449 968/1657/1450 972/1654/1448
f 977/1651/1445 973/1658/1451 969/1655/1449 970/1652/1446
f 989/1647/1441 979/1650/1444 971/1653/1447 966/1648/1442
f 962/1635/1421 961/1629/1424 983/1645/1439 985/1659/1452
f 973/1658/1451 986/1660/1453 968/1657/1450 969/1655/1449
f 960/1628/1423 965/1632/1427 980/1642/1436 988/1644/1438
f 986/1661/1453 982/1646/1440 967/1649/1443 968/1656/1450
f 977/1651/1445 979/1650/1444 981/1662/1454 978/1663/1455
f 978/1663/1455 981/1662/1454 980/1642/1436 976/1641/1435
f 986/1660/1453 973/1658/1451 975/1664/1456 987/1665/1457
f 987/1665/1457 975/1664/1456 974/1643/1437 985/1666/1452
f 989/1647/1441 982/1646/1440 984/1667/1458 990/1668/1459
f 990/1668/1459 984/1667/1458 983/1645/1439 988/1644/1438
f 979/1650/1444 989/1647/1441 990/1668/1459 981/1662/1454
f 981/1662/1454 990/1668/1459 988/1644/1438 980/1642/1436
f 973/1658/1451 977/1651/1445 978/1663/1455 975/1664/1456
f 975/1664/1456 978/1663/1455 976/1641/1435 974/1643/1437
f 982/1646/1440 986/1661/1453 987/1669/1457 984/1667/1458
f 984/1667/1458 987/1669/1457 985/1659/1452 983/1645/1439
f 963/1627/1422 962/1626/1421 985/1666/1452 974/1643/1437
f 994/1670/1460 993/1671/1461 997/1672/1462 998/1673/1463
f 991/1674/1464 992/1675/1465 996/1639/1433 995/1638/1432
f 993/1671/1461 991/1674/1464 995/1638/1432 997/1672/1462
f 958/1620/1416 957/1619/1415 999/1676/1466 1011/1630/1425
f 964/1640/1434 965/1632/1427 1004/1634/1429 1005/1677/1467
f 954/1625/1420 959/1623/1419 1008/1631/1426 1009/1678/1468
f 963/1627/1422 964/1640/1434 1005/1677/1467 1002/1679/1469
f 1003/1680/1470 1014/1681/1471 998/1673/1463 997/1672/1462
f 960/1628/1423 954/1625/1420 1009/1678/1468 1013/1633/1428
f 1007/1682/1472 1012/1683/1473 991/1674/1464 993/1671/1461
f 1014/1681/1471 1010/1684/1474 994/1670/1460 998/1673/1463
f 1000/1685/1475 1001/1636/1430 996/1639/1433 992/1675/1465
f 1012/1683/1473 1000/1685/1475 992/1675/1465 991/1674/1464
f 1006/1637/1431 1003/1680/1470 997/1672/1462 995/1638/1432
f 1010/1684/1474 1007/1682/1472 993/1671/1461 994/1670/1460
f 1006/1637/1431 1001/1636/1430 1002/1679/1469 1005/1677/1467
f 1012/1683/1473 1007/1682/1472 1008/1631/1426 1011/1630/1425
f 1014/1681/1471 1003/1680/1470 1004/1634/1429 1013/1633/1428
f 1010/1684/1474 1014/1681/1471 1013/1633/1428 1009/1678/1468
f 1000/1685/1475 1012/1683/1473 1011/1630/1425 999/1676/1466
f 1001/1636/1430 1000/1685/1475 999/1676/1466 1002/1679/1469
f 1003/1680/1470 1006/1637/1431 1005/1677/1467 1004/1634/1429
f 1007/1682/1472 1010/1684/1474 1009/1678/1468 1008/1631/1426
f 957/1619/1415 963/1627/1422 1002/1679/1469 999/1676/1466
f 1024/1686/1476 904/1687/1477 905/1688/1478 1026/1689/1479
f 1020/1690/1480 902/1691/1481 903/1692/1482 1022/1693/1483
f 1026/1689/1479 905/1688/1478 900/1547/1358 1017/1546/1357
f 1019/1694/1484 1021/1695/1364 1015/1552/1363
f 1022/1693/1483 903/1692/1482 904/1687/1477 1024/1686/1476
f 1018/1549/1360 901/1548/1359 902/1696/1481 1020/1697/1480
f 1019/1694/1484 1016/1555/1366 1017/1546/1357 1018/1549/1360
f 1021/1695/1364 1019/1694/1484 1018/1549/1360 1020/1697/1480
f 1023/1554/1365 1021/1553/1364 1020/1690/1480 1022/1693/1483
f 1025/1550/1361 1023/1554/1365 1022/1693/1483 1024/1686/1476
f 1027/1551/1362 1025/1550/1361 1024/1686/1476 1026/1689/1479
f 1016/1555/1366 1027/1551/1362 1026/1689/1479 1017/1546/1357
f 1016/1555/1366 1019/1694/1484 1015/1552/1363
f 1028/1698/1485 1029/1699/1486 1035/1700/1487 1032/1701/1488
f 1032/1701/1488 1035/1700/1487 1034/1702/1489 1033/1703/1490
f 1033/1703/1490 1034/1702/1489 1031/1704/1491 1030/1705/1492
f 1036/1706/1493 1037/1707/1494 1043/1708/1495 1040/1709/1496
f 1040/1709/1496 1043/1708/1495 1042/1710/1497 1041/1711/1498
f 1041/1711/1498 1042/1710/1497 1039/1712/1499 1038/1713/1500
f 1044/1714/1501 1045/1715/1502 1051/1716/1503 1048/1717/1504
f 1048/1717/1504 1051/1716/1503 1050/1718/1505 1049/1719/1506
f 1049/1719/1506 1050/1718/1505 1047/1720/1507 1046/1721/1508
f 1052/1722/1509 1053/1723/1510 1059/1724/1511 1056/1725/1512
f 1056/1725/1512 1059/1724/1511 1058/1726/1513 1057/1727/1514
f 1057/1727/1514 1058/1726/1513 1055/1728/1515 1054/1729/1516
f 1060/1730/1517 1061/1731/1518 1062/1732/1519 1063/1733/1520
f 1061/1731/1518 1064/1734/1521 1065/1735/1522 1062/1732/1519
f 1064/1734/1521 1066/1736/1523 1067/1737/1524 1065/1735/1522
f 1068/1738/1525 1069/1739/1526 1070/1740/1527 1071/1741/1528
f 1069/1739/1526 1072/1742/1529 1073/1743/1530 1070/1740/1527
f 1072/1742/1529 1074/1744/1531 1075/1745/1532 1073/1743/1530
f 1076/1746/1533 1077/1747/1534 1078/1748/1535 1079/1749/1536
f 1077/1747/1534 1080/1750/1537 1081/1751/1538 1078/1748/1535
f 1080/1750/1537 1082/1752/1539 1083/1753/1540 1081/1751/1538
f 1084/1754/1541 1085/1755/1542 1086/1756/1543 1087/1757/1544
f 1085/1755/1542 1088/1758/1545 1089/1759/1546 1086/1756/1543
f 1088/1758/1545 1090/1760/1547 1091/1761/1548 1089/1759/1546
f 1030/1705/1492 1031/1704/1491 1067/1737/1524 1066/1736/1523
f 1044/1714/1501 1048/1717/1504 1077/1747/1534 1076/1746/1533
f 1032/1701/1488 1033/1703/1490 1064/1734/1521 1061/1731/1518
f 1051/1716/1503 1045/1715/1502 1079/1749/1536 1078/1748/1535
f 1041/1711/1498 1038/1713/1500 1074/1744/1531 1072/1742/1529
f 1053/1723/1510 1052/1722/1509 1084/1754/1541 1087/1757/1544
f 1039/1712/1499 1042/1710/1497 1073/1743/1530 1075/1745/1532
f 1034/1702/1489 1035/1700/1487 1062/1732/1519 1065/1735/1522
f 1054/1729/1516 1055/1728/1515 1091/1761/1548 1090/1760/1547
f 1036/1706/1493 1040/1709/1496 1069/1739/1526 1068/1738/1525
f 1056/1725/1512 1057/1727/1514 1088/1758/1545 1085/1755/1542
f 1043/1708/1495 1037/1707/1494 1071/1741/1528 1070/1740/1527
f 1033/1703/1490 1030/1705/1492 1066/1736/1523 1064/1734/1521
f 1045/1715/1502 1044/1714/1501 1076/1746/1533 1079/1749/1536
f 1031/1704/1491 1034/1702/1489 1065/1735/1522 1067/1737/1524
f 1058/1726/1513 1059/1724/1511 1086/1756/1543 1089/1759/1546
f 1046/1721/1508 1047/1720/1507 1083/1753/1540 1082/1752/1539
f 1028/1698/1485 1032/1701/1488 1061/1731/1518 1060/1730/1517
f 1048/1717/1504 1049/1719/1506 1080/1750/1537 1077/1747/1534
f 1035/1700/1487 1029/1699/1486 1063/1733/1520 1062/1732/1519
f 1057/1727/1514 1054/1729/1516 1090/1760/1547 1088/1758/1545
f 1037/1707/1494 1036/1706/1493 1068/1738/1525 1071/1741/1528
f 1055/1728/1515 1058/1726/1513 1089/1759/1546 1091/1761/1548
f 1050/1718/1505 1051/1716/1503 1078/1748/1535 1081/1751/1538
f 1038/1713/1500 1039/1712/1499 1075/1745/1532 1074/1744/1531
f 1052/1722/1509 1056/1725/1512 1085/1755/1542 1084/1754/1541
f 1040/1709/1496 1041/1711/1498 1072/1742/1529 1069/1739/1526
f 1059/1724/1511 1053/1723/1510 1087/1757/1544 1086/1756/1543
f 1049/1719/1506 1046/1721/1508 1082/1752/1539 1080/1750/1537
f 1029/1699/1486 1028/1698/1485 1060/1730/1517 1063/1733/1520
f 1047/1720/1507 1050/1718/1505 1081/1751/1538 1083/1753/1540
f 1042/1710/1497 1043/1708/1495 1070/1740/1527 1073/1743/1530
f 1129/1762/1549 1126/1763/1550 1092/1764/1551
f 1108/1765/1552 1105/1766/1553 1092/1764/1551
f 1153/1767/1554 1150/1768/1555 1092/1764/1551
f 1132/1769/1556 1129/1762/1549 1092/1764/1551
f 1111/1770/1557 1108/1765/1552 1092/1764/1551
f 1156/1771/1558 1153/1767/1554 1092/1764/1551
f 1135/1772/1559 1132/1769/1556 1092/1764/1551
f 1114/1773/1560 1111/1770/1557 1092/1764/1551
f 1159/1774/1561 1156/1771/1558 1092/1764/1551
f 1138/1775/1562 1135/1772/1559 1092/1764/1551
f 1117/1776/1563 1114/1773/1560 1092/1764/1551
f 1162/1777/1564 1159/1774/1561 1092/1764/1551
f 1141/1778/1565 1138/1775/1562 1092/1764/1551
f 1120/1779/1566 1117/1776/1563 1092/1764/1551
f 1094/1780/1567 1162/1777/1564 1092/1764/1551
f 1144/1781/1568 1141/1778/1565 1092/1764/1551
f 1123/1782/1569 1120/1779/1566 1092/1764/1551
f 1099/1783/1570 1096/1784/1571 1092/1764/1551
f 1102/1785/1572 1099/1783/1570 1092/1764/1551
f 1147/1786/1573 1144/1781/1568 1092/1764/1551
f 1126/1763/1550 1123/1782/1569 1092/1764/1551
f 1105/1766/1553 1102/1785/1572 1092/1764/1551
f 1150/1768/1555 1147/1787/1573 1092/1764/1551
f 3446/1788/1574 1370/1789/1575 1367/1790/1576 3444/1791/1577
f 3452/1792/1578 1376/1793/1579 1374/1794/1580 3450/1795/1581
f 1202/1796/1582 1204/1797/1583 1172/1798/1584 1171/1799/1585
f 1228/1800/1586 1230/1801/1587 1185/1802/1588 1184/1803/1589
f 3432/1804/1590 1356/1805/1591 1354/1806/1592 3430/1807/1593
f 3438/1808/1594 1362/1809/1595 1360/1810/1596 3436/1811/1597
f 1200/1812/1598 1202/1796/1582 1171/1799/1585 1170/1813/1599
f 3420/1814/1600 1344/1815/1601 1342/1816/1602 3418/1817/1603
f 1226/1818/1604 1228/1800/1586 1184/1803/1589 1183/1819/1605
f 3424/1820/1606 1348/1821/1607 1346/1822/1608 3422/1823/1609
f 1198/1824/1610 1200/1812/1598 1170/1813/1599 1169/1825/1611
f 1224/1826/1612 1226/1827/1604 1183/1828/1605 1182/1829/1613
f 3459/1830/1614 1337/1831/1615 1380/1832/1616 3461/1833/1617
f 3454/1834/1618 1378/1835/1619 1376/1793/1579 3452/1792/1578
f 1196/1836/1620 1198/1824/1610 1169/1825/1611 1168/1837/1621
f 1222/1838/1622 1224/1826/1612 1182/1829/1613 1181/1839/1623
f 3448/1840/1624 1372/1841/1625 1370/1789/1575 3446/1788/1574
f 3440/1842/1626 1364/1843/1627 1362/1809/1595 3438/1808/1594
f 1194/1844/1628 1196/1836/1620 1168/1837/1621 1167/1845/1629
f 1220/1846/1630 1222/1838/1622 1181/1839/1623 1180/1847/1631
f 3426/1848/1632 1350/1849/1633 1348/1821/1607 3424/1820/1606
f 1236/1850/1634 1189/1851/1635 1165/1852/1636 1188/1853/1637
f 1218/1854/1638 1220/1846/1630 1180/1847/1631 1179/1855/1639
f 3461/1833/1617 1380/1832/1616 1378/1835/1619 3454/1834/1618
f 3079/1856/1640 3082/1857/1641 1095/1858/1642 1098/1859/1643
f 3127/1860/1644 3130/1861/1645 1094/1780/1567 1096/1784/1571
f 3083/1862/1646 3079/1856/1640 1098/1859/1643 1101/1863/1647
f 3131/1864/1648 3127/1860/1644 1096/1784/1571 1099/1783/1570
f 3085/1865/1649 3083/1862/1646 1101/1863/1647 1104/1866/1650
f 3133/1867/1651 3131/1864/1648 1099/1783/1570 1102/1785/1572
f 3087/1868/1652 3085/1865/1649 1104/1866/1650 1107/1869/1653
f 3135/1870/1654 3133/1867/1651 1102/1785/1572 1105/1766/1553
f 3089/1871/1655 3087/1868/1652 1107/1869/1653 1110/1872/1656
f 3137/1873/1657 3135/1870/1654 1105/1766/1553 1108/1765/1552
f 3091/1874/1658 3089/1871/1655 1110/1872/1656 1113/1875/1659
f 3139/1876/1660 3137/1873/1657 1108/1765/1552 1111/1770/1557
f 3093/1877/1661 3091/1874/1658 1113/1875/1659 1116/1878/1662
f 3141/1879/1663 3139/1876/1660 1111/1770/1557 1114/1773/1560
f 3095/1880/1664 3093/1877/1661 1116/1878/1662 1119/1881/1665
f 3143/1882/1666 3141/1879/1663 1114/1773/1560 1117/1776/1563
f 3097/1883/1667 3095/1880/1664 1119/1881/1665 1122/1884/1668
f 3145/1885/1669 3143/1882/1666 1117/1776/1563 1120/1779/1566
f 3099/1886/1670 3097/1883/1667 1122/1884/1668 1125/1887/1671
f 3147/1888/1672 3145/1885/1669 1120/1779/1566 1123/1782/1569
f 3101/1889/1673 3099/1886/1670 1125/1887/1671 1128/1890/1674
f 3149/1891/1675 3147/1888/1672 1123/1782/1569 1126/1763/1550
f 3103/1892/1676 3101/1889/1673 1128/1890/1674 1131/1893/1677
f 3151/1894/1678 3149/1891/1675 1126/1763/1550 1129/1762/1549
f 3105/1895/1679 3103/1892/1676 1131/1893/1677 1134/1896/1680
f 3153/1897/1681 3151/1894/1678 1129/1762/1549 1132/1769/1556
f 3107/1898/1682 3105/1895/1679 1134/1896/1680 1137/1899/1683
f 3155/1900/1684 3153/1897/1681 1132/1769/1556 1135/1772/1559
f 3109/1901/1685 3107/1898/1682 1137/1899/1683 1140/1902/1686
f 3157/1903/1687 3155/1900/1684 1135/1772/1559 1138/1775/1562
f 3111/1904/1688 3109/1901/1685 1140/1902/1686 1143/1905/1689
f 3159/1906/1690 3157/1903/1687 1138/1775/1562 1141/1778/1565
f 3113/1907/1691 3111/1904/1688 1143/1905/1689 1146/1908/1692
f 3161/1909/1693 3159/1906/1690 1141/1778/1565 1144/1781/1568
f 3115/1910/1694 3113/1907/1691 1146/1908/1692 1149/1911/1695
f 3163/1912/1696 3161/1909/1693 1144/1781/1568 1147/1786/1573
f 3117/1913/1697 3115/1914/1694 1149/1915/1695 1152/1916/1698
f 3165/1917/1699 3163/1918/1696 1147/1787/1573 1150/1768/1555
f 3119/1919/1700 3117/1913/1697 1152/1916/1698 1155/1920/1701
f 3167/1921/1702 3165/1917/1699 1150/1768/1555 1153/1767/1554
f 3121/1922/1703 3119/1919/1700 1155/1920/1701 1158/1923/1704
f 3169/1924/1705 3167/1921/1702 1153/1767/1554 1156/1771/1558
f 3123/1925/1706 3121/1922/1703 1158/1923/1704 1161/1926/1707
f 3171/1927/1708 3169/1924/1705 1156/1771/1558 1159/1774/1561
f 3125/1928/1709 3123/1925/1706 1161/1926/1707 1164/1929/1710
f 3173/1930/1711 3171/1927/1708 1159/1774/1561 1162/1777/1564
f 3082/1857/1641 3125/1928/1709 1164/1929/1710 1095/1858/1642
f 3130/1861/1645 3173/1930/1711 1162/1777/1564 1094/1780/1567
f 1096/1784/1571 1094/1780/1567 1092/1764/1551
f 1365/1931/1712 1368/1932/1713 1319/1933/1714 1318/1934/1715
f 1334/1935/1716 1339/1936/1717 1292/1937/1718 1285/1938/1719
f 1379/1939/1720 1338/1940/1721 1289/1941/1722 1332/1942/1723
f 1349/1943/1724 1352/1944/1725 1303/1945/1726 1302/1946/1727
f 1363/1947/1728 1365/1931/1712 1318/1934/1715 1316/1948/1729
f 1377/1949/1730 1379/1939/1720 1332/1942/1723 1330/1950/1731
f 1347/1951/1732 1349/1943/1724 1302/1946/1727 1300/1952/1733
f 1361/1953/1734 1363/1947/1728 1316/1948/1729 1314/1954/1735
f 1375/1955/1736 1377/1949/1730 1330/1950/1731 1328/1956/1737
f 1345/1957/1738 1347/1951/1732 1300/1952/1733 1298/1958/1739
f 1359/1959/1740 1361/1953/1734 1314/1954/1735 1312/1960/1741
f 1373/1961/1742 1375/1955/1736 1328/1956/1737 1326/1962/1743
f 1343/1963/1744 1345/1957/1738 1298/1958/1739 1296/1964/1745
f 1357/1965/1746 1359/1959/1740 1312/1960/1741 1310/1966/1747
f 1371/1967/1748 1373/1961/1742 1326/1962/1743 1324/1968/1749
f 1341/1969/1750 1343/1963/1744 1296/1964/1745 1294/1970/1751
f 1355/1971/1752 1357/1965/1746 1310/1966/1747 1308/1972/1753
f 1369/1973/1754 1371/1974/1748 1324/1975/1749 1322/1976/1755
f 1339/1936/1717 1341/1969/1750 1294/1970/1751 1292/1937/1718
f 1353/1977/1756 1355/1971/1752 1308/1972/1753 1306/1978/1757
f 1368/1932/1713 1369/1973/1754 1322/1976/1755 1319/1933/1714
f 3455/1979/1758 1333/1980/1759 1336/1981/1760 3457/1982/1761
f 1338/1940/1721 1335/1983/1762 1288/1984/1763 1289/1941/1722
f 1352/1944/1725 1353/1977/1756 1306/1978/1757 1303/1945/1726
f 1307/1985/1764 1257/1986/1765 1255/1987/1766 1305/1988/1767
f 1291/1989/1768 1241/1990/1769 1239/1991/1770 1286/1992/1771
f 1293/1993/1772 1243/1994/1773 1241/1990/1769 1291/1989/1768
f 1323/1995/1774 1273/1996/1775 1271/1997/1776 1321/1998/1777
f 1309/1999/1778 1259/2000/1779 1257/1986/1765 1307/1985/1764
f 1295/2001/1780 1245/2002/1781 1243/1994/1773 1293/1993/1772
f 1325/2003/1782 1275/2004/1783 1273/2005/1775 1323/2006/1774
f 1311/2007/1784 1261/2008/1785 1259/2000/1779 1309/1999/1778
f 1297/2009/1786 1247/2010/1787 1245/2002/1781 1295/2001/1780
f 1327/2011/1788 1277/2012/1789 1275/2004/1783 1325/2003/1782
f 1313/2013/1790 1263/2014/1791 1261/2008/1785 1311/2007/1784
f 1299/2015/1792 1249/2016/1793 1247/2010/1787 1297/2009/1786
f 1329/2017/1794 1279/2018/1795 1277/2012/1789 1327/2011/1788
f 1315/2019/1796 1265/2020/1797 1263/2014/1791 1313/2013/1790
f 1301/2021/1798 1251/2022/1799 1249/2016/1793 1299/2015/1792
f 1331/2023/1800 1281/2024/1801 1279/2018/1795 1329/2017/1794
f 1317/2025/1802 1267/2026/1803 1265/2020/1797 1315/2019/1796
f 1304/2027/1804 1253/2028/1805 1251/2022/1799 1301/2021/1798
f 1290/2029/1806 1283/2030/1807 1281/2024/1801 1331/2023/1800
f 1320/2031/1808 1269/2032/1809 1267/2026/1803 1317/2025/1802
f 1305/1988/1767 1255/1987/1766 1253/2028/1805 1304/2027/1804
f 1335/1983/1762 1334/1935/1716 1285/1938/1719 1288/1984/1763
f 1287/2033/1810 1238/2034/1811 1283/2030/1807 1290/2029/1806
f 1321/1998/1777 1271/1997/1776 1269/2032/1809 1320/2031/1808
f 1230/1801/1587 1232/2035/1812 1186/2036/1813 1185/1802/1588
f 1204/1797/1583 1206/2037/1814 1173/2038/1815 1172/1798/1584
f 3422/1823/1609 1346/1822/1608 1344/1815/1601 3420/1814/1600
f 1232/2035/1812 1234/2039/1816 1187/2040/1817 1186/2036/1813
f 1206/2037/1814 1208/2041/1818 1174/2042/1819 1173/2038/1815
f 3436/1811/1597 1360/1810/1596 1358/2043/1820 3434/2044/1821
f 3430/1807/1593 1354/1806/1592 1351/2045/1822 3428/2046/1823
f 1234/2039/1816 1236/1850/1634 1188/1853/1637 1187/2040/1817
f 1208/2041/1818 1210/2047/1824 1175/2048/1825 1174/2042/1819
f 3450/1795/1581 1374/1794/1580 1372/2049/1625 3448/2050/1624
f 3444/1791/1577 1367/1790/1576 1366/2051/1826 3442/2052/1827
f 1286/1992/1771 1239/1991/1770 1238/2034/1811 1287/2033/1810
f 1210/2047/1824 1212/2053/1828 1176/2054/1829 1175/2048/1825
f 3457/1982/1761 1336/1981/1760 1337/1831/1615 3459/1830/1614
f 1191/2055/1830 1190/2056/1831 1237/2057/1832 1240/2058/1833
f 1212/2053/1828 1214/2059/1834 1177/2060/1835 1176/2054/1829
f 3418/1817/1603 1342/1816/1602 1340/2061/1836 3416/2062/1837
f 3428/2046/1823 1351/2045/1822 1350/1849/1633 3426/1848/1632
f 1214/2059/1834 1216/2063/1838 1178/2064/1839 1177/2060/1835
f 3434/2044/1821 1358/2043/1820 1356/1805/1591 3432/1804/1590
f 3442/2052/1827 1366/2051/1826 1364/1843/1627 3440/1842/1626
f 1216/2063/1838 1218/1854/1638 1179/1855/1639 1178/2064/1839
f 1231/2065/1840 1229/2066/1841 1278/2067/1842 1280/2068/1843
f 1217/2069/1844 1215/2070/1845 1264/2071/1846 1266/2072/1847
f 1203/2073/1848 1201/2074/1849 1250/2075/1850 1252/2076/1851
f 1233/2077/1852 1231/2065/1840 1280/2068/1843 1282/2078/1853
f 1219/2079/1854 1217/2069/1844 1266/2072/1847 1268/2080/1855
f 1205/2081/1856 1203/2073/1848 1252/2076/1851 1254/2082/1857
f 1235/2083/1858 1233/2077/1852 1282/2078/1853 1284/2084/1859
f 1190/2056/1831 1235/2083/1858 1284/2084/1859 1237/2057/1832
f 1221/2085/1860 1219/2079/1854 1268/2080/1855 1270/2086/1861
f 1207/2087/1862 1205/2081/1856 1254/2082/1857 1256/2088/1863
f 1192/2089/1864 1194/1844/1628 1167/1845/1629 1166/2090/1865
f 1193/2091/1866 1191/2055/1830 1240/2058/1833 1242/2092/1867
f 1223/2093/1868 1221/2085/1860 1270/2086/1861 1272/2094/1869
f 1209/2095/1870 1207/2087/1862 1256/2088/1863 1258/2096/1871
f 1195/2097/1872 1193/2091/1866 1242/2092/1867 1244/2098/1873
f 1225/2099/1874 1223/2093/1868 1272/2094/1869 1274/2100/1875
f 1211/2101/1876 1209/2095/1870 1258/2096/1871 1260/2102/1877
f 1197/2103/1878 1195/2097/1872 1244/2098/1873 1246/2104/1879
f 1227/2105/1880 1225/2106/1874 1274/2107/1875 1276/2108/1881
f 1213/2109/1882 1211/2101/1876 1260/2102/1877 1262/2110/1883
f 1199/2111/1884 1197/2103/1878 1246/2104/1879 1248/2112/1885
f 1229/2066/1841 1227/2105/1880 1276/2108/1881 1278/2067/1842
f 1215/2070/1845 1213/2109/1882 1262/2110/1883 1264/2071/1846
f 1201/2074/1849 1199/2111/1884 1248/2112/1885 1250/2075/1850
f 1166/2113/1886 1167/2114/1886 1168/2115/1886 1169/2116/1886 1170/2117/1886 1171/2118/1886 1172/2119/1886 1173/2120/1886 1174/2121/1886 1175/2122/1886 1176/2123/1886 1177/2124/1886 1178/2125/1886 1179/2126/1886 1180/2127/1886 1181/2128/1886 1182/2129/1886 1183/2130/1886 1184/2131/1886 1185/2132/1886 1186/2133/1886 1187/2134/1886 1188/2135/1886 1165/2136/1886
f 1192/2089/1864 1189/1851/1635 1190/2056/1831 1191/2055/1830
f 1194/1844/1628 1192/2089/1864 1191/2055/1830 1193/2091/1866
f 1196/1836/1620 1194/1844/1628 1193/2091/1866 1195/2097/1872
f 1198/1824/1610 1196/1836/1620 1195/2097/1872 1197/2103/1878
f 1200/1812/1598 1198/1824/1610 1197/2103/1878 1199/2111/1884
f 1202/1796/1582 1200/1812/1598 1199/2111/1884 1201/2074/1849
f 1204/1797/1583 1202/1796/1582 1201/2074/1849 1203/2073/1848
f 1206/2037/1814 1204/1797/1583 1203/2073/1848 1205/2081/1856
f 1208/2041/1818 1206/2037/1814 1205/2081/1856 1207/2087/1862
f 1210/2047/1824 1208/2041/1818 1207/2087/1862 1209/2095/1870
f 1212/2053/1828 1210/2047/1824 1209/2095/1870 1211/2101/1876
f 1214/2059/1834 1212/2053/1828 1211/2101/1876 1213/2109/1882
f 1216/2063/1838 1214/2059/1834 1213/2109/1882 1215/2070/1845
f 1218/1854/1638 1216/2063/1838 1215/2070/1845 1217/2069/1844
f 1220/1846/1630 1218/1854/1638 1217/2069/1844 1219/2079/1854
f 1222/1838/1622 1220/1846/1630 1219/2079/1854 1221/2085/1860
f 1224/1826/1612 1222/1838/1622 1221/2085/1860 1223/2093/1868
f 1226/1827/1604 1224/1826/1612 1223/2093/1868 1225/2099/1874
f 1228/1800/1586 1226/1818/1604 1225/2106/1874 1227/2105/1880
f 1230/1801/1587 1228/1800/1586 1227/2105/1880 1229/2066/1841
f 1232/2035/1812 1230/1801/1587 1229/2066/1841 1231/2065/1840
f 1234/2039/1816 1232/2035/1812 1231/2065/1840 1233/2077/1852
f 1236/1850/1634 1234/2039/1816 1233/2077/1852 1235/2083/1858
f 1189/1851/1635 1236/1850/1634 1235/2083/1858 1190/2056/1831
f 1240/2058/1833 1237/2057/1832 1238/2034/1811 1239/1991/1770
f 1242/2092/1867 1240/2058/1833 1239/1991/1770 1241/1990/1769
f 1244/2098/1873 1242/2092/1867 1241/1990/1769 1243/1994/1773
f 1246/2104/1879 1244/2098/1873 1243/1994/1773 1245/2002/1781
f 1248/2112/1885 1246/2104/1879 1245/2002/1781 1247/2010/1787
f 1250/2075/1850 1248/2112/1885 1247/2010/1787 1249/2016/1793
f 1252/2076/1851 1250/2075/1850 1249/2016/1793 1251/2022/1799
f 1254/2082/1857 1252/2076/1851 1251/2022/1799 1253/2028/1805
f 1256/2088/1863 1254/2082/1857 1253/2028/1805 1255/1987/1766
f 1258/2096/1871 1256/2088/1863 1255/1987/1766 1257/1986/1765
f 1260/2102/1877 1258/2096/1871 1257/1986/1765 1259/2000/1779
f 1262/2110/1883 1260/2102/1877 1259/2000/1779 1261/2008/1785
f 1264/2071/1846 1262/2110/1883 1261/2008/1785 1263/2014/1791
f 1266/2072/1847 1264/2071/1846 1263/2014/1791 1265/2020/1797
f 1268/2080/1855 1266/2072/1847 1265/2020/1797 1267/2026/1803
f 1270/2086/1861 1268/2080/1855 1267/2026/1803 1269/2032/1809
f 1272/2094/1869 1270/2086/1861 1269/2032/1809 1271/1997/1776
f 1274/2100/1875 1272/2094/1869 1271/1997/1776 1273/1996/1775
f 1276/2108/1881 1274/2107/1875 1273/2005/1775 1275/2004/1783
f 1278/2067/1842 1276/2108/1881 1275/2004/1783 1277/2012/1789
f 1280/2068/1843 1278/2067/1842 1277/2012/1789 1279/2018/1795
f 1282/2078/1853 1280/2068/1843 1279/2018/1795 1281/2024/1801
f 1284/2084/1859 1282/2078/1853 1281/2024/1801 1283/2030/1807
f 1237/2057/1832 1284/2084/1859 1283/2030/1807 1238/2034/1811
f 1320/2031/1808 1317/2025/1802 1318/1934/1715 1319/1933/1714
f 1286/1992/1771 1287/2033/1810 1288/1984/1763 1285/1938/1719
f 1290/2029/1806 1331/2023/1800 1332/1942/1723 1289/1941/1722
f 1304/2027/1804 1301/2021/1798 1302/1946/1727 1303/1945/1726
f 1317/2025/1802 1315/2019/1796 1316/1948/1729 1318/1934/1715
f 1331/2023/1800 1329/2017/1794 1330/1950/1731 1332/1942/1723
f 1301/2021/1798 1299/2015/1792 1300/1952/1733 1302/1946/1727
f 1315/2019/1796 1313/2013/1790 1314/1954/1735 1316/1948/1729
f 1329/2017/1794 1327/2011/1788 1328/1956/1737 1330/1950/1731
f 1299/2015/1792 1297/2009/1786 1298/1958/1739 1300/1952/1733
f 1313/2013/1790 1311/2007/1784 1312/1960/1741 1314/1954/1735
f 1327/2011/1788 1325/2003/1782 1326/1962/1743 1328/1956/1737
f 1297/2009/1786 1295/2001/1780 1296/1964/1745 1298/1958/1739
f 1311/2007/1784 1309/1999/1778 1310/1966/1747 1312/1960/1741
f 1325/2003/1782 1323/2006/1774 1324/1968/1749 1326/1962/1743
f 1295/2001/1780 1293/1993/1772 1294/1970/1751 1296/1964/1745
f 1309/1999/1778 1307/1985/1764 1308/1972/1753 1310/1966/1747
f 1323/1995/1774 1321/1998/1777 1322/1976/1755 1324/1975/1749
f 1293/1993/1772 1291/1989/1768 1292/1937/1718 1294/1970/1751
f 1307/1985/1764 1305/1988/1767 1306/1978/1757 1308/1972/1753
f 1321/1998/1777 1320/2031/1808 1319/1933/1714 1322/1976/1755
f 1291/1989/1768 1286/1992/1771 1285/1938/1719 1292/1937/1718
f 1287/2033/1810 1290/2029/1806 1289/1941/1722 1288/1984/1763
f 1305/1988/1767 1304/2027/1804 1303/1945/1726 1306/1978/1757
f 1189/1851/1635 1192/2089/1864 1166/2090/1865 1165/1852/1636
f 1368/1932/1713 1365/1931/1712 1366/2051/1826 1367/1790/1576
f 1334/1935/1716 1335/1983/1762 1336/1981/1760 1333/1980/1759
f 1338/1940/1721 1379/1939/1720 1380/1832/1616 1337/1831/1615
f 1352/1944/1725 1349/1943/1724 1350/1849/1633 1351/2045/1822
f 1365/1931/1712 1363/1947/1728 1364/1843/1627 1366/2051/1826
f 1379/1939/1720 1377/1949/1730 1378/1835/1619 1380/1832/1616
f 1349/1943/1724 1347/1951/1732 1348/1821/1607 1350/1849/1633
f 1363/1947/1728 1361/1953/1734 1362/1809/1595 1364/1843/1627
f 1377/1949/1730 1375/1955/1736 1376/1793/1579 1378/1835/1619
f 1347/1951/1732 1345/1957/1738 1346/1822/1608 1348/1821/1607
f 1361/1953/1734 1359/1959/1740 1360/1810/1596 1362/1809/1595
f 1375/1955/1736 1373/1961/1742 1374/1794/1580 1376/1793/1579
f 1345/1957/1738 1343/1963/1744 1344/1815/1601 1346/1822/1608
f 1359/1959/1740 1357/1965/1746 1358/2043/1820 1360/1810/1596
f 1373/1961/1742 1371/1967/1748 1372/2049/1625 1374/1794/1580
f 1343/1963/1744 1341/1969/1750 1342/1816/1602 1344/1815/1601
f 1357/1965/1746 1355/1971/1752 1356/1805/1591 1358/2043/1820
f 1371/1974/1748 1369/1973/1754 1370/1789/1575 1372/1841/1625
f 1341/1969/1750 1339/1936/1717 1340/2061/1836 1342/1816/1602
f 1355/1971/1752 1353/1977/1756 1354/1806/1592 1356/1805/1591
f 1369/1973/1754 1368/1932/1713 1367/1790/1576 1370/1789/1575
f 1339/1936/1717 1334/1935/1716 1333/1980/1759 1340/2061/1836
f 1335/1983/1762 1338/1940/1721 1337/1831/1615 1336/1981/1760
f 1353/1977/1756 1352/1944/1725 1351/2045/1822 1354/1806/1592
f 3416/2062/1837 1340/2061/1836 1333/1980/1759 3455/1979/1758
f 3184/2137/1887 1381/2138/1888 1390/2139/1889 3175/2140/1890
f 3224/2141/1891 1382/2142/1892 1389/2143/1893 3225/2144/1894
f 3272/2145/1895 1383/2146/1896 1388/2147/1897 3273/2148/1898
f 3320/2149/1899 1384/2150/1900 1387/2151/1901 3321/2152/1902
f 3368/2153/1903 1385/2154/1904 1386/2155/1905 3369/2156/1906
f 3210/2157/1907 1466/2158/1908 1461/2159/1909 3208/2160/1910
f 3258/2161/1911 1467/2162/1912 1462/2163/1913 3256/2164/1914
f 3306/2165/1915 1468/2166/1916 1463/2167/1917 3304/2168/1918
f 3354/2169/1919 1469/2170/1920 1464/2171/1921 3352/2172/1922
f 3402/2173/1923 1470/2174/1924 1465/2175/1925 3400/2176/1926
f 3202/2177/1927 1446/2178/1928 1441/2179/1929 3200/2180/1930
f 3250/2181/1931 1447/2182/1932 1442/2183/1933 3248/2184/1934
f 3298/2185/1935 1448/2186/1936 1443/2187/1937 3296/2188/1938
f 3346/2189/1939 1449/2190/1940 1444/2191/1941 3344/2192/1942
f 3394/2193/1943 1450/2194/1944 1445/2195/1945 3392/2196/1946
f 3196/2197/1947 1431/2198/1948 1426/2199/1949 3194/2200/1950
f 3244/2201/1951 1432/2202/1952 1427/2203/1953 3242/2204/1954
f 3292/2205/1955 1433/2206/1956 1428/2207/1957 3290/2208/1958
f 3340/2209/1959 1434/2210/1960 1429/2211/1961 3338/2212/1962
f 3388/2213/1963 1435/2214/1964 1430/2215/1965 3386/2216/1966
f 3186/2217/1967 1406/2218/1968 1381/2138/1888 3184/2137/1887
f 3234/2219/1969 1407/2220/1970 1382/2142/1892 3224/2141/1891
f 3282/2221/1971 1408/2222/1972 1383/2146/1896 3272/2145/1895
f 3330/2223/1973 1409/2224/1974 1384/2150/1900 3320/2149/1899
f 3378/2225/1975 1410/2226/1976 1385/2154/1904 3368/2153/1903
f 3177/2227/1977 1395/2228/1978 1400/2229/1979 3179/2230/1980
f 3227/2231/1981 1394/2232/1982 1399/2233/1983 3229/2234/1984
f 3275/2235/1985 1393/2236/1986 1398/2237/1987 3277/2238/1988
f 3323/2239/1989 1392/2240/1990 1397/2241/1991 3325/2242/1992
f 3371/2243/1993 1391/2244/1994 1396/2245/1995 3373/2246/1996
f 3212/2247/1997 1471/2248/1998 1466/2158/1908 3210/2157/1907
f 3260/2249/1999 1472/2250/2000 1467/2162/1912 3258/2161/1911
f 3308/2251/2001 1473/2252/2002 1468/2166/1916 3306/2165/1915
f 3356/2253/2003 1474/2254/2004 1469/2170/1920 3354/2169/1919
f 3404/2255/2005 1475/2256/2006 1470/2174/1924 3402/2173/1923
f 3218/2257/2007 1486/2258/2008 1481/2259/2009 3216/2260/2010
f 3266/2261/2011 1487/2262/2012 1482/2263/2013 3264/2264/2014
f 3314/2265/2015 1488/2266/2016 1483/2267/2017 3312/2268/2018
f 3362/2269/2019 1489/2270/2020 1484/2271/2021 3360/2272/2022
f 3410/2273/2023 1490/2274/2024 1485/2275/2025 3408/2276/2026
f 3198/2277/2027 1436/2278/2028 1431/2198/1948 3196/2197/1947
f 3246/2279/2029 1437/2280/2030 1432/2202/1952 3244/2201/1951
f 3294/2281/2031 1438/2282/2032 1433/2206/1956 3292/2205/1955
f 3342/2283/2033 1439/2284/2034 1434/2210/1960 3340/2209/1959
f 3390/2285/2035 1440/2286/2036 1435/2214/1964 3388/2213/1963
f 3204/2287/2037 1451/2288/2038 1446/2178/1928 3202/2177/1927
f 3252/2289/2039 1452/2290/2040 1447/2182/1932 3250/2181/1931
f 3300/2291/2041 1453/2292/2042 1448/2186/1936 3298/2185/1935
f 3348/2293/2043 1454/2294/2044 1449/2190/1940 3346/2189/1939
f 3396/2295/2045 1455/2296/2046 1450/2194/1944 3394/2193/1943
f 3190/2297/2047 1416/2298/2048 1411/2299/2049 3188/2300/2050
f 3238/2301/2051 1417/2302/2052 1412/2303/2053 3236/2304/2054
f 3286/2305/2055 1418/2306/2056 1413/2307/2057 3284/2308/2058
f 3334/2309/2059 1419/2310/2060 1414/2311/2061 3332/2312/2062
f 3382/2313/2063 1420/2314/2064 1415/2315/2065 3380/2316/2066
f 3175/2140/1890 1390/2139/1889 1395/2228/1978 3177/2227/1977
f 3225/2144/1894 1389/2143/1893 1394/2232/1982 3227/2231/1981
f 3273/2148/1898 1388/2147/1897 1393/2236/1986 3275/2235/1985
f 3321/2152/1902 1387/2151/1901 1392/2240/1990 3323/2239/1989
f 3369/2156/1906 1386/2155/1905 1391/2244/1994 3371/2243/1993
f 3181/2317/2067 1405/2318/2068 1496/2319/2069 3222/2320/2070
f 3231/2321/2071 1404/2322/2072 1497/2323/2073 3270/2324/2074
f 3279/2325/2075 1403/2326/2076 1498/2327/2077 3318/2328/2078
f 3327/2329/2079 1402/2330/2080 1499/2331/2081 3366/2332/2082
f 3375/2333/2083 1401/2334/2084 1500/2335/2085 3414/2336/2086
f 3194/2200/1950 1426/2199/1949 1421/2337/2087 3192/2338/2088
f 3242/2204/1954 1427/2203/1953 1422/2339/2089 3240/2340/2090
f 3290/2208/1958 1428/2207/1957 1423/2341/2091 3288/2342/2092
f 3338/2212/1962 1429/2211/1961 1424/2343/2093 3336/2344/2094
f 3386/2216/1966 1430/2215/1965 1425/2345/2095 3384/2346/2096
f 3208/2160/1910 1461/2159/1909 1456/2347/2097 3206/2348/2098
f 3256/2164/1914 1462/2163/1913 1457/2349/2099 3254/2350/2100
f 3304/2168/1918 1463/2167/1917 1458/2351/2101 3302/2352/2102
f 3352/2172/1922 1464/2171/1921 1459/2353/2103 3350/2354/2104
f 3400/2176/1926 1465/2175/1925 1460/2355/2105 3398/2356/2106
f 3216/2357/2010 1481/2358/2009 1476/2359/2107 3214/2360/2108
f 3264/2361/2014 1482/2362/2013 1477/2363/2109 3262/2364/2110
f 3312/2365/2018 1483/2366/2017 1478/2367/2111 3310/2368/2112
f 3360/2369/2022 1484/2370/2021 1479/2371/2113 3358/2372/2114
f 3408/2373/2026 1485/2374/2025 1480/2375/2115 3406/2376/2116
f 3222/2320/2070 1496/2319/2069 1491/2377/2117 3220/2378/2118
f 3270/2324/2074 1497/2323/2073 1492/2379/2119 3268/2380/2120
f 3318/2328/2078 1498/2327/2077 1493/2381/2121 3316/2382/2122
f 3366/2332/2082 1499/2331/2081 1494/2383/2123 3364/2384/2124
f 3414/2336/2086 1500/2335/2085 1495/2385/2125 3412/2386/2126
f 3179/2230/1980 1400/2229/1979 1405/2318/2068 3181/2317/2067
f 3229/2234/1984 1399/2233/1983 1404/2322/2072 3231/2321/2071
f 3277/2238/1988 1398/2237/1987 1403/2326/2076 3279/2325/2075
f 3325/2242/1992 1397/2241/1991 1402/2330/2080 3327/2329/2079
f 3373/2246/1996 1396/2245/1995 1401/2334/2084 3375/2333/2083
f 3192/2338/2088 1421/2337/2087 1416/2298/2048 3190/2297/2047
f 3240/2340/2090 1422/2339/2089 1417/2302/2052 3238/2301/2051
f 3288/2342/2092 1423/2341/2091 1418/2306/2056 3286/2305/2055
f 3336/2344/2094 1424/2343/2093 1419/2310/2060 3334/2309/2059
f 3384/2346/2096 1425/2345/2095 1420/2314/2064 3382/2313/2063
f 3188/2300/2050 1411/2299/2049 1406/2218/1968 3186/2217/1967
f 3236/2304/2054 1412/2303/2053 1407/2220/1970 3234/2219/1969
f 3284/2308/2058 1413/2307/2057 1408/2222/1972 3282/2221/1971
f 3332/2312/2062 1414/2311/2061 1409/2224/1974 3330/2223/1973
f 3380/2316/2066 1415/2315/2065 1410/2226/1976 3378/2225/1975
f 3206/2348/2098 1456/2347/2097 1451/2288/2038 3204/2287/2037
f 3254/2350/2100 1457/2349/2099 1452/2290/2040 3252/2289/2039
f 3302/2352/2102 1458/2351/2101 1453/2292/2042 3300/2291/2041
f 3350/2354/2104 1459/2353/2103 1454/2294/2044 3348/2293/2043
f 3398/2356/2106 1460/2355/2105 1455/2296/2046 3396/2295/2045
f 3200/2180/1930 1441/2179/1929 1436/2278/2028 3198/2277/2027
f 3248/2184/1934 1442/2183/1933 1437/2280/2030 3246/2279/2029
f 3296/2188/1938 1443/2187/1937 1438/2282/2032 3294/2281/2031
f 3344/2192/1942 1444/2191/1941 1439/2284/2034 3342/2283/2033
f 3392/2196/1946 1445/2195/1945 1440/2286/2036 3390/2285/2035
f 3220/2378/2118 1491/2377/2117 1486/2258/2008 3218/2257/2007
f 3268/2380/2120 1492/2379/2119 1487/2262/2012 3266/2261/2011
f 3316/2382/2122 1493/2381/2121 1488/2266/2016 3314/2265/2015
f 3364/2384/2124 1494/2383/2123 1489/2270/2020 3362/2269/2019
f 3412/2386/2126 1495/2385/2125 1490/2274/2024 3410/2273/2023
f 3214/2360/2108 1476/2359/2107 1471/2248/1998 3212/2247/1997
f 3262/2364/2110 1477/2363/2109 1472/2250/2000 3260/2249/1999
f 3310/2368/2112 1478/2367/2111 1473/2252/2002 3308/2251/2001
f 3358/2372/2114 1479/2371/2113 1474/2254/2004 3356/2253/2003
f 3406/2376/2116 1480/2375/2115 1475/2256/2006 3404/2255/2005
f 1618/2387/2127 1501/2388/2128 1502/2389/2129 1619/2390/2130
f 1626/2391/2131 1628/2392/2132 1616/2393/2133
f 1622/2394/2134 1624/2395/2135 1616/2393/2133
f 1624/2395/2135 1626/2391/2131 1616/2393/2133
f 1628/2392/2132 1617/2396/2136 1616/2393/2133
f 1505/2397/2133 1504/2398/2133 1510/2399/2137 1511/2400/2138
f 1503/2401/2133 1502/2402/2133 1508/2403/2139 1509/2404/2140
f 1506/2405/2133 1505/2397/2133 1511/2400/2138 1512/2406/2141
f 1504/2398/2133 1503/2407/2133 1509/2408/2140 1510/2399/2137
f 1502/2402/2133 1501/2409/2133 1507/2410/2142 1508/2403/2139
f 1501/2409/2133 1506/2405/2133 1512/2406/2141 1507/2410/2142
f 1510/2399/2137 1509/2408/2140 1515/2411/2143 1516/2412/2144
f 1508/2403/2139 1507/2410/2142 1513/2413/2145 1514/2414/2146
f 1507/2410/2142 1512/2406/2141 1518/2415/2147 1513/2413/2145
f 1511/2400/2138 1510/2399/2137 1516/2412/2144 1517/2416/2148
f 1509/2404/2140 1508/2403/2139 1514/2414/2146 1515/2417/2143
f 1512/2406/2141 1511/2400/2138 1517/2416/2148 1518/2415/2147
f 1515/2417/2143 1514/2414/2146 1520/2418/2149 1521/2419/2150
f 1518/2415/2147 1517/2416/2148 1523/2420/2151 1524/2421/2152
f 1516/2412/2144 1515/2411/2143 1521/2422/2150 1522/2423/2153
f 1514/2414/2146 1513/2413/2145 1519/2424/2154 1520/2418/2149
f 1513/2413/2145 1518/2415/2147 1524/2421/2152 1519/2424/2154
f 1517/2416/2148 1516/2412/2144 1522/2423/2153 1523/2420/2151
f 1520/2418/2149 1519/2424/2154 1525/2425/2155 1526/2426/2156
f 1519/2424/2154 1524/2421/2152 1530/2427/2157 1525/2425/2155
f 1523/2420/2151 1522/2423/2153 1528/2428/2158 1529/2429/2159
f 1521/2419/2150 1520/2418/2149 1526/2426/2156 1527/2430/2160
f 1524/2421/2152 1523/2420/2151 1529/2429/2159 1530/2427/2157
f 1522/2423/2153 1521/2422/2150 1527/2431/2160 1528/2428/2158
f 1545/2432/2161 1543/2433/2162 1534/2434/2163 1535/2435/2164
f 1538/2436/2165 1547/2437/2166 1536/2438/2167 1531/2439/2168
f 1541/2440/2169 1539/2441/2170 1532/2442/2171 1533/2443/2172
f 1547/2437/2166 1545/2432/2161 1535/2435/2164 1536/2438/2167
f 1543/2433/2162 1541/2444/2169 1533/2445/2172 1534/2434/2163
f 1525/2425/2155 1530/2427/2157 1548/2446/2173 1537/2447/2174
f 1529/2429/2159 1528/2428/2158 1544/2448/2175 1546/2449/2176
f 1527/2430/2160 1526/2426/2156 1540/2450/2177 1542/2451/2178
f 1530/2427/2157 1529/2429/2159 1546/2449/2176 1548/2446/2173
f 1528/2428/2158 1527/2431/2160 1542/2452/2178 1544/2448/2175
f 1526/2426/2156 1525/2425/2155 1537/2447/2174 1540/2450/2177
f 1540/2450/2177 1537/2447/2174 1538/2436/2165 1539/2441/2170
f 1542/2451/2178 1540/2450/2177 1539/2441/2170 1541/2440/2169
f 1544/2448/2175 1542/2452/2178 1541/2444/2169 1543/2433/2162
f 1546/2449/2176 1544/2448/2175 1543/2433/2162 1545/2432/2161
f 1548/2446/2173 1546/2449/2176 1545/2432/2161 1547/2437/2166
f 1537/2447/2174 1548/2446/2173 1547/2437/2166 1538/2436/2165
f 1539/2441/2170 1538/2436/2165 1531/2439/2168 1532/2442/2171
f 1531/2439/2168 1536/2438/2167 1554/2453/2179 1549/2454/2180
f 1535/2435/2164 1534/2434/2163 1552/2455/2181 1553/2456/2182
f 1533/2443/2172 1532/2442/2171 1550/2457/2183 1551/2458/2184
f 1536/2438/2167 1535/2435/2164 1553/2456/2182 1554/2453/2179
f 1534/2434/2163 1533/2445/2172 1551/2459/2184 1552/2455/2181
f 1532/2442/2171 1531/2439/2168 1549/2454/2180 1550/2457/2183
f 1553/2456/2182 1552/2455/2181 1558/2460/2185 1559/2461/2186
f 1551/2458/2184 1550/2457/2183 1556/2462/2187 1557/2463/2188
f 1554/2453/2179 1553/2456/2182 1559/2461/2186 1560/2464/2189
f 1552/2455/2181 1551/2459/2184 1557/2465/2188 1558/2460/2185
f 1550/2457/2183 1549/2454/2180 1555/2466/2190 1556/2462/2187
f 1549/2454/2180 1554/2453/2179 1560/2464/2189 1555/2466/2190
f 1558/2460/2185 1557/2465/2188 1563/2467/2191 1564/2468/2192
f 1556/2462/2187 1555/2466/2190 1561/2469/2193 1562/2470/2194
f 1560/2464/2189 1559/2461/2186 1612/2471/2195 1609/2472/2196
f 1566/2473/2197 1561/2469/2193 1614/2474/2198 1605/2475/2199
f 1557/2463/2188 1556/2462/2187 1562/2470/2194 1563/2476/2191
f 1602/2477/2200 1607/2478/2201 1596/2479/2202 1597/2480/2203
f 1566/2473/2197 1565/2481/2204 1577/2482/2205 1581/2483/2206
f 1565/2481/2204 1564/2468/2192 1575/2484/2207 1577/2482/2205
f 1562/2470/2194 1561/2469/2193 1589/2485/2208 1584/2486/2209
f 1583/2487/2210 1590/2488/2211 1567/2489/2212 1568/2490/2213
f 1580/2491/2214 1578/2492/2215 1571/2493/2216 1572/2494/2217
f 1568/2490/2213 1567/2489/2212 1573/2495/2218
f 1567/2489/2212 1572/2494/2217 1573/2495/2218
f 1571/2493/2216 1570/2496/2219 1573/2495/2218
f 1569/2497/2220 1568/2490/2213 1573/2495/2218
f 1572/2494/2217 1571/2493/2216 1573/2495/2218
f 1570/2496/2219 1569/2498/2220 1573/2495/2218
f 1578/2492/2215 1574/2499/2221 1570/2496/2219 1571/2493/2216
f 1590/2488/2211 1580/2491/2214 1572/2494/2217 1567/2489/2212
f 1563/2476/2191 1562/2470/2194 1584/2486/2209 1586/2500/2222
f 1574/2499/2221 1587/2501/2223 1569/2498/2220 1570/2496/2219
f 1561/2469/2193 1566/2473/2197 1581/2483/2206 1589/2485/2208
f 1587/2502/2223 1583/2487/2210 1568/2490/2213 1569/2497/2220
f 1578/2492/2215 1580/2491/2214 1582/2503/2224 1579/2504/2225
f 1579/2504/2225 1582/2503/2224 1581/2483/2206 1577/2482/2205
f 1587/2501/2223 1574/2499/2221 1576/2505/2226 1588/2506/2227
f 1588/2506/2227 1576/2505/2226 1575/2484/2207 1586/2507/2222
f 1590/2488/2211 1583/2487/2210 1585/2508/2228 1591/2509/2229
f 1591/2509/2229 1585/2508/2228 1584/2486/2209 1589/2485/2208
f 1580/2491/2214 1590/2488/2211 1591/2509/2229 1582/2503/2224
f 1582/2503/2224 1591/2509/2229 1589/2485/2208 1581/2483/2206
f 1574/2499/2221 1578/2492/2215 1579/2504/2225 1576/2505/2226
f 1576/2505/2226 1579/2504/2225 1577/2482/2205 1575/2484/2207
f 1583/2487/2210 1587/2502/2223 1588/2510/2227 1585/2508/2228
f 1585/2508/2228 1588/2510/2227 1586/2500/2222 1584/2486/2209
f 1564/2468/2192 1563/2467/2191 1586/2507/2222 1575/2484/2207
f 1595/2511/2230 1594/2512/2231 1598/2513/2232 1599/2514/2233
f 1592/2515/2234 1593/2516/2235 1597/2480/2203 1596/2479/2202
f 1594/2512/2231 1592/2515/2234 1596/2479/2202 1598/2513/2232
f 1559/2461/2186 1558/2460/2185 1600/2517/2236 1612/2471/2195
f 1565/2481/2204 1566/2473/2197 1605/2475/2199 1606/2518/2237
f 1555/2466/2190 1560/2464/2189 1609/2472/2196 1610/2519/2238
f 1564/2468/2192 1565/2481/2204 1606/2518/2237 1603/2520/2239
f 1604/2521/2240 1615/2522/2241 1599/2514/2233 1598/2513/2232
f 1561/2469/2193 1555/2466/2190 1610/2519/2238 1614/2474/2198
f 1608/2523/2242 1613/2524/2243 1592/2515/2234 1594/2512/2231
f 1615/2522/2241 1611/2525/2244 1595/2511/2230 1599/2514/2233
f 1601/2526/2245 1602/2477/2200 1597/2480/2203 1593/2516/2235
f 1613/2524/2243 1601/2526/2245 1593/2516/2235 1592/2515/2234
f 1607/2478/2201 1604/2521/2240 1598/2513/2232 1596/2479/2202
f 1611/2525/2244 1608/2523/2242 1594/2512/2231 1595/2511/2230
f 1607/2478/2201 1602/2477/2200 1603/2520/2239 1606/2518/2237
f 1613/2524/2243 1608/2523/2242 1609/2472/2196 1612/2471/2195
f 1615/2522/2241 1604/2521/2240 1605/2475/2199 1614/2474/2198
f 1611/2525/2244 1615/2522/2241 1614/2474/2198 1610/2519/2238
f 1601/2526/2245 1613/2524/2243 1612/2471/2195 1600/2517/2236
f 1602/2477/2200 1601/2526/2245 1600/2517/2236 1603/2520/2239
f 1604/2521/2240 1607/2478/2201 1606/2518/2237 1605/2475/2199
f 1608/2523/2242 1611/2525/2244 1610/2519/2238 1609/2472/2196
f 1558/2460/2185 1564/2468/2192 1603/2520/2239 1600/2517/2236
f 1625/2527/2246 1505/2528/2247 1506/2529/2248 1627/2530/2249
f 1621/2531/2250 1503/2532/2251 1504/2533/2252 1623/2534/2253
f 1627/2530/2249 1506/2529/2248 1501/2388/2128 1618/2387/2127
f 1620/2535/2254 1622/2536/2134 1616/2393/2133
f 1623/2534/2253 1504/2533/2252 1505/2528/2247 1625/2527/2246
f 1619/2390/2130 1502/2389/2129 1503/2537/2251 1621/2538/2250
f 1620/2535/2254 1617/2396/2136 1618/2387/2127 1619/2390/2130
f 1622/2536/2134 1620/2535/2254 1619/2390/2130 1621/2538/2250
f 1624/2395/2135 1622/2394/2134 1621/2531/2250 1623/2534/2253
f 1626/2391/2131 1624/2395/2135 1623/2534/2253 1625/2527/2246
f 1628/2392/2132 1626/2391/2131 1625/2527/2246 1627/2530/2249
f 1617/2396/2136 1628/2392/2132 1627/2530/2249 1618/2387/2127
f 1617/2396/2136 1620/2535/2254 1616/2393/2133
f 1629/2539/2255 1630/2540/2256 1636/2541/2257 1633/2542/2258
f 1633/2542/2258 1636/2541/2257 1635/2543/2259 1634/2544/2260
f 1634/2544/2260 1635/2543/2259 1632/2545/2261 1631/2546/2262
f 1637/2547/2263 1638/2548/2264 1644/2549/2265 1641/2550/2266
f 1641/2550/2266 1644/2549/2265 1643/2551/2267 1642/2552/2268
f 1642/2552/2268 1643/2551/2267 1640/2553/2269 1639/2554/2270
f 1645/2555/2271 1646/2556/2272 1652/2557/2273 1649/2558/2274
f 1649/2558/2274 1652/2557/2273 1651/2559/2275 1650/2560/2276
f 1650/2560/2276 1651/2559/2275 1648/2561/2277 1647/2562/2278
f 1653/2563/2279 1654/2564/2280 1660/2565/2281 1657/2566/2282
f 1657/2566/2282 1660/2565/2281 1659/2567/2283 1658/2568/2284
f 1658/2568/2284 1659/2567/2283 1656/2569/2285 1655/2570/2286
f 1661/2571/2287 1662/2572/2288 1663/2573/2289 1664/2574/2290
f 1662/2572/2288 1665/2575/2291 1666/2576/2292 1663/2573/2289
f 1665/2575/2291 1667/2577/2293 1668/2578/2294 1666/2576/2292
f 1669/2579/2295 1670/2580/2296 1671/2581/2297 1672/2582/2298
f 1670/2580/2296 1673/2583/2299 1674/2584/2300 1671/2581/2297
f 1673/2583/2299 1675/2585/2301 1676/2586/2302 1674/2584/2300
f 1677/2587/2303 1678/2588/2304 1679/2589/2305 1680/2590/2306
f 1678/2588/2304 1681/2591/2307 1682/2592/2308 1679/2589/2305
f 1681/2591/2307 1683/2593/2309 1684/2594/2310 1682/2592/2308
f 1685/2595/2311 1686/2596/2312 1687/2597/2313 1688/2598/2314
f 1686/2596/2312 1689/2599/2315 1690/2600/2316 1687/2597/2313
f 1689/2599/2315 1691/2601/2317 1692/2602/2318 1690/2600/2316
f 1631/2546/2262 1632/2545/2261 1668/2578/2294 1667/2577/2293
f 1645/2555/2271 1649/2558/2274 1678/2588/2304 1677/2587/2303
f 1633/2542/2258 1634/2544/2260 1665/2575/2291 1662/2572/2288
f 1652/2557/2273 1646/2556/2272 1680/2590/2306 1679/2589/2305
f 1642/2552/2268 1639/2554/2270 1675/2585/2301 1673/2583/2299
f 1654/2564/2280 1653/2563/2279 1685/2595/2311 1688/2598/2314
f 1640/2553/2269 1643/2551/2267 1674/2584/2300 1676/2586/2302
f 1635/2543/2259 1636/2541/2257 1663/2573/2289 1666/2576/2292
f 1655/2570/2286 1656/2569/2285 1692/2602/2318 1691/2601/2317
f 1637/2547/2263 1641/2550/2266 1670/2580/2296 1669/2579/2295
f 1657/2566/2282 1658/2568/2284 1689/2599/2315 1686/2596/2312
f 1644/2549/2265 1638/2548/2264 1672/2582/2298 1671/2581/2297
f 1634/2544/2260 1631/2546/2262 1667/2577/2293 1665/2575/2291
f 1646/2556/2272 1645/2555/2271 1677/2587/2303 1680/2590/2306
f 1632/2545/2261 1635/2543/2259 1666/2576/2292 1668/2578/2294
f 1659/2567/2283 1660/2565/2281 1687/2597/2313 1690/2600/2316
f 1647/2562/2278 1648/2561/2277 1684/2594/2310 1683/2593/2309
f 1629/2539/2255 1633/2542/2258 1662/2572/2288 1661/2571/2287
f 1649/2558/2274 1650/2560/2276 1681/2591/2307 1678/2588/2304
f 1636/2541/2257 1630/2540/2256 1664/2574/2290 1663/2573/2289
f 1658/2568/2284 1655/2570/2286 1691/2601/2317 1689/2599/2315
f 1638/2548/2264 1637/2547/2263 1669/2579/2295 1672/2582/2298
f 1656/2569/2285 1659/2567/2283 1690/2600/2316 1692/2602/2318
f 1651/2559/2275 1652/2557/2273 1679/2589/2305 1682/2592/2308
f 1639/2554/2270 1640/2553/2269 1676/2586/2302 1675/2585/2301
f 1653/2563/2279 1657/2566/2282 1686/2596/2312 1685/2595/2311
f 1641/2550/2266 1642/2552/2268 1673/2583/2299 1670/2580/2296
f 1660/2565/2281 1654/2564/2280 1688/2598/2314 1687/2597/2313
f 1650/2560/2276 1647/2562/2278 1683/2593/2309 1681/2591/2307
f 1630/2540/2256 1629/2539/2255 1661/2571/2287 1664/2574/2290
f 1648/2561/2277 1651/2559/2275 1682/2592/2308 1684/2594/2310
f 1643/2551/2267 1644/2549/2265 1671/2581/2297 1674/2584/2300
f 1810/2603/2319 1693/2604/2320 1694/2605/2321 1811/2606/2322
f 1818/2607/2323 1820/2608/2324 1808/2609/2325
f 1814/2610/2326 1816/2611/2327 1808/2609/2325
f 1816/2611/2327 1818/2607/2323 1808/2609/2325
f 1820/2608/2324 1809/2612/2328 1808/2609/2325
f 1697/2613/2325 1696/2614/2325 1702/2615/2329 1703/2616/2330
f 1695/2617/2325 1694/2618/2325 1700/2619/2331 1701/2620/2332
f 1698/2621/2325 1697/2613/2325 1703/2616/2330 1704/2622/2333
f 1696/2614/2325 1695/2623/2325 1701/2624/2332 1702/2615/2329
f 1694/2618/2325 1693/2625/2325 1699/2626/2334 1700/2619/2331
f 1693/2625/2325 1698/2621/2325 1704/2622/2333 1699/2626/2334
f 1702/2615/2329 1701/2624/2332 1707/2627/2335 1708/2628/2336
f 1700/2619/2331 1699/2626/2334 1705/2629/2337 1706/2630/2338
f 1699/2626/2334 1704/2622/2333 1710/2631/2339 1705/2629/2337
f 1703/2616/2330 1702/2615/2329 1708/2628/2336 1709/2632/2340
f 1701/2620/2332 1700/2619/2331 1706/2630/2338 1707/2633/2335
f 1704/2622/2333 1703/2616/2330 1709/2632/2340 1710/2631/2339
f 1707/2633/2335 1706/2630/2338 1712/2634/2341 1713/2635/2342
f 1710/2631/2339 1709/2632/2340 1715/2636/2343 1716/2637/2344
f 1708/2628/2336 1707/2627/2335 1713/2638/2342 1714/2639/2345
f 1706/2630/2338 1705/2629/2337 1711/2640/2346 1712/2634/2341
f 1705/2629/2337 1710/2631/2339 1716/2637/2344 1711/2640/2346
f 1709/2632/2340 1708/2628/2336 1714/2639/2345 1715/2636/2343
f 1712/2634/2341 1711/2640/2346 1717/2641/2347 1718/2642/2348
f 1711/2640/2346 1716/2637/2344 1722/2643/2349 1717/2641/2347
f 1715/2636/2343 1714/2639/2345 1720/2644/2350 1721/2645/2351
f 1713/2635/2342 1712/2634/2341 1718/2642/2348 1719/2646/2352
f 1716/2637/2344 1715/2636/2343 1721/2645/2351 1722/2643/2349
f 1714/2639/2345 1713/2638/2342 1719/2647/2352 1720/2644/2350
f 1737/2648/2353 1735/2649/2354 1726/2650/2355 1727/2651/2356
f 1730/2652/2357 1739/2653/2358 1728/2654/2359 1723/2655/2360
f 1733/2656/2361 1731/2657/2362 1724/2658/2363 1725/2659/2364
f 1739/2653/2358 1737/2648/2353 1727/2651/2356 1728/2654/2359
f 1735/2649/2354 1733/2660/2361 1725/2661/2364 1726/2650/2355
f 1717/2641/2347 1722/2643/2349 1740/2662/2365 1729/2663/2366
f 1721/2645/2351 1720/2644/2350 1736/2664/2367 1738/2665/2368
f 1719/2646/2352 1718/2642/2348 1732/2666/2369 1734/2667/2370
f 1722/2643/2349 1721/2645/2351 1738/2665/2368 1740/2662/2365
f 1720/2644/2350 1719/2647/2352 1734/2668/2370 1736/2664/2367
f 1718/2642/2348 1717/2641/2347 1729/2663/2366 1732/2666/2369
f 1732/2666/2369 1729/2663/2366 1730/2652/2357 1731/2657/2362
f 1734/2667/2370 1732/2666/2369 1731/2657/2362 1733/2656/2361
f 1736/2664/2367 1734/2668/2370 1733/2660/2361 1735/2649/2354
f 1738/2665/2368 1736/2664/2367 1735/2649/2354 1737/2648/2353
f 1740/2662/2365 1738/2665/2368 1737/2648/2353 1739/2653/2358
f 1729/2663/2366 1740/2662/2365 1739/2653/2358 1730/2652/2357
f 1731/2657/2362 1730/2652/2357 1723/2655/2360 1724/2658/2363
f 1723/2655/2360 1728/2654/2359 1746/2669/2371 1741/2670/2372
f 1727/2651/2356 1726/2650/2355 1744/2671/2373 1745/2672/2374
f 1725/2659/2364 1724/2658/2363 1742/2673/2375 1743/2674/2376
f 1728/2654/2359 1727/2651/2356 1745/2672/2374 1746/2669/2371
f 1726/2650/2355 1725/2661/2364 1743/2675/2376 1744/2671/2373
f 1724/2658/2363 1723/2655/2360 1741/2670/2372 1742/2673/2375
f 1745/2672/2374 1744/2671/2373 1750/2676/2377 1751/2677/2378
f 1743/2674/2376 1742/2673/2375 1748/2678/2379 1749/2679/2380
f 1746/2669/2371 1745/2672/2374 1751/2677/2378 1752/2680/2381
f 1744/2671/2373 1743/2675/2376 1749/2681/2380 1750/2676/2377
f 1742/2673/2375 1741/2670/2372 1747/2682/2382 1748/2678/2379
f 1741/2670/2372 1746/2669/2371 1752/2680/2381 1747/2682/2382
f 1750/2676/2377 1749/2681/2380 1755/2683/2383 1756/2684/2384
f 1748/2678/2379 1747/2682/2382 1753/2685/2385 1754/2686/2386
f 1752/2680/2381 1751/2677/2378 1804/2687/2387 1801/2688/2388
f 1758/2689/2389 1753/2685/2385 1806/2690/2390 1797/2691/2391
f 1749/2679/2380 1748/2678/2379 1754/2686/2386 1755/2692/2383
f 1794/2693/2392 1799/2694/2393 1788/2695/2394 1789/2696/2395
f 1758/2689/2389 1757/2697/2396 1769/2698/2397 1773/2699/2398
f 1757/2697/2396 1756/2684/2384 1767/2700/2399 1769/2698/2397
f 1754/2686/2386 1753/2685/2385 1781/2701/2400 1776/2702/2401
f 1775/2703/2402 1782/2704/2403 1759/2705/2404 1760/2706/2405
f 1772/2707/2406 1770/2708/2407 1763/2709/2408 1764/2710/2409
f 1760/2706/2405 1759/2705/2404 1765/2711/2410
f 1759/2705/2404 1764/2710/2409 1765/2711/2410
f 1763/2709/2408 1762/2712/2411 1765/2711/2410
f 1761/2713/2412 1760/2706/2405 1765/2711/2410
f 1764/2710/2409 1763/2709/2408 1765/2711/2410
f 1762/2712/2411 1761/2714/2412 1765/2711/2410
f 1770/2708/2407 1766/2715/2413 1762/2712/2411 1763/2709/2408
f 1782/2704/2403 1772/2707/2406 1764/2710/2409 1759/2705/2404
f 1755/2692/2383 1754/2686/2386 1776/2702/2401 1778/2716/2414
f 1766/2715/2413 1779/2717/2415 1761/2714/2412 1762/2712/2411
f 1753/2685/2385 1758/2689/2389 1773/2699/2398 1781/2701/2400
f 1779/2718/2415 1775/2703/2402 1760/2706/2405 1761/2713/2412
f 1770/2708/2407 1772/2707/2406 1774/2719/2416 1771/2720/2417
f 1771/2720/2417 1774/2719/2416 1773/2699/2398 1769/2698/2397
f 1779/2717/2415 1766/2715/2413 1768/2721/2418 1780/2722/2419
f 1780/2722/2419 1768/2721/2418 1767/2700/2399 1778/2723/2414
f 1782/2704/2403 1775/2703/2402 1777/2724/2420 1783/2725/2421
f 1783/2725/2421 1777/2724/2420 1776/2702/2401 1781/2701/2400
f 1772/2707/2406 1782/2704/2403 1783/2725/2421 1774/2719/2416
f 1774/2719/2416 1783/2725/2421 1781/2701/2400 1773/2699/2398
f 1766/2715/2413 1770/2708/2407 1771/2720/2417 1768/2721/2418
f 1768/2721/2418 1771/2720/2417 1769/2698/2397 1767/2700/2399
f 1775/2703/2402 1779/2718/2415 1780/2726/2419 1777/2724/2420
f 1777/2724/2420 1780/2726/2419 1778/2716/2414 1776/2702/2401
f 1756/2684/2384 1755/2683/2383 1778/2723/2414 1767/2700/2399
f 1787/2727/2422 1786/2728/2423 1790/2729/2424 1791/2730/2425
f 1784/2731/2426 1785/2732/2427 1789/2696/2395 1788/2695/2394
f 1786/2728/2423 1784/2731/2426 1788/2695/2394 1790/2729/2424
f 1751/2677/2378 1750/2676/2377 1792/2733/2428 1804/2687/2387
f 1757/2697/2396 1758/2689/2389 1797/2691/2391 1798/2734/2429
f 1747/2682/2382 1752/2680/2381 1801/2688/2388 1802/2735/2430
f 1756/2684/2384 1757/2697/2396 1798/2734/2429 1795/2736/2431
f 1796/2737/2432 1807/2738/2433 1791/2730/2425 1790/2729/2424
f 1753/2685/2385 1747/2682/2382 1802/2735/2430 1806/2690/2390
f 1800/2739/2434 1805/2740/2435 1784/2731/2426 1786/2728/2423
f 1807/2738/2433 1803/2741/2436 1787/2727/2422 1791/2730/2425
f 1793/2742/2437 1794/2693/2392 1789/2696/2395 1785/2732/2427
f 1805/2740/2435 1793/2742/2437 1785/2732/2427 1784/2731/2426
f 1799/2694/2393 1796/2737/2432 1790/2729/2424 1788/2695/2394
f 1803/2741/2436 1800/2739/2434 1786/2728/2423 1787/2727/2422
f 1799/2694/2393 1794/2693/2392 1795/2736/2431 1798/2734/2429
f 1805/2740/2435 1800/2739/2434 1801/2688/2388 1804/2687/2387
f 1807/2738/2433 1796/2737/2432 1797/2691/2391 1806/2690/2390
f 1803/2741/2436 1807/2738/2433 1806/2690/2390 1802/2735/2430
f 1793/2742/2437 1805/2740/2435 1804/2687/2387 1792/2733/2428
f 1794/2693/2392 1793/2742/2437 1792/2733/2428 1795/2736/2431
f 1796/2737/2432 1799/2694/2393 1798/2734/2429 1797/2691/2391
f 1800/2739/2434 1803/2741/2436 1802/2735/2430 1801/2688/2388
f 1750/2676/2377 1756/2684/2384 1795/2736/2431 1792/2733/2428
f 1817/2743/2438 1697/2744/2439 1698/2745/2440 1819/2746/2441
f 1813/2747/2442 1695/2748/2443 1696/2749/2444 1815/2750/2445
f 1819/2746/2441 1698/2745/2440 1693/2604/2320 1810/2603/2319
f 1812/2751/2446 1814/2752/2326 1808/2609/2325
f 1815/2750/2445 1696/2749/2444 1697/2744/2439 1817/2743/2438
f 1811/2606/2322 1694/2605/2321 1695/2753/2443 1813/2754/2442
f 1812/2751/2446 1809/2612/2328 1810/2603/2319 1811/2606/2322
f 1814/2752/2326 1812/2751/2446 1811/2606/2322 1813/2754/2442
f 1816/2611/2327 1814/2610/2326 1813/2747/2442 1815/2750/2445
f 1818/2607/2323 1816/2611/2327 1815/2750/2445 1817/2743/2438
f 1820/2608/2324 1818/2607/2323 1817/2743/2438 1819/2746/2441
f 1809/2612/2328 1820/2608/2324 1819/2746/2441 1810/2603/2319
f 1809/2612/2328 1812/2751/2446 1808/2609/2325
f 1821/2755/2447 1822/2756/2448 1828/2757/2449 1825/2758/2450
f 1825/2758/2450 1828/2757/2449 1827/2759/2451 1826/2760/2452
f 1826/2760/2452 1827/2759/2451 1824/2761/2453 1823/2762/2454
f 1829/2763/2455 1830/2764/2456 1836/2765/2457 1833/2766/2458
f 1833/2766/2458 1836/2765/2457 1835/2767/2459 1834/2768/2460
f 1834/2768/2460 1835/2767/2459 1832/2769/2461 1831/2770/2462
f 1837/2771/2463 1838/2772/2464 1844/2773/2465 1841/2774/2466
f 1841/2774/2466 1844/2773/2465 1843/2775/2467 1842/2776/2468
f 1842/2776/2468 1843/2775/2467 1840/2777/2469 1839/2778/2470
f 1845/2779/2471 1846/2780/2472 1852/2781/2473 1849/2782/2474
f 1849/2782/2474 1852/2781/2473 1851/2783/2475 1850/2784/2476
f 1850/2784/2476 1851/2783/2475 1848/2785/2477 1847/2786/2478
f 1853/2787/2479 1854/2788/2480 1855/2789/2481 1856/2790/2482
f 1854/2788/2480 1857/2791/2483 1858/2792/2484 1855/2789/2481
f 1857/2791/2483 1859/2793/2485 1860/2794/2486 1858/2792/2484
f 1861/2795/2487 1862/2796/2488 1863/2797/2489 1864/2798/2490
f 1862/2796/2488 1865/2799/2491 1866/2800/2492 1863/2797/2489
f 1865/2799/2491 1867/2801/2493 1868/2802/2494 1866/2800/2492
f 1869/2803/2495 1870/2804/2496 1871/2805/2497 1872/2806/2498
f 1870/2804/2496 1873/2807/2499 1874/2808/2500 1871/2805/2497
f 1873/2807/2499 1875/2809/2501 1876/2810/2502 1874/2808/2500
f 1877/2811/2503 1878/2812/2504 1879/2813/2505 1880/2814/2506
f 1878/2812/2504 1881/2815/2507 1882/2816/2508 1879/2813/2505
f 1881/2815/2507 1883/2817/2509 1884/2818/2510 1882/2816/2508
f 1823/2762/2454 1824/2761/2453 1860/2794/2486 1859/2793/2485
f 1837/2771/2463 1841/2774/2466 1870/2804/2496 1869/2803/2495
f 1825/2758/2450 1826/2760/2452 1857/2791/2483 1854/2788/2480
f 1844/2773/2465 1838/2772/2464 1872/2806/2498 1871/2805/2497
f 1834/2768/2460 1831/2770/2462 1867/2801/2493 1865/2799/2491
f 1846/2780/2472 1845/2779/2471 1877/2811/2503 1880/2814/2506
f 1832/2769/2461 1835/2767/2459 1866/2800/2492 1868/2802/2494
f 1827/2759/2451 1828/2757/2449 1855/2789/2481 1858/2792/2484
f 1847/2786/2478 1848/2785/2477 1884/2818/2510 1883/2817/2509
f 1829/2763/2455 1833/2766/2458 1862/2796/2488 1861/2795/2487
f 1849/2782/2474 1850/2784/2476 1881/2815/2507 1878/2812/2504
f 1836/2765/2457 1830/2764/2456 1864/2798/2490 1863/2797/2489
f 1826/2760/2452 1823/2762/2454 1859/2793/2485 1857/2791/2483
f 1838/2772/2464 1837/2771/2463 1869/2803/2495 1872/2806/2498
f 1824/2761/2453 1827/2759/2451 1858/2792/2484 1860/2794/2486
f 1851/2783/2475 1852/2781/2473 1879/2813/2505 1882/2816/2508
f 1839/2778/2470 1840/2777/2469 1876/2810/2502 1875/2809/2501
f 1821/2755/2447 1825/2758/2450 1854/2788/2480 1853/2787/2479
f 1841/2774/2466 1842/2776/2468 1873/2807/2499 1870/2804/2496
f 1828/2757/2449 1822/2756/2448 1856/2790/2482 1855/2789/2481
f 1850/2784/2476 1847/2786/2478 1883/2817/2509 1881/2815/2507
f 1830/2764/2456 1829/2763/2455 1861/2795/2487 1864/2798/2490
f 1848/2785/2477 1851/2783/2475 1882/2816/2508 1884/2818/2510
f 1843/2775/2467 1844/2773/2465 1871/2805/2497 1874/2808/2500
f 1831/2770/2462 1832/2769/2461 1868/2802/2494 1867/2801/2493
f 1845/2779/2471 1849/2782/2474 1878/2812/2504 1877/2811/2503
f 1833/2766/2458 1834/2768/2460 1865/2799/2491 1862/2796/2488
f 1852/2781/2473 1846/2780/2472 1880/2814/2506 1879/2813/2505
f 1842/2776/2468 1839/2778/2470 1875/2809/2501 1873/2807/2499
f 1822/2756/2448 1821/2755/2447 1853/2787/2479 1856/2790/2482
f 1840/2777/2469 1843/2775/2467 1874/2808/2500 1876/2810/2502
f 1835/2767/2459 1836/2765/2457 1863/2797/2489 1866/2800/2492
f 2002/2819/2511 1885/2820/2512 1886/2821/2513 2003/2822/2514
f 2010/2823/2515 2012/2824/2516 2000/2825/2517
f 2006/2826/2518 2008/2827/2519 2000/2825/2517
f 2008/2827/2519 2010/2823/2515 2000/2825/2517
f 2012/2824/2516 2001/2828/2520 2000/2825/2517
f 1889/2829/2517 1888/2830/2517 1894/2831/2521 1895/2832/2522
f 1887/2833/2517 1886/2834/2517 1892/2835/2523 1893/2836/2524
f 1890/2837/2517 1889/2829/2517 1895/2832/2522 1896/2838/2525
f 1888/2830/2517 1887/2839/2517 1893/2840/2524 1894/2831/2521
f 1886/2834/2517 1885/2841/2517 1891/2842/2526 1892/2835/2523
f 1885/2841/2517 1890/2837/2517 1896/2838/2525 1891/2842/2526
f 1894/2831/2521 1893/2840/2524 1899/2843/2527 1900/2844/2528
f 1892/2835/2523 1891/2842/2526 1897/2845/2529 1898/2846/2530
f 1891/2842/2526 1896/2838/2525 1902/2847/2531 1897/2845/2529
f 1895/2832/2522 1894/2831/2521 1900/2844/2528 1901/2848/2532
f 1893/2836/2524 1892/2835/2523 1898/2846/2530 1899/2849/2527
f 1896/2838/2525 1895/2832/2522 1901/2848/2532 1902/2847/2531
f 1899/2849/2527 1898/2846/2530 1904/2850/2533 1905/2851/2534
f 1902/2847/2531 1901/2848/2532 1907/2852/2535 1908/2853/2536
f 1900/2844/2528 1899/2843/2527 1905/2854/2534 1906/2855/2537
f 1898/2846/2530 1897/2845/2529 1903/2856/2538 1904/2850/2533
f 1897/2845/2529 1902/2847/2531 1908/2853/2536 1903/2856/2538
f 1901/2848/2532 1900/2844/2528 1906/2855/2537 1907/2852/2535
f 1904/2850/2533 1903/2856/2538 1909/2857/2539 1910/2858/2540
f 1903/2856/2538 1908/2853/2536 1914/2859/2541 1909/2857/2539
f 1907/2852/2535 1906/2855/2537 1912/2860/2542 1913/2861/2543
f 1905/2851/2534 1904/2850/2533 1910/2858/2540 1911/2862/2544
f 1908/2853/2536 1907/2852/2535 1913/2861/2543 1914/2859/2541
f 1906/2855/2537 1905/2854/2534 1911/2863/2544 1912/2860/2542
f 1929/2864/2545 1927/2865/2546 1918/2866/2547 1919/2867/2548
f 1922/2868/2549 1931/2869/2550 1920/2870/2551 1915/2871/2552
f 1925/2872/2553 1923/2873/2554 1916/2874/2555 1917/2875/2556
f 1931/2869/2550 1929/2864/2545 1919/2867/2548 1920/2870/2551
f 1927/2865/2546 1925/2876/2553 1917/2877/2556 1918/2866/2547
f 1909/2857/2539 1914/2859/2541 1932/2878/2557 1921/2879/2558
f 1913/2861/2543 1912/2860/2542 1928/2880/2559 1930/2881/2560
f 1911/2862/2544 1910/2858/2540 1924/2882/2561 1926/2883/2562
f 1914/2859/2541 1913/2861/2543 1930/2881/2560 1932/2878/2557
f 1912/2860/2542 1911/2863/2544 1926/2884/2562 1928/2880/2559
f 1910/2858/2540 1909/2857/2539 1921/2879/2558 1924/2882/2561
f 1924/2882/2561 1921/2879/2558 1922/2868/2549 1923/2873/2554
f 1926/2883/2562 1924/2882/2561 1923/2873/2554 1925/2872/2553
f 1928/2880/2559 1926/2884/2562 1925/2876/2553 1927/2865/2546
f 1930/2881/2560 1928/2880/2559 1927/2865/2546 1929/2864/2545
f 1932/2878/2557 1930/2881/2560 1929/2864/2545 1931/2869/2550
f 1921/2879/2558 1932/2878/2557 1931/2869/2550 1922/2868/2549
f 1923/2873/2554 1922/2868/2549 1915/2871/2552 1916/2874/2555
f 1915/2871/2552 1920/2870/2551 1938/2885/2563 1933/2886/2564
f 1919/2867/2548 1918/2866/2547 1936/2887/2565 1937/2888/2566
f 1917/2875/2556 1916/2874/2555 1934/2889/2567 1935/2890/2568
f 1920/2870/2551 1919/2867/2548 1937/2888/2566 1938/2885/2563
f 1918/2866/2547 1917/2877/2556 1935/2891/2568 1936/2887/2565
f 1916/2874/2555 1915/2871/2552 1933/2886/2564 1934/2889/2567
f 1937/2888/2566 1936/2887/2565 1942/2892/2569 1943/2893/2570
f 1935/2890/2568 1934/2889/2567 1940/2894/2571 1941/2895/2572
f 1938/2885/2563 1937/2888/2566 1943/2893/2570 1944/2896/2573
f 1936/2887/2565 1935/2891/2568 1941/2897/2572 1942/2892/2569
f 1934/2889/2567 1933/2886/2564 1939/2898/2574 1940/2894/2571
f 1933/2886/2564 1938/2885/2563 1944/2896/2573 1939/2898/2574
f 1942/2892/2569 1941/2897/2572 1947/2899/2575 1948/2900/2576
f 1940/2894/2571 1939/2898/2574 1945/2901/2577 1946/2902/2578
f 1944/2896/2573 1943/2893/2570 1996/2903/2579 1993/2904/2580
f 1950/2905/2581 1945/2901/2577 1998/2906/2582 1989/2907/2583
f 1941/2895/2572 1940/2894/2571 1946/2902/2578 1947/2908/2575
f 1986/2909/2584 1991/2910/2585 1980/2911/2586 1981/2912/2587
f 1950/2905/2581 1949/2913/2588 1961/2914/2589 1965/2915/2590
f 1949/2913/2588 1948/2900/2576 1959/2916/2591 1961/2914/2589
f 1946/2902/2578 1945/2901/2577 1973/2917/2592 1968/2918/2593
f 1967/2919/2594 1974/2920/2595 1951/2921/2596 1952/2922/2597
f 1964/2923/2598 1962/2924/2599 1955/2925/2600 1956/2926/2601
f 1952/2922/2597 1951/2921/2596 1957/2927/2602
f 1951/2921/2596 1956/2926/2601 1957/2927/2602
f 1955/2925/2600 1954/2928/2603 1957/2927/2602
f 1953/2929/2604 1952/2922/2597 1957/2927/2602
f 1956/2926/2601 1955/2925/2600 1957/2927/2602
f 1954/2928/2603 1953/2930/2604 1957/2927/2602
f 1962/2924/2599 1958/2931/2605 1954/2928/2603 1955/2925/2600
f 1974/2920/2595 1964/2923/2598 1956/2926/2601 1951/2921/2596
f 1947/2908/2575 1946/2902/2578 1968/2918/2593 1970/2932/2606
f 1958/2931/2605 1971/2933/2607 1953/2930/2604 1954/2928/2603
f 1945/2901/2577 1950/2905/2581 1965/2915/2590 1973/2917/2592
f 1971/2934/2607 1967/2919/2594 1952/2922/2597 1953/2929/2604
f 1962/2924/2599 1964/2923/2598 1966/2935/2608 1963/2936/2609
f 1963/2936/2609 1966/2935/2608 1965/2915/2590 1961/2914/2589
f 1971/2933/2607 1958/2931/2605 1960/2937/2610 1972/2938/2611
f 1972/2938/2611 1960/2937/2610 1959/2916/2591 1970/2939/2606
f 1974/2920/2595 1967/2919/2594 1969/2940/2612 1975/2941/2613
f 1975/2941/2613 1969/2940/2612 1968/2918/2593 1973/2917/2592
f 1964/2923/2598 1974/2920/2595 1975/2941/2613 1966/2935/2608
f 1966/2935/2608 1975/2941/2613 1973/2917/2592 1965/2915/2590
f 1958/2931/2605 1962/2924/2599 1963/2936/2609 1960/2937/2610
f 1960/2937/2610 1963/2936/2609 1961/2914/2589 1959/2916/2591
f 1967/2919/2594 1971/2934/2607 1972/2942/2611 1969/2940/2612
f 1969/2940/2612 1972/2942/2611 1970/2932/2606 1968/2918/2593
f 1948/2900/2576 1947/2899/2575 1970/2939/2606 1959/2916/2591
f 1979/2943/2614 1978/2944/2615 1982/2945/2616 1983/2946/2617
f 1976/2947/2618 1977/2948/2619 1981/2912/2587 1980/2911/2586
f 1978/2944/2615 1976/2947/2618 1980/2911/2586 1982/2945/2616
f 1943/2893/2570 1942/2892/2569 1984/2949/2620 1996/2903/2579
f 1949/2913/2588 1950/2905/2581 1989/2907/2583 1990/2950/2621
f 1939/2898/2574 1944/2896/2573 1993/2904/2580 1994/2951/2622
f 1948/2900/2576 1949/2913/2588 1990/2950/2621 1987/2952/2623
f 1988/2953/2624 1999/2954/2625 1983/2946/2617 1982/2945/2616
f 1945/2901/2577 1939/2898/2574 1994/2951/2622 1998/2906/2582
f 1992/2955/2626 1997/2956/2627 1976/2947/2618 1978/2944/2615
f 1999/2954/2625 1995/2957/2628 1979/2943/2614 1983/2946/2617
f 1985/2958/2629 1986/2909/2584 1981/2912/2587 1977/2948/2619
f 1997/2956/2627 1985/2958/2629 1977/2948/2619 1976/2947/2618
f 1991/2910/2585 1988/2953/2624 1982/2945/2616 1980/2911/2586
f 1995/2957/2628 1992/2955/2626 1978/2944/2615 1979/2943/2614
f 1991/2910/2585 1986/2909/2584 1987/2952/2623 1990/2950/2621
f 1997/2956/2627 1992/2955/2626 1993/2904/2580 1996/2903/2579
f 1999/2954/2625 1988/2953/2624 1989/2907/2583 1998/2906/2582
f 1995/2957/2628 1999/2954/2625 1998/2906/2582 1994/2951/2622
f 1985/2958/2629 1997/2956/2627 1996/2903/2579 1984/2949/2620
f 1986/2909/2584 1985/2958/2629 1984/2949/2620 1987/2952/2623
f 1988/2953/2624 1991/2910/2585 1990/2950/2621 1989/2907/2583
f 1992/2955/2626 1995/2957/2628 1994/2951/2622 1993/2904/2580
f 1942/2892/2569 1948/2900/2576 1987/2952/2623 1984/2949/2620
f 2009/2959/2630 1889/2960/2631 1890/2961/2632 2011/2962/2633
f 2005/2963/2634 1887/2964/2635 1888/2965/2636 2007/2966/2637
f 2011/2962/2633 1890/2961/2632 1885/2820/2512 2002/2819/2511
f 2004/2967/2638 2006/2968/2518 2000/2825/2517
f 2007/2966/2637 1888/2965/2636 1889/2960/2631 2009/2959/2630
f 2003/2822/2514 1886/2821/2513 1887/2969/2635 2005/2970/2634
f 2004/2967/2638 2001/2828/2520 2002/2819/2511 2003/2822/2514
f 2006/2968/2518 2004/2967/2638 2003/2822/2514 2005/2970/2634
f 2008/2827/2519 2006/2826/2518 2005/2963/2634 2007/2966/2637
f 2010/2823/2515 2008/2827/2519 2007/2966/2637 2009/2959/2630
f 2012/2824/2516 2010/2823/2515 2009/2959/2630 2011/2962/2633
f 2001/2828/2520 2012/2824/2516 2011/2962/2633 2002/2819/2511
f 2001/2828/2520 2004/2967/2638 2000/2825/2517
f 2013/2971/2639 2014/2972/2640 2020/2973/2641 2017/2974/2642
f 2017/2974/2642 2020/2973/2641 2019/2975/2643 2018/2976/2644
f 2018/2976/2644 2019/2975/2643 2016/2977/2645 2015/2978/2646
f 2021/2979/2647 2022/2980/2648 2028/2981/2649 2025/2982/2650
f 2025/2982/2650 2028/2981/2649 2027/2983/2651 2026/2984/2652
f 2026/2984/2652 2027/2983/2651 2024/2985/2653 2023/2986/2654
f 2029/2987/2655 2030/2988/2656 2036/2989/2657 2033/2990/2658
f 2033/2990/2658 2036/2989/2657 2035/2991/2659 2034/2992/2660
f 2034/2992/2660 2035/2991/2659 2032/2993/2661 2031/2994/2662
f 2037/2995/2663 2038/2996/2664 2044/2997/2665 2041/2998/2666
f 2041/2998/2666 2044/2997/2665 2043/2999/2667 2042/3000/2668
f 2042/3000/2668 2043/2999/2667 2040/3001/2669 2039/3002/2670
f 2045/3003/2671 2046/3004/2672 2047/3005/2673 2048/3006/2674
f 2046/3004/2672 2049/3007/2675 2050/3008/2676 2047/3005/2673
f 2049/3007/2675 2051/3009/2677 2052/3010/2678 2050/3008/2676
f 2053/3011/2679 2054/3012/2680 2055/3013/2681 2056/3014/2682
f 2054/3012/2680 2057/3015/2683 2058/3016/2684 2055/3013/2681
f 2057/3015/2683 2059/3017/2685 2060/3018/2686 2058/3016/2684
f 2061/3019/2687 2062/3020/2688 2063/3021/2689 2064/3022/2690
f 2062/3020/2688 2065/3023/2691 2066/3024/2692 2063/3021/2689
f 2065/3023/2691 2067/3025/2693 2068/3026/2694 2066/3024/2692
f 2069/3027/2695 2070/3028/2696 2071/3029/2697 2072/3030/2698
f 2070/3028/2696 2073/3031/2699 2074/3032/2700 2071/3029/2697
f 2073/3031/2699 2075/3033/2701 2076/3034/2702 2074/3032/2700
f 2015/2978/2646 2016/2977/2645 2052/3010/2678 2051/3009/2677
f 2029/2987/2655 2033/2990/2658 2062/3020/2688 2061/3019/2687
f 2017/2974/2642 2018/2976/2644 2049/3007/2675 2046/3004/2672
f 2036/2989/2657 2030/2988/2656 2064/3022/2690 2063/3021/2689
f 2026/2984/2652 2023/2986/2654 2059/3017/2685 2057/3015/2683
f 2038/2996/2664 2037/2995/2663 2069/3027/2695 2072/3030/2698
f 2024/2985/2653 2027/2983/2651 2058/3016/2684 2060/3018/2686
f 2019/2975/2643 2020/2973/2641 2047/3005/2673 2050/3008/2676
f 2039/3002/2670 2040/3001/2669 2076/3034/2702 2075/3033/2701
f 2021/2979/2647 2025/2982/2650 2054/3012/2680 2053/3011/2679
f 2041/2998/2666 2042/3000/2668 2073/3031/2699 2070/3028/2696
f 2028/2981/2649 2022/2980/2648 2056/3014/2682 2055/3013/2681
f 2018/2976/2644 2015/2978/2646 2051/3009/2677 2049/3007/2675
f 2030/2988/2656 2029/2987/2655 2061/3019/2687 2064/3022/2690
f 2016/2977/2645 2019/2975/2643 2050/3008/2676 2052/3010/2678
f 2043/2999/2667 2044/2997/2665 2071/3029/2697 2074/3032/2700
f 2031/2994/2662 2032/2993/2661 2068/3026/2694 2067/3025/2693
f 2013/2971/2639 2017/2974/2642 2046/3004/2672 2045/3003/2671
f 2033/2990/2658 2034/2992/2660 2065/3023/2691 2062/3020/2688
f 2020/2973/2641 2014/2972/2640 2048/3006/2674 2047/3005/2673
f 2042/3000/2668 2039/3002/2670 2075/3033/2701 2073/3031/2699
f 2022/2980/2648 2021/2979/2647 2053/3011/2679 2056/3014/2682
f 2040/3001/2669 2043/2999/2667 2074/3032/2700 2076/3034/2702
f 2035/2991/2659 2036/2989/2657 2063/3021/2689 2066/3024/2692
f 2023/2986/2654 2024/2985/2653 2060/3018/2686 2059/3017/2685
f 2037/2995/2663 2041/2998/2666 2070/3028/2696 2069/3027/2695
f 2025/2982/2650 2026/2984/2652 2057/3015/2683 2054/3012/2680
f 2044/2997/2665 2038/2996/2664 2072/3030/2698 2071/3029/2697
f 2034/2992/2660 2031/2994/2662 2067/3025/2693 2065/3023/2691
f 2014/2972/2640 2013/2971/2639 2045/3003/2671 2048/3006/2674
f 2032/2993/2661 2035/2991/2659 2066/3024/2692 2068/3026/2694
f 2027/2983/2651 2028/2981/2649 2055/3013/2681 2058/3016/2684
f 2194/3035/2703 2077/3036/2704 2078/3037/2705 2195/3038/2706
f 2202/3039/2707 2204/3040/2708 2192/3041/2709
f 2198/3042/2710 2200/3043/2711 2192/3041/2709
f 2200/3043/2711 2202/3039/2707 2192/3041/2709
f 2204/3040/2708 2193/3044/2712 2192/3041/2709
f 2081/3045/2713 2080/3046/2713 2086/3047/2714 2087/3048/2715
f 2079/3049/2713 2078/3050/2713 2084/3051/2716 2085/3052/2717
f 2082/3053/2713 2081/3045/2713 2087/3048/2715 2088/3054/2718
f 2080/3046/2713 2079/3055/2713 2085/3056/2717 2086/3047/2714
f 2078/3050/2713 2077/3057/2713 2083/3058/2719 2084/3051/2716
f 2077/3057/2713 2082/3053/2713 2088/3054/2718 2083/3058/2719
f 2086/3047/2714 2085/3056/2717 2091/3059/2720 2092/3060/2721
f 2084/3051/2716 2083/3058/2719 2089/3061/2722 2090/3062/2723
f 2083/3058/2719 2088/3054/2718 2094/3063/2724 2089/3061/2722
f 2087/3048/2715 2086/3047/2714 2092/3060/2721 2093/3064/2725
f 2085/3052/2717 2084/3051/2716 2090/3062/2723 2091/3065/2720
f 2088/3054/2718 2087/3048/2715 2093/3064/2725 2094/3063/2724
f 2091/3065/2720 2090/3062/2723 2096/3066/2726 2097/3067/2727
f 2094/3063/2724 2093/3064/2725 2099/3068/2728 2100/3069/2729
f 2092/3060/2721 2091/3059/2720 2097/3070/2727 2098/3071/2730
f 2090/3062/2723 2089/3061/2722 2095/3072/2731 2096/3066/2726
f 2089/3061/2722 2094/3063/2724 2100/3069/2729 2095/3072/2731
f 2093/3064/2725 2092/3060/2721 2098/3071/2730 2099/3068/2728
f 2096/3066/2726 2095/3072/2731 2101/3073/2732 2102/3074/2733
f 2095/3072/2731 2100/3069/2729 2106/3075/2734 2101/3073/2732
f 2099/3068/2728 2098/3071/2730 2104/3076/2735 2105/3077/2736
f 2097/3067/2727 2096/3066/2726 2102/3074/2733 2103/3078/2737
f 2100/3069/2729 2099/3068/2728 2105/3077/2736 2106/3075/2734
f 2098/3071/2730 2097/3070/2727 2103/3079/2737 2104/3076/2735
f 2121/3080/2738 2119/3081/2739 2110/3082/2740 2111/3083/2741
f 2114/3084/2742 2123/3085/2743 2112/3086/2744 2107/3087/2745
f 2117/3088/2746 2115/3089/2747 2108/3090/2748 2109/3091/2749
f 2123/3085/2743 2121/3080/2738 2111/3083/2741 2112/3086/2744
f 2119/3081/2739 2117/3092/2746 2109/3093/2749 2110/3082/2740
f 2101/3073/2732 2106/3075/2734 2124/3094/2750 2113/3095/2751
f 2105/3077/2736 2104/3076/2735 2120/3096/2752 2122/3097/2753
f 2103/3078/2737 2102/3074/2733 2116/3098/2754 2118/3099/2755
f 2106/3075/2734 2105/3077/2736 2122/3097/2753 2124/3094/2750
f 2104/3076/2735 2103/3079/2737 2118/3100/2755 2120/3096/2752
f 2102/3074/2733 2101/3073/2732 2113/3095/2751 2116/3098/2754
f 2116/3098/2754 2113/3095/2751 2114/3084/2742 2115/3089/2747
f 2118/3099/2755 2116/3098/2754 2115/3089/2747 2117/3088/2746
f 2120/3096/2752 2118/3100/2755 2117/3092/2746 2119/3081/2739
f 2122/3097/2753 2120/3096/2752 2119/3081/2739 2121/3080/2738
f 2124/3094/2750 2122/3097/2753 2121/3080/2738 2123/3085/2743
f 2113/3095/2751 2124/3094/2750 2123/3085/2743 2114/3084/2742
f 2115/3089/2747 2114/3084/2742 2107/3087/2745 2108/3090/2748
f 2107/3087/2745 2112/3086/2744 2130/3101/2756 2125/3102/2757
f 2111/3083/2741 2110/3082/2740 2128/3103/2758 2129/3104/2759
f 2109/3091/2749 2108/3090/2748 2126/3105/2760 2127/3106/2761
f 2112/3086/2744 2111/3083/2741 2129/3104/2759 2130/3101/2756
f 2110/3082/2740 2109/3093/2749 2127/3107/2761 2128/3103/2758
f 2108/3090/2748 2107/3087/2745 2125/3102/2757 2126/3105/2760
f 2129/3104/2759 2128/3103/2758 2134/3108/2762 2135/3109/2763
f 2127/3106/2761 2126/3105/2760 2132/3110/2764 2133/3111/2765
f 2130/3101/2756 2129/3104/2759 2135/3109/2763 2136/3112/2766
f 2128/3103/2758 2127/3107/2761 2133/3113/2765 2134/3108/2762
f 2126/3105/2760 2125/3102/2757 2131/3114/2767 2132/3110/2764
f 2125/3102/2757 2130/3101/2756 2136/3112/2766 2131/3114/2767
f 2134/3108/2762 2133/3113/2765 2139/3115/2768 2140/3116/2769
f 2132/3110/2764 2131/3114/2767 2137/3117/2770 2138/3118/2771
f 2136/3112/2766 2135/3109/2763 2188/3119/2772 2185/3120/2773
f 2142/3121/2774 2137/3117/2770 2190/3122/2775 2181/3123/2776
f 2133/3111/2765 2132/3110/2764 2138/3118/2771 2139/3124/2768
f 2178/3125/2777 2183/3126/2778 2172/3127/2779 2173/3128/2780
f 2142/3121/2774 2141/3129/2781 2153/3130/2782 2157/3131/2783
f 2141/3129/2781 2140/3116/2769 2151/3132/2784 2153/3130/2782
f 2138/3118/2771 2137/3117/2770 2165/3133/2785 2160/3134/2786
f 2159/3135/2787 2166/3136/2788 2143/3137/2789 2144/3138/2790
f 2156/3139/2791 2154/3140/2792 2147/3141/2793 2148/3142/2794
f 2144/3138/2790 2143/3137/2789 2149/3143/2795
f 2143/3137/2789 2148/3142/2794 2149/3143/2795
f 2147/3141/2793 2146/3144/2796 2149/3143/2795
f 2145/3145/2797 2144/3138/2790 2149/3143/2795
f 2148/3142/2794 2147/3141/2793 2149/3143/2795
f 2146/3144/2796 2145/3146/2797 2149/3143/2795
f 2154/3140/2792 2150/3147/2798 2146/3144/2796 2147/3141/2793
f 2166/3136/2788 2156/3139/2791 2148/3142/2794 2143/3137/2789
f 2139/3124/2768 2138/3118/2771 2160/3134/2786 2162/3148/2799
f 2150/3147/2798 2163/3149/2800 2145/3146/2797 2146/3144/2796
f 2137/3117/2770 2142/3121/2774 2157/3131/2783 2165/3133/2785
f 2163/3150/2800 2159/3135/2787 2144/3138/2790 2145/3145/2797
f 2154/3140/2792 2156/3139/2791 2158/3151/2801 2155/3152/2802
f 2155/3152/2802 2158/3151/2801 2157/3131/2783 2153/3130/2782
f 2163/3149/2800 2150/3147/2798 2152/3153/2803 2164/3154/2804
f 2164/3154/2804 2152/3153/2803 2151/3132/2784 2162/3155/2799
f 2166/3136/2788 2159/3135/2787 2161/3156/2805 2167/3157/2806
f 2167/3157/2806 2161/3156/2805 2160/3134/2786 2165/3133/2785
f 2156/3139/2791 2166/3136/2788 2167/3157/2806 2158/3151/2801
f 2158/3151/2801 2167/3157/2806 2165/3133/2785 2157/3131/2783
f 2150/3147/2798 2154/3140/2792 2155/3152/2802 2152/3153/2803
f 2152/3153/2803 2155/3152/2802 2153/3130/2782 2151/3132/2784
f 2159/3135/2787 2163/3150/2800 2164/3158/2804 2161/3156/2805
f 2161/3156/2805 2164/3158/2804 2162/3148/2799 2160/3134/2786
f 2140/3116/2769 2139/3115/2768 2162/3155/2799 2151/3132/2784
f 2171/3159/2807 2170/3160/2808 2174/3161/2809 2175/3162/2810
f 2168/3163/2811 2169/3164/2812 2173/3128/2780 2172/3127/2779
f 2170/3160/2808 2168/3163/2811 2172/3127/2779 2174/3161/2809
f 2135/3109/2763 2134/3108/2762 2176/3165/2813 2188/3119/2772
f 2141/3129/2781 2142/3121/2774 2181/3123/2776 2182/3166/2814
f 2131/3114/2767 2136/3112/2766 2185/3120/2773 2186/3167/2815
f 2140/3116/2769 2141/3129/2781 2182/3166/2814 2179/3168/2816
f 2180/3169/2817 2191/3170/2818 2175/3162/2810 2174/3161/2809
f 2137/3117/2770 2131/3114/2767 2186/3167/2815 2190/3122/2775
f 2184/3171/2819 2189/3172/2820 2168/3163/2811 2170/3160/2808
f 2191/3170/2818 2187/3173/2821 2171/3159/2807 2175/3162/2810
f 2177/3174/2822 2178/3125/2777 2173/3128/2780 2169/3164/2812
f 2189/3172/2820 2177/3174/2822 2169/3164/2812 2168/3163/2811
f 2183/3126/2778 2180/3169/2817 2174/3161/2809 2172/3127/2779
f 2187/3173/2821 2184/3171/2819 2170/3160/2808 2171/3159/2807
f 2183/3126/2778 2178/3125/2777 2179/3168/2816 2182/3166/2814
f 2189/3172/2820 2184/3171/2819 2185/3120/2773 2188/3119/2772
f 2191/3170/2818 2180/3169/2817 2181/3123/2776 2190/3122/2775
f 2187/3173/2821 2191/3170/2818 2190/3122/2775 2186/3167/2815
f 2177/3174/2822 2189/3172/2820 2188/3119/2772 2176/3165/2813
f 2178/3125/2777 2177/3174/2822 2176/3165/2813 2179/3168/2816
f 2180/3169/2817 2183/3126/2778 2182/3166/2814 2181/3123/2776
f 2184/3171/2819 2187/3173/2821 2186/3167/2815 2185/3120/2773
f 2134/3108/2762 2140/3116/2769 2179/3168/2816 2176/3165/2813
f 2201/3175/2823 2081/3176/2824 2082/3177/2825 2203/3178/2826
f 2197/3179/2827 2079/3180/2828 2080/3181/2829 2199/3182/2830
f 2203/3178/2826 2082/3177/2825 2077/3036/2704 2194/3035/2703
f 2196/3183/2831 2198/3184/2710 2192/3041/2709
f 2199/3182/2830 2080/3181/2829 2081/3176/2824 2201/3175/2823
f 2195/3038/2706 2078/3037/2705 2079/3185/2828 2197/3186/2827
f 2196/3183/2831 2193/3044/2712 2194/3035/2703 2195/3038/2706
f 2198/3184/2710 2196/3183/2831 2195/3038/2706 2197/3186/2827
f 2200/3043/2711 2198/3042/2710 2197/3179/2827 2199/3182/2830
f 2202/3039/2707 2200/3043/2711 2199/3182/2830 2201/3175/2823
f 2204/3040/2708 2202/3039/2707 2201/3175/2823 2203/3178/2826
f 2193/3044/2712 2204/3040/2708 2203/3178/2826 2194/3035/2703
f 2193/3044/2712 2196/3183/2831 2192/3041/2709
f 2205/3187/2832 2206/3188/2833 2212/3189/2834 2209/3190/2835
f 2209/3190/2835 2212/3189/2834 2211/3191/2836 2210/3192/2837
f 2210/3192/2837 2211/3191/2836 2208/3193/2838 2207/3194/2839
f 2213/3195/2840 2214/3196/2841 2220/3197/2842 2217/3198/2843
f 2217/3198/2843 2220/3197/2842 2219/3199/2844 2218/3200/2845
f 2218/3200/2845 2219/3199/2844 2216/3201/2846 2215/3202/2847
f 2221/3203/2848 2222/3204/2849 2228/3205/2850 2225/3206/2851
f 2225/3206/2851 2228/3205/2850 2227/3207/2852 2226/3208/2853
f 2226/3208/2853 2227/3207/2852 2224/3209/2854 2223/3210/2855
f 2229/3211/2856 2230/3212/2857 2236/3213/2858 2233/3214/2859
f 2233/3214/2859 2236/3213/2858 2235/3215/2860 2234/3216/2861
f 2234/3216/2861 2235/3215/2860 2232/3217/2862 2231/3218/2863
f 2237/3219/2864 2238/3220/2865 2239/3221/2866 2240/3222/2867
f 2238/3220/2865 2241/3223/2868 2242/3224/2869 2239/3221/2866
f 2241/3223/2868 2243/3225/2870 2244/3226/2871 2242/3224/2869
f 2245/3227/2872 2246/3228/2873 2247/3229/2874 2248/3230/2875
f 2246/3228/2873 2249/3231/2876 2250/3232/2877 2247/3229/2874
f 2249/3231/2876 2251/3233/2878 2252/3234/2879 2250/3232/2877
f 2253/3235/2880 2254/3236/2881 2255/3237/2882 2256/3238/2883
f 2254/3236/2881 2257/3239/2884 2258/3240/2885 2255/3237/2882
f 2257/3239/2884 2259/3241/2886 2260/3242/2887 2258/3240/2885
f 2261/3243/2888 2262/3244/2889 2263/3245/2890 2264/3246/2891
f 2262/3244/2889 2265/3247/2892 2266/3248/2893 2263/3245/2890
f 2265/3247/2892 2267/3249/2894 2268/3250/2895 2266/3248/2893
f 2207/3194/2839 2208/3193/2838 2244/3226/2871 2243/3225/2870
f 2221/3203/2848 2225/3206/2851 2254/3236/2881 2253/3235/2880
f 2209/3190/2835 2210/3192/2837 2241/3223/2868 2238/3220/2865
f 2228/3205/2850 2222/3204/2849 2256/3238/2883 2255/3237/2882
f 2218/3200/2845 2215/3202/2847 2251/3233/2878 2249/3231/2876
f 2230/3212/2857 2229/3211/2856 2261/3243/2888 2264/3246/2891
f 2216/3201/2846 2219/3199/2844 2250/3232/2877 2252/3234/2879
f 2211/3191/2836 2212/3189/2834 2239/3221/2866 2242/3224/2869
f 2231/3218/2863 2232/3217/2862 2268/3250/2895 2267/3249/2894
f 2213/3195/2840 2217/3198/2843 2246/3228/2873 2245/3227/2872
f 2233/3214/2859 2234/3216/2861 2265/3247/2892 2262/3244/2889
f 2220/3197/2842 2214/3196/2841 2248/3230/2875 2247/3229/2874
f 2210/3192/2837 2207/3194/2839 2243/3225/2870 2241/3223/2868
f 2222/3204/2849 2221/3203/2848 2253/3235/2880 2256/3238/2883
f 2208/3193/2838 2211/3191/2836 2242/3224/2869 2244/3226/2871
f 2235/3215/2860 2236/3213/2858 2263/3245/2890 2266/3248/2893
f 2223/3210/2855 2224/3209/2854 2260/3242/2887 2259/3241/2886
f 2205/3187/2832 2209/3190/2835 2238/3220/2865 2237/3219/2864
f 2225/3206/2851 2226/3208/2853 2257/3239/2884 2254/3236/2881
f 2212/3189/2834 2206/3188/2833 2240/3222/2867 2239/3221/2866
f 2234/3216/2861 2231/3218/2863 2267/3249/2894 2265/3247/2892
f 2214/3196/2841 2213/3195/2840 2245/3227/2872 2248/3230/2875
f 2232/3217/2862 2235/3215/2860 2266/3248/2893 2268/3250/2895
f 2227/3207/2852 2228/3205/2850 2255/3237/2882 2258/3240/2885
f 2215/3202/2847 2216/3201/2846 2252/3234/2879 2251/3233/2878
f 2229/3211/2856 2233/3214/2859 2262/3244/2889 2261/3243/2888
f 2217/3198/2843 2218/3200/2845 2249/3231/2876 2246/3228/2873
f 2236/3213/2858 2230/3212/2857 2264/3246/2891 2263/3245/2890
f 2226/3208/2853 2223/3210/2855 2259/3241/2886 2257/3239/2884
f 2206/3188/2833 2205/3187/2832 2237/3219/2864 2240/3222/2867
f 2224/3209/2854 2227/3207/2852 2258/3240/2885 2260/3242/2887
f 2219/3199/2844 2220/3197/2842 2247/3229/2874 2250/3232/2877
f 2386/3251/2896 2269/3252/2897 2270/3253/2898 2387/3254/2899
f 2394/3255/2900 2396/3256/2901 2384/3257/2902
f 2390/3258/2903 2392/3259/2904 2384/3257/2902
f 2392/3259/2904 2394/3255/2900 2384/3257/2902
f 2396/3256/2901 2385/3260/2905 2384/3257/2902
f 2273/3261/2902 2272/3262/2902 2278/3263/2906 2279/3264/2907
f 2271/3265/2902 2270/3266/2902 2276/3267/2908 2277/3268/2909
f 2274/3269/2902 2273/3261/2902 2279/3264/2907 2280/3270/2910
f 2272/3262/2902 2271/3271/2902 2277/3272/2909 2278/3263/2906
f 2270/3266/2902 2269/3273/2902 2275/3274/2911 2276/3267/2908
f 2269/3273/2902 2274/3269/2902 2280/3270/2910 2275/3274/2911
f 2278/3263/2906 2277/3272/2909 2283/3275/2912 2284/3276/2913
f 2276/3267/2908 2275/3274/2911 2281/3277/2914 2282/3278/2915
f 2275/3274/2911 2280/3270/2910 2286/3279/2916 2281/3277/2914
f 2279/3264/2907 2278/3263/2906 2284/3276/2913 2285/3280/2917
f 2277/3268/2909 2276/3267/2908 2282/3278/2915 2283/3281/2912
f 2280/3270/2910 2279/3264/2907 2285/3280/2917 2286/3279/2916
f 2283/3281/2912 2282/3278/2915 2288/3282/2918 2289/3283/2919
f 2286/3279/2916 2285/3280/2917 2291/3284/2920 2292/3285/2921
f 2284/3276/2913 2283/3275/2912 2289/3286/2919 2290/3287/2922
f 2282/3278/2915 2281/3277/2914 2287/3288/2923 2288/3282/2918
f 2281/3277/2914 2286/3279/2916 2292/3285/2921 2287/3288/2923
f 2285/3280/2917 2284/3276/2913 2290/3287/2922 2291/3284/2920
f 2288/3282/2918 2287/3288/2923 2293/3289/2924 2294/3290/2925
f 2287/3288/2923 2292/3285/2921 2298/3291/2926 2293/3289/2924
f 2291/3284/2920 2290/3287/2922 2296/3292/2927 2297/3293/2928
f 2289/3283/2919 2288/3282/2918 2294/3290/2925 2295/3294/2929
f 2292/3285/2921 2291/3284/2920 2297/3293/2928 2298/3291/2926
f 2290/3287/2922 2289/3286/2919 2295/3295/2929 2296/3292/2927
f 2313/3296/2930 2311/3297/2931 2302/3298/2932 2303/3299/2933
f 2306/3300/2934 2315/3301/2935 2304/3302/2936 2299/3303/2937
f 2309/3304/2938 2307/3305/2939 2300/3306/2940 2301/3307/2941
f 2315/3301/2935 2313/3296/2930 2303/3299/2933 2304/3302/2936
f 2311/3297/2931 2309/3308/2938 2301/3309/2941 2302/3298/2932
f 2293/3289/2924 2298/3291/2926 2316/3310/2942 2305/3311/2943
f 2297/3293/2928 2296/3292/2927 2312/3312/2944 2314/3313/2945
f 2295/3294/2929 2294/3290/2925 2308/3314/2946 2310/3315/2947
f 2298/3291/2926 2297/3293/2928 2314/3313/2945 2316/3310/2942
f 2296/3292/2927 2295/3295/2929 2310/3316/2947 2312/3312/2944
f 2294/3290/2925 2293/3289/2924 2305/3311/2943 2308/3314/2946
f 2308/3314/2946 2305/3311/2943 2306/3300/2934 2307/3305/2939
f 2310/3315/2947 2308/3314/2946 2307/3305/2939 2309/3304/2938
f 2312/3312/2944 2310/3316/2947 2309/3308/2938 2311/3297/2931
f 2314/3313/2945 2312/3312/2944 2311/3297/2931 2313/3296/2930
f 2316/3310/2942 2314/3313/2945 2313/3296/2930 2315/3301/2935
f 2305/3311/2943 2316/3310/2942 2315/3301/2935 2306/3300/2934
f 2307/3305/2939 2306/3300/2934 2299/3303/2937 2300/3306/2940
f 2299/3303/2937 2304/3302/2936 2322/3317/2948 2317/3318/2949
f 2303/3299/2933 2302/3298/2932 2320/3319/2950 2321/3320/2951
f 2301/3307/2941 2300/3306/2940 2318/3321/2952 2319/3322/2953
f 2304/3302/2936 2303/3299/2933 2321/3320/2951 2322/3317/2948
f 2302/3298/2932 2301/3309/2941 2319/3323/2953 2320/3319/2950
f 2300/3306/2940 2299/3303/2937 2317/3318/2949 2318/3321/2952
f 2321/3320/2951 2320/3319/2950 2326/3324/2954 2327/3325/2955
f 2319/3322/2953 2318/3321/2952 2324/3326/2956 2325/3327/2957
f 2322/3317/2948 2321/3320/2951 2327/3325/2955 2328/3328/2958
f 2320/3319/2950 2319/3323/2953 2325/3329/2957 2326/3324/2954
f 2318/3321/2952 2317/3318/2949 2323/3330/2959 2324/3326/2956
f 2317/3318/2949 2322/3317/2948 2328/3328/2958 2323/3330/2959
f 2326/3324/2954 2325/3329/2957 2331/3331/2960 2332/3332/2961
f 2324/3326/2956 2323/3330/2959 2329/3333/2962 2330/3334/2963
f 2328/3328/2958 2327/3325/2955 2380/3335/2964 2377/3336/2965
f 2334/3337/2966 2329/3333/2962 2382/3338/2967 2373/3339/2968
f 2325/3327/2957 2324/3326/2956 2330/3334/2963 2331/3340/2960
f 2370/3341/2969 2375/3342/2970 2364/3343/2971 2365/3344/2972
f 2334/3337/2966 2333/3345/2973 2345/3346/2974 2349/3347/2975
f 2333/3345/2973 2332/3332/2961 2343/3348/2976 2345/3346/2974
f 2330/3334/2963 2329/3333/2962 2357/3349/2977 2352/3350/2978
f 2351/3351/2979 2358/3352/2980 2335/3353/2981 2336/3354/2982
f 2348/3355/2983 2346/3356/2984 2339/3357/2985 2340/3358/2986
f 2336/3354/2982 2335/3353/2981 2341/3359/2987
f 2335/3353/2981 2340/3358/2986 2341/3359/2987
f 2339/3357/2985 2338/3360/2988 2341/3359/2987
f 2337/3361/2989 2336/3354/2982 2341/3359/2987
f 2340/3358/2986 2339/3357/2985 2341/3359/2987
f 2338/3360/2988 2337/3362/2989 2341/3359/2987
f 2346/3356/2984 2342/3363/2990 2338/3360/2988 2339/3357/2985
f 2358/3352/2980 2348/3355/2983 2340/3358/2986 2335/3353/2981
f 2331/3340/2960 2330/3334/2963 2352/3350/2978 2354/3364/2991
f 2342/3363/2990 2355/3365/2992 2337/3362/2989 2338/3360/2988
f 2329/3333/2962 2334/3337/2966 2349/3347/2975 2357/3349/2977
f 2355/3366/2992 2351/3351/2979 2336/3354/2982 2337/3361/2989
f 2346/3356/2984 2348/3355/2983 2350/3367/2993 2347/3368/2994
f 2347/3368/2994 2350/3367/2993 2349/3347/2975 2345/3346/2974
f 2355/3365/2992 2342/3363/2990 2344/3369/2995 2356/3370/2996
f 2356/3370/2996 2344/3369/2995 2343/3348/2976 2354/3371/2991
f 2358/3352/2980 2351/3351/2979 2353/3372/2997 2359/3373/2998
f 2359/3373/2998 2353/3372/2997 2352/3350/2978 2357/3349/2977
f 2348/3355/2983 2358/3352/2980 2359/3373/2998 2350/3367/2993
f 2350/3367/2993 2359/3373/2998 2357/3349/2977 2349/3347/2975
f 2342/3363/2990 2346/3356/2984 2347/3368/2994 2344/3369/2995
f 2344/3369/2995 2347/3368/2994 2345/3346/2974 2343/3348/2976
f 2351/3351/2979 2355/3366/2992 2356/3374/2996 2353/3372/2997
f 2353/3372/2997 2356/3374/2996 2354/3364/2991 2352/3350/2978
f 2332/3332/2961 2331/3331/2960 2354/3371/2991 2343/3348/2976
f 2363/3375/2999 2362/3376/3000 2366/3377/3001 2367/3378/3002
f 2360/3379/3003 2361/3380/3004 2365/3344/2972 2364/3343/2971
f 2362/3376/3000 2360/3379/3003 2364/3343/2971 2366/3377/3001
f 2327/3325/2955 2326/3324/2954 2368/3381/3005 2380/3335/2964
f 2333/3345/2973 2334/3337/2966 2373/3339/2968 2374/3382/3006
f 2323/3330/2959 2328/3328/2958 2377/3336/2965 2378/3383/3007
f 2332/3332/2961 2333/3345/2973 2374/3382/3006 2371/3384/3008
f 2372/3385/3009 2383/3386/3010 2367/3378/3002 2366/3377/3001
f 2329/3333/2962 2323/3330/2959 2378/3383/3007 2382/3338/2967
f 2376/3387/3011 2381/3388/3012 2360/3379/3003 2362/3376/3000
f 2383/3386/3010 2379/3389/3013 2363/3375/2999 2367/3378/3002
f 2369/3390/3014 2370/3341/2969 2365/3344/2972 2361/3380/3004
f 2381/3388/3012 2369/3390/3014 2361/3380/3004 2360/3379/3003
f 2375/3342/2970 2372/3385/3009 2366/3377/3001 2364/3343/2971
f 2379/3389/3013 2376/3387/3011 2362/3376/3000 2363/3375/2999
f 2375/3342/2970 2370/3341/2969 2371/3384/3008 2374/3382/3006
f 2381/3388/3012 2376/3387/3011 2377/3336/2965 2380/3335/2964
f 2383/3386/3010 2372/3385/3009 2373/3339/2968 2382/3338/2967
f 2379/3389/3013 2383/3386/3010 2382/3338/2967 2378/3383/3007
f 2369/3390/3014 2381/3388/3012 2380/3335/2964 2368/3381/3005
f 2370/3341/2969 2369/3390/3014 2368/3381/3005 2371/3384/3008
f 2372/3385/3009 2375/3342/2970 2374/3382/3006 2373/3339/2968
f 2376/3387/3011 2379/3389/3013 2378/3383/3007 2377/3336/2965
f 2326/3324/2954 2332/3332/2961 2371/3384/3008 2368/3381/3005
f 2393/3391/3015 2273/3392/3016 2274/3393/3017 2395/3394/3018
f 2389/3395/3019 2271/3396/3020 2272/3397/3021 2391/3398/3022
f 2395/3394/3018 2274/3393/3017 2269/3252/2897 2386/3251/2896
f 2388/3399/3023 2390/3400/2903 2384/3257/2902
f 2391/3398/3022 2272/3397/3021 2273/3392/3016 2393/3391/3015
f 2387/3254/2899 2270/3253/2898 2271/3401/3020 2389/3402/3019
f 2388/3399/3023 2385/3260/2905 2386/3251/2896 2387/3254/2899
f 2390/3400/2903 2388/3399/3023 2387/3254/2899 2389/3402/3019
f 2392/3259/2904 2390/3258/2903 2389/3395/3019 2391/3398/3022
f 2394/3255/2900 2392/3259/2904 2391/3398/3022 2393/3391/3015
f 2396/3256/2901 2394/3255/2900 2393/3391/3015 2395/3394/3018
f 2385/3260/2905 2396/3256/2901 2395/3394/3018 2386/3251/2896
f 2385/3260/2905 2388/3399/3023 2384/3257/2902
f 2397/3403/3024 2398/3404/3025 2404/3405/3026 2401/3406/3027
f 2401/3406/3027 2404/3405/3026 2403/3407/3028 2402/3408/3029
f 2402/3408/3029 2403/3407/3028 2400/3409/3030 2399/3410/3031
f 2405/3411/3032 2406/3412/3033 2412/3413/3034 2409/3414/3035
f 2409/3414/3035 2412/3413/3034 2411/3415/3036 2410/3416/3037
f 2410/3416/3037 2411/3415/3036 2408/3417/3038 2407/3418/3039
f 2413/3419/3040 2414/3420/3041 2420/3421/3042 2417/3422/3043
f 2417/3422/3043 2420/3421/3042 2419/3423/3044 2418/3424/3045
f 2418/3424/3045 2419/3423/3044 2416/3425/3046 2415/3426/3047
f 2421/3427/3048 2422/3428/3049 2428/3429/3050 2425/3430/3051
f 2425/3430/3051 2428/3429/3050 2427/3431/3052 2426/3432/3053
f 2426/3432/3053 2427/3431/3052 2424/3433/3054 2423/3434/3055
f 2429/3435/3056 2430/3436/3057 2431/3437/3058 2432/3438/3059
f 2430/3436/3057 2433/3439/3060 2434/3440/3061 2431/3437/3058
f 2433/3439/3060 2435/3441/3062 2436/3442/3063 2434/3440/3061
f 2437/3443/3064 2438/3444/3065 2439/3445/3066 2440/3446/3067
f 2438/3444/3065 2441/3447/3068 2442/3448/3069 2439/3445/3066
f 2441/3447/3068 2443/3449/3070 2444/3450/3071 2442/3448/3069
f 2445/3451/3072 2446/3452/3073 2447/3453/3074 2448/3454/3075
f 2446/3452/3073 2449/3455/3076 2450/3456/3077 2447/3453/3074
f 2449/3455/3076 2451/3457/3078 2452/3458/3079 2450/3456/3077
f 2453/3459/3080 2454/3460/3081 2455/3461/3082 2456/3462/3083
f 2454/3460/3081 2457/3463/3084 2458/3464/3085 2455/3461/3082
f 2457/3463/3084 2459/3465/3086 2460/3466/3087 2458/3464/3085
f 2399/3410/3031 2400/3409/3030 2436/3442/3063 2435/3441/3062
f 2413/3419/3040 2417/3422/3043 2446/3452/3073 2445/3451/3072
f 2401/3406/3027 2402/3408/3029 2433/3439/3060 2430/3436/3057
f 2420/3421/3042 2414/3420/3041 2448/3454/3075 2447/3453/3074
f 2410/3416/3037 2407/3418/3039 2443/3449/3070 2441/3447/3068
f 2422/3428/3049 2421/3427/3048 2453/3459/3080 2456/3462/3083
f 2408/3417/3038 2411/3415/3036 2442/3448/3069 2444/3450/3071
f 2403/3407/3028 2404/3405/3026 2431/3437/3058 2434/3440/3061
f 2423/3434/3055 2424/3433/3054 2460/3466/3087 2459/3465/3086
f 2405/3411/3032 2409/3414/3035 2438/3444/3065 2437/3443/3064
f 2425/3430/3051 2426/3432/3053 2457/3463/3084 2454/3460/3081
f 2412/3413/3034 2406/3412/3033 2440/3446/3067 2439/3445/3066
f 2402/3408/3029 2399/3410/3031 2435/3441/3062 2433/3439/3060
f 2414/3420/3041 2413/3419/3040 2445/3451/3072 2448/3454/3075
f 2400/3409/3030 2403/3407/3028 2434/3440/3061 2436/3442/3063
f 2427/3431/3052 2428/3429/3050 2455/3461/3082 2458/3464/3085
f 2415/3426/3047 2416/3425/3046 2452/3458/3079 2451/3457/3078
f 2397/3403/3024 2401/3406/3027 2430/3436/3057 2429/3435/3056
f 2417/3422/3043 2418/3424/3045 2449/3455/3076 2446/3452/3073
f 2404/3405/3026 2398/3404/3025 2432/3438/3059 2431/3437/3058
f 2426/3432/3053 2423/3434/3055 2459/3465/3086 2457/3463/3084
f 2406/3412/3033 2405/3411/3032 2437/3443/3064 2440/3446/3067
f 2424/3433/3054 2427/3431/3052 2458/3464/3085 2460/3466/3087
f 2419/3423/3044 2420/3421/3042 2447/3453/3074 2450/3456/3077
f 2407/3418/3039 2408/3417/3038 2444/3450/3071 2443/3449/3070
f 2421/3427/3048 2425/3430/3051 2454/3460/3081 2453/3459/3080
f 2409/3414/3035 2410/3416/3037 2441/3447/3068 2438/3444/3065
f 2428/3429/3050 2422/3428/3049 2456/3462/3083 2455/3461/3082
f 2418/3424/3045 2415/3426/3047 2451/3457/3078 2449/3455/3076
f 2398/3404/3025 2397/3403/3024 2429/3435/3056 2432/3438/3059
f 2416/3425/3046 2419/3423/3044 2450/3456/3077 2452/3458/3079
f 2411/3415/3036 2412/3413/3034 2439/3445/3066 2442/3448/3069
f 2466/1230/1099 2461/1229/1099 2462/1208/1082 2465/1225/1097
f 2470/1249/1104 2463/1252/1110 2464/1198/1074 2469/1197/1073
f 2463/1252/1110 2467/1251/1109 2468/1205/1079 2464/1198/1074
f 2467/1251/1109 2471/1250/1103 2472/1247/1107 2468/1205/1079
f 2478/1215/1089 2479/1214/1088 2480/1240/1102 2477/1239/1100
f 2474/1238/1100 2475/1237/1101 2476/1212/1086 2473/1246/1083
f 2473/1209/1083 2462/1208/1082 2461/1229/1099 2474/1232/1100
f 2477/1231/1100 2466/1230/1099 2465/1225/1097 2478/1224/1089
f 2469/1197/1073 2476/1212/1086 2475/1233/1101 2470/1236/1104
f 2471/1235/1103 2480/1234/1102 2479/1214/1088 2472/1247/1107
f 2511/1226/1098 2465/1225/1097 2462/1208/1082 2512/1207/1081
f 836/1410/1250 2489/1454/1279 2481/1456/1271 835/1407/1234
f 824/1394/1236 2490/1455/1280 2488/1453/1278 833/1360/1204
f 830/1333/1189 2486/1450/1276 2490/1455/1280 824/1394/1236
f 826/1260/1118 2482/1446/1272 2487/1451/1277 829/1257/1115
f 838/1375/1219 2484/1448/1274 2489/1454/1279 836/1410/1250
f 833/1360/1204 2488/1453/1278 2483/1447/1273 841/1357/1201
f 829/1257/1115 2487/1451/1277 2485/1452/1275 843/1331/1187
f 843/1336/1187 2485/1449/1275 2486/1450/1276 830/1333/1189
f 841/1357/1201 2483/1447/1273 2484/1448/1274 838/1375/1219
f 835/1392/1234 2481/1445/1271 2482/1446/1272 826/1260/1118
f 821/1426/1256 2491/1306/1164 2492/1405/1247 823/1427/1257
f 823/1427/1257 2492/1405/1247 2493/1307/1165 818/1429/1259
f 820/1432/1262 2494/1256/1114 2495/1387/1231 814/1433/1263
f 814/1433/1263 2495/1387/1231 2496/1390/1205 815/1443/1252
f 822/1423/1253 2499/1364/1208 2500/1281/1139 816/1435/1265
f 815/1422/1252 2496/1361/1205 2499/1364/1208 822/1423/1253
f 818/1429/1259 2493/1307/1165 2497/1310/1111 819/1441/1270
f 817/1438/1268 2498/1284/1142 2491/1306/1164 821/1426/1256
f 816/1435/1265 2500/1281/1139 2498/1284/1142 817/1438/1268
f 819/1440/1270 2497/1253/1111 2494/1256/1114 820/1432/1262
f 743/3467/3088 2501/1434/1264 2506/1444/1251 774/3468/3089
f 791/3469/3090 2502/1436/1266 2507/1437/1267 798/3470/3091
f 759/3471/3092 2503/1430/1260 2508/1442/1269 806/3472/3093
f 806/3473/3093 2508/1439/1269 2509/1431/1261 750/3474/3094
f 798/3470/3091 2507/1437/1267 2510/1425/1255 766/3475/3095
f 783/3476/3096 2504/1424/1254 2502/1436/1266 791/3469/3090
f 750/3474/3094 2509/1431/1261 2501/1434/1264 743/3467/3088
f 735/3477/3097 2505/1428/1258 2503/1430/1260 759/3471/3092
f 766/3475/3095 2510/1425/1255 2505/1428/1258 735/3477/3097
f 774/3478/3089 2506/1421/1251 2504/1424/1254 783/3476/3096
f 743/3467/3088 2511/1226/1098 2512/1207/1081 750/3474/3094
f 791/3469/3090 2518/1248/1108 2520/1213/1087 783/3476/3096
f 798/3470/3091 2516/1206/1080 2518/1248/1108 791/3469/3090
f 806/3472/3093 2513/1245/1084 2519/1211/1085 759/3471/3092
f 774/3468/3089 2517/1223/1090 2511/1226/1098 743/3467/3088
f 783/3476/3096 2520/1213/1087 2517/1216/1090 774/3478/3089
f 759/3471/3092 2519/1211/1085 2514/1196/1072 735/3477/3097
f 750/3474/3094 2512/1207/1081 2513/1210/1084 806/3473/3093
f 766/3475/3095 2515/1199/1075 2516/1206/1080 798/3470/3091
f 735/3477/3097 2514/1196/1072 2515/1199/1075 766/3475/3095
f 776/1408/1233 2523/3479/3098 2538/3480/3099 789/1409/1249
f 2523/3479/3098 2524/1411/1122 2537/1377/1221 2538/3480/3099
f 768/1359/1203 2535/3481/3100 2540/3482/3101 741/1393/1235
f 2535/3481/3100 2536/1366/1210 2539/1395/1237 2540/3482/3101
f 741/1393/1235 2540/3482/3101 2530/3483/3102 765/1334/1190
f 2540/3482/3101 2539/1395/1237 2529/1311/1167 2530/3483/3102
f 752/1258/1116 2533/3484/3103 2522/3485/3104 749/1259/1117
f 2533/3484/3103 2534/1340/1192 2521/1261/1119 2522/3485/3104
f 789/1409/1249 2538/3480/3099 2526/3486/3105 797/1376/1220
f 2538/3480/3099 2537/1377/1221 2525/1285/1143 2526/3486/3105
f 800/1358/1202 2527/3487/3106 2535/3481/3100 768/1359/1203
f 2527/3487/3106 2528/1288/1146 2536/1366/1210 2535/3481/3100
f 808/1332/1188 2531/3488/3107 2533/3484/3103 752/1258/1116
f 2531/3488/3107 2532/1337/1170 2534/1340/1192 2533/3484/3103
f 765/1334/1190 2530/3483/3102 2531/3489/3107 808/1335/1188
f 2530/3483/3102 2529/1311/1167 2532/1314/1170 2531/3489/3107
f 797/1376/1220 2526/3486/3105 2527/3487/3106 800/1358/1202
f 2526/3486/3105 2525/1285/1143 2528/1288/1146 2527/3487/3106
f 749/1259/1117 2522/3485/3104 2523/3490/3098 776/1391/1233
f 2522/3485/3104 2521/1261/1119 2524/1264/1122 2523/3490/3098
f 779/1415/1127 2543/3491/3108 2558/3492/3109 786/1381/1225
f 2543/3491/3108 2544/1416/1132 2557/1382/1226 2558/3492/3109
f 771/1368/1212 2555/3493/3110 2560/3494/3111 738/1399/1241
f 2555/3493/3110 2556/1371/1215 2559/1400/1242 2560/3494/3111
f 738/1399/1241 2560/3494/3111 2550/3495/3112 762/1318/1174
f 2560/3494/3111 2559/1400/1242 2549/1321/1177 2550/3495/3112
f 755/1345/1194 2553/3496/3113 2542/3497/3114 746/1268/1126
f 2553/3496/3113 2554/1350/1197 2541/1271/1129 2542/3497/3114
f 786/1381/1225 2558/3492/3109 2546/3498/3115 794/1292/1150
f 2558/3492/3109 2557/1382/1226 2545/1295/1153 2546/3498/3115
f 803/1293/1151 2547/3499/3116 2555/3493/3110 771/1368/1212
f 2547/3499/3116 2548/1298/1156 2556/1371/1215 2555/3493/3110
f 811/1344/1175 2551/3500/3117 2553/3496/3113 755/1345/1194
f 2551/3500/3117 2552/1347/1180 2554/1350/1197 2553/3496/3113
f 762/1318/1174 2550/3495/3112 2551/3501/3117 811/1319/1175
f 2550/3495/3112 2549/1321/1177 2552/1324/1180 2551/3501/3117
f 794/1292/1150 2546/3498/3115 2547/3499/3116 803/1293/1151
f 2546/3498/3115 2545/1295/1153 2548/1298/1156 2547/3499/3116
f 746/1268/1126 2542/3497/3114 2543/3502/3108 779/1269/1127
f 2542/3497/3114 2541/1271/1129 2544/1274/1132 2543/3502/3108
f 780/1417/1131 2563/3503/3118 2578/3504/3119 785/1383/1227
f 2563/3503/3118 2564/1418/1136 2577/1384/1228 2578/3504/3119
f 772/1370/1214 2575/3505/3120 2580/3506/3121 737/1401/1243
f 2575/3505/3120 2576/1373/1217 2579/1402/1244 2580/3506/3121
f 737/1401/1243 2580/3506/3121 2570/3507/3122 761/1322/1178
f 2580/3506/3121 2579/1402/1244 2569/1325/1181 2570/3507/3122
f 756/1349/1196 2573/3508/3123 2562/3509/3124 745/1272/1130
f 2573/3508/3123 2574/1354/1199 2561/1275/1133 2562/3509/3124
f 785/1383/1227 2578/3504/3119 2566/3510/3125 793/1296/1154
f 2578/3504/3119 2577/1384/1228 2565/1299/1157 2566/3510/3125
f 804/1297/1155 2567/3511/3126 2575/3505/3120 772/1370/1214
f 2567/3511/3126 2568/1302/1160 2576/1373/1217 2575/3505/3120
f 812/1348/1179 2571/3512/3127 2573/3508/3123 756/1349/1196
f 2571/3512/3127 2572/1351/1184 2574/1354/1199 2573/3508/3123
f 761/1322/1178 2570/3507/3122 2571/3513/3127 812/1323/1179
f 2570/3507/3122 2569/1325/1181 2572/1328/1184 2571/3513/3127
f 793/1296/1154 2566/3510/3125 2567/3511/3126 804/1297/1155
f 2566/3510/3125 2565/1299/1157 2568/1302/1160 2567/3511/3126
f 745/1272/1130 2562/3509/3124 2563/3514/3118 780/1273/1131
f 2562/3509/3124 2561/1275/1133 2564/1278/1136 2563/3514/3118
f 781/1419/1135 2583/3515/3128 2598/3516/3129 784/1385/1229
f 2583/3515/3128 2584/1420/1138 2597/1386/1230 2598/3516/3129
f 773/1372/1216 2595/3517/3130 2600/3518/3131 736/1403/1245
f 2595/3517/3130 2596/1374/1218 2599/1404/1246 2600/3518/3131
f 736/1403/1245 2600/3518/3131 2590/3519/3132 760/1326/1182
f 2600/3518/3131 2599/1404/1246 2589/1329/1185 2590/3519/3132
f 757/1353/1198 2593/3520/3133 2582/3521/3134 744/1276/1134
f 2593/3520/3133 2594/1356/1200 2581/1279/1137 2582/3521/3134
f 784/1385/1229 2598/3516/3129 2586/3522/3135 792/1300/1158
f 2598/3516/3129 2597/1386/1230 2585/1303/1161 2586/3522/3135
f 805/1301/1159 2587/3523/3136 2595/3517/3130 773/1372/1216
f 2587/3523/3136 2588/1304/1162 2596/1374/1218 2595/3517/3130
f 813/1352/1183 2591/3524/3137 2593/3520/3133 757/1353/1198
f 2591/3524/3137 2592/1355/1186 2594/1356/1200 2593/3520/3133
f 760/1326/1182 2590/3519/3132 2591/3525/3137 813/1327/1183
f 2590/3519/3132 2589/1329/1185 2592/1330/1186 2591/3525/3137
f 792/1300/1158 2586/3522/3135 2587/3523/3136 805/1301/1159
f 2586/3522/3135 2585/1303/1161 2588/1304/1162 2587/3523/3136
f 744/1276/1134 2582/3521/3134 2583/3526/3128 781/1277/1135
f 2582/3521/3134 2581/1279/1137 2584/1280/1138 2583/3526/3128
f 729/983/890 2620/3527/3138 2618/3528/3139 733/810/724
f 2620/3527/3138 2619/1220/1094 2617/1184/1060 2618/3528/3139
f 731/1010/917 2606/3529/3140 2602/3530/3141 728/1011/918
f 2606/3529/3140 2605/1244/1106 2601/1192/1068 2602/3530/3141
f 730/1204/1078 2613/3531/3142 2606/3529/3140 731/1010/917
f 2613/3531/3142 2614/1241/1096 2605/1244/1106 2606/3529/3140
f 732/1203/725 2612/3532/3143 2608/3533/3144 726/1200/1076
f 2612/3532/3143 2611/1227/1063 2607/1188/1064 2608/3533/3144
f 724/1201/1077 2609/3534/3145 2613/3535/3142 730/1202/1078
f 2609/3534/3145 2610/1191/1067 2614/1222/1096 2613/3535/3142
f 725/1043/920 2603/3536/3146 2615/3537/3147 727/982/889
f 2603/3536/3146 2604/1195/1071 2616/1217/1091 2615/3537/3147
f 727/982/889 2615/3537/3147 2620/3527/3138 729/983/890
f 2615/3537/3147 2616/1217/1091 2619/1220/1094 2620/3527/3138
f 728/1011/918 2602/3530/3141 2603/3536/3146 725/1043/920
f 2602/3530/3141 2601/1192/1068 2604/1195/1071 2603/3536/3146
f 726/1200/1076 2608/3533/3144 2609/3534/3145 724/1201/1077
f 2608/3533/3144 2607/1188/1064 2610/1191/1067 2609/3534/3145
f 733/810/724 2618/3528/3139 2612/3538/3143 732/811/725
f 2618/3528/3139 2617/1184/1060 2611/1187/1063 2612/3538/3143
f 778/1413/1124 2623/3539/3148 2638/3540/3149 787/1379/1223
f 2623/3539/3148 2624/1414/1128 2637/1380/1224 2638/3540/3149
f 770/1367/1211 2635/3541/3150 2640/3542/3151 739/1397/1239
f 2635/3541/3150 2636/1369/1213 2639/1398/1240 2640/3542/3151
f 739/1397/1239 2640/3542/3151 2630/3543/3152 763/1315/1171
f 2640/3542/3151 2639/1398/1240 2629/1317/1173 2630/3543/3152
f 754/1342/1193 2633/3544/3153 2622/3545/3154 747/1265/1123
f 2633/3544/3153 2634/1346/1195 2621/1267/1125 2622/3545/3154
f 787/1379/1223 2638/3540/3149 2626/3546/3155 795/1289/1147
f 2638/3540/3149 2637/1380/1224 2625/1291/1149 2626/3546/3155
f 802/1290/1148 2627/3547/3156 2635/3541/3150 770/1367/1211
f 2627/3547/3156 2628/1294/1152 2636/1369/1213 2635/3541/3150
f 810/1341/1172 2631/3548/3157 2633/3544/3153 754/1342/1193
f 2631/3548/3157 2632/1343/1176 2634/1346/1195 2633/3544/3153
f 763/1315/1171 2630/3543/3152 2631/3549/3157 810/1316/1172
f 2630/3543/3152 2629/1317/1173 2632/1320/1176 2631/3549/3157
f 795/1289/1147 2626/3546/3155 2627/3547/3156 802/1290/1148
f 2626/3546/3155 2625/1291/1149 2628/1294/1152 2627/3547/3156
f 747/1265/1123 2622/3545/3154 2623/3550/3148 778/1266/1124
f 2622/3545/3154 2621/1267/1125 2624/1270/1128 2623/3550/3148
f 853/1515/1333 2647/3551/3158 2646/3552/3159 859/1525/1323
f 2647/3551/3158 2648/1518/1336 2645/1506/1324 2646/3552/3159
f 847/1489/1307 2643/3553/3160 2647/3551/3158 853/1515/1333
f 2643/3553/3160 2644/1494/1312 2648/1518/1336 2647/3551/3158
f 859/1505/1323 2646/3552/3159 2642/3554/3161 865/1488/1306
f 2646/3552/3159 2645/1506/1324 2641/1491/1309 2642/3554/3161
f 865/1488/1306 2642/3554/3161 2643/3553/3160 847/1489/1307
f 2642/3554/3161 2641/1491/1309 2644/1494/1312 2643/3553/3160
f 852/1513/1331 2655/3555/3162 2654/3556/3163 860/1523/1321
f 2655/3555/3162 2656/1516/1334 2653/1526/1322 2654/3556/3163
f 846/1485/1303 2651/3557/3164 2655/3555/3162 852/1513/1331
f 2651/3557/3164 2652/1490/1308 2656/1516/1334 2655/3555/3162
f 860/1503/1321 2654/3558/3163 2650/3559/3165 866/1484/1302
f 2654/3558/3163 2653/1504/1322 2649/1487/1305 2650/3559/3165
f 866/1484/1302 2650/3559/3165 2651/3557/3164 846/1485/1303
f 2650/3559/3165 2649/1487/1305 2652/1490/1308 2651/3557/3164
f 851/1511/1329 2663/3560/3166 2662/3561/3167 861/1521/1319
f 2663/3560/3166 2664/1514/1332 2661/1524/1320 2662/3561/3167
f 845/1481/1299 2659/3562/3168 2663/3560/3166 851/1511/1329
f 2659/3562/3168 2660/1486/1304 2664/1514/1332 2663/3560/3166
f 861/1501/1319 2662/3563/3167 2658/3564/3169 867/1480/1298
f 2662/3563/3167 2661/1502/1320 2657/1483/1301 2658/3564/3169
f 867/1480/1298 2658/3564/3169 2659/3562/3168 845/1481/1299
f 2658/3564/3169 2657/1483/1301 2660/1486/1304 2659/3562/3168
f 850/1463/1286 2668/1512/1330 2667/1522/1318 856/1464/1287
f 844/1467/1288 2666/1482/1300 2668/1512/1330 850/1463/1286
f 856/1468/1287 2667/1500/1318 2665/1479/1297 862/1469/1289
f 862/1469/1289 2665/1479/1297 2666/1482/1300 844/1467/1288
f 854/1517/1335 2675/3565/3170 2674/3566/3171 858/1507/1325
f 2675/3565/3170 2676/1519/1337 2673/1508/1326 2674/3566/3171
f 848/1493/1311 2671/3567/3172 2675/3565/3170 854/1517/1335
f 2671/3567/3172 2672/1497/1315 2676/1519/1337 2675/3565/3170
f 858/1507/1325 2674/3566/3171 2670/3568/3173 864/1492/1310
f 2674/3566/3171 2673/1508/1326 2669/1495/1313 2670/3568/3173
f 864/1492/1310 2670/3568/3173 2671/3567/3172 848/1493/1311
f 2670/3568/3173 2669/1495/1313 2672/1497/1315 2671/3567/3172
f 874/1471/1290 2680/1537/1349 2679/1533/1345 878/1472/1291
f 871/1509/1327 2678/1530/1342 2680/1537/1349 874/1471/1290
f 878/1472/1291 2679/1533/1345 2677/1527/1339 869/1498/1316
f 869/1498/1316 2677/1527/1339 2678/1530/1342 871/1509/1327
f 876/1536/1348 2684/1538/1350 2683/1535/1347 879/1534/1346
f 873/1529/1341 2682/1532/1344 2684/1538/1350 876/1536/1348
f 879/1534/1346 2683/1535/1347 2681/1531/1343 870/1528/1340
f 870/1528/1340 2681/1531/1343 2682/1532/1344 873/1529/1341
f 478/1048/922 2686/3569/3174 2687/3570/3175 527/1047/921
f 2686/3569/3174 2685/923/835 2688/886/798 2687/3570/3175
f 561/1054/928 558/1053/927 2701/3571/3176 2700/3572/3177
f 2700/3572/3177 2701/3571/3176 2702/888/800 2699/1021/860
f 528/1052/926 2692/3573/3178 2690/3574/3179 488/1051/925
f 2692/3573/3178 2691/949/859 2689/920/832 2690/3574/3179
f 561/1058/928 2700/3575/3177 2694/3576/3180 508/1050/924
f 2700/3575/3177 2699/950/860 2693/903/815 2694/3576/3180
f 539/1055/929 2704/3577/3181 2692/3573/3178 528/1052/926
f 2704/3577/3181 2703/939/851 2691/949/859 2692/3573/3178
f 539/1055/929 540/1056/930 2697/3578/3182 2704/3577/3181
f 2704/3577/3181 2697/3578/3182 2698/940/718 2703/939/851
f 488/1051/925 2690/3574/3179 2686/3569/3174 478/1048/922
f 2690/3574/3179 2689/920/832 2685/923/835 2686/3569/3174
f 508/1050/924 2694/3576/3180 2695/3579/3183 499/1049/923
f 2694/3576/3180 2693/903/815 2696/801/715 2695/3579/3183
f 527/1047/921 2687/3570/3175 2701/3571/3176 558/1053/927
f 2687/3570/3175 2688/886/798 2702/888/800 2701/3571/3176
f 499/1049/923 2695/3579/3183 2697/3580/3182 540/1057/930
f 2695/3579/3183 2696/801/715 2698/804/718 2697/3580/3182
f 472/1033/912 473/869/781 2724/3581/3184 2721/3582/3185
f 2721/3582/3185 2724/3581/3184 2723/808/722 2722/1044/870
f 470/872/784 471/1037/765 2720/3583/3186 2717/3584/3187
f 2717/3584/3187 2720/3583/3186 2719/1042/908 2718/975/884
f 446/833/747 2712/3585/3188 2720/3586/3186 471/853/765
f 2712/3585/3188 2711/816/730 2719/1001/908 2720/3586/3186
f 449/825/739 2707/3587/3189 2713/3588/3190 456/868/780
f 2707/3587/3189 2708/820/734 2714/805/719 2713/3588/3190
f 470/872/784 2717/3584/3187 2715/3589/3191 460/866/778
f 2717/3584/3187 2718/975/884 2716/821/735 2715/3589/3191
f 472/1005/912 2721/3590/3185 2709/3591/3192 448/832/746
f 2721/3590/3185 2722/961/870 2710/813/727 2709/3591/3192
f 460/866/778 2715/3589/3191 2706/3592/3193 447/824/738
f 2715/3589/3191 2716/821/735 2705/817/731 2706/3592/3193
f 447/824/738 2706/3592/3193 2707/3587/3189 449/825/739
f 2706/3592/3193 2705/817/731 2708/820/734 2707/3587/3189
f 448/832/746 2709/3591/3192 2712/3585/3188 446/833/747
f 2709/3591/3192 2710/813/727 2711/816/730 2712/3585/3188
f 456/868/780 2713/3588/3190 2724/3581/3184 473/869/781
f 2713/3588/3190 2714/805/719 2723/808/722 2724/3581/3184
f 637/1139/986 2733/3593/3194 2739/3594/3195 641/1140/987
f 2733/3593/3194 2734/1062/934 2740/1065/936 2739/3594/3195
f 645/1144/991 2742/3595/3196 2736/3596/3197 638/1137/984
f 2742/3595/3196 2741/1063/935 2735/849/762 2736/3596/3197
f 649/1146/989 2738/3597/3198 2726/3598/3199 634/1135/982
f 2738/3597/3198 2737/1066/932 2725/1059/931 2726/3598/3199
f 641/1140/987 2739/3594/3195 2743/3599/3200 646/1141/988
f 2739/3594/3195 2740/1065/936 2744/1061/933 2743/3599/3200
f 645/1144/991 642/1143/990 2729/3600/3201 2742/3595/3196
f 2742/3595/3196 2729/3600/3201 2730/1064/761 2741/1063/935
f 633/1138/985 2732/3601/3202 2733/3593/3194 637/1139/986
f 2732/3601/3202 2731/850/763 2734/1062/934 2733/3593/3194
f 649/1142/989 646/1141/988 2743/3599/3200 2738/3602/3198
f 2738/3602/3198 2743/3599/3200 2744/1061/933 2737/1060/932
f 634/1135/982 2726/3598/3199 2727/3603/3203 631/1136/983
f 2726/3598/3199 2725/1059/931 2728/845/759 2727/3603/3203
f 638/1137/984 2736/3596/3197 2732/3601/3202 633/1138/985
f 2736/3596/3197 2735/849/762 2731/850/763 2732/3601/3202
f 631/1136/983 2727/3603/3203 2729/3604/3201 642/1145/990
f 2727/3603/3203 2728/845/759 2730/848/761 2729/3604/3201
f 2752/1086/953 2745/1083/950 2747/3605/3204 2753/3606/3205
f 2753/3606/3205 2747/3605/3204 2746/1080/949 2751/1074/944
f 2758/841/755 2748/840/754 2750/3607/3206 2759/3608/3207
f 2759/3608/3207 2750/3607/3206 2749/984/891 2757/985/892
f 2748/840/754 2754/1069/939 2756/3609/3208 2750/3607/3206
f 2750/3607/3206 2756/3609/3208 2755/1003/910 2749/984/891
f 2754/1069/939 2760/1078/947 2762/3610/3209 2756/3609/3208
f 2756/3609/3208 2762/3610/3209 2761/1002/909 2755/1003/910
f 2770/1077/946 2772/1090/954 2774/3611/3210 2771/3612/3211
f 2771/3612/3211 2774/3611/3210 2773/1067/937 2769/1012/919
f 2764/1072/942 2766/1070/940 2768/3613/3212 2765/3614/3213
f 2765/3614/3213 2768/3613/3212 2767/843/757 2763/844/758
f 2763/1147/758 2746/1080/949 2747/3605/3204 2765/3615/3213
f 2765/3615/3213 2747/3605/3204 2745/1083/950 2764/1082/942
f 2751/1074/944 2773/1075/937 2774/3616/3210 2753/3606/3205
f 2753/3606/3205 2774/3616/3210 2772/1087/954 2752/1086/953
f 2757/985/892 2767/843/757 2768/3613/3212 2759/3608/3207
f 2759/3608/3207 2768/3613/3212 2766/1070/940 2758/841/755
f 2769/1012/919 2761/1002/909 2762/3610/3209 2771/3612/3211
f 2771/3612/3211 2762/3610/3209 2760/1078/947 2770/1077/946
f 630/1084/951 2745/1083/950 2752/1086/953 635/1085/952
f 424/501/473 425/454/432 429/482/456 428/502/474
f 428/502/474 429/482/456 2776/641/603 2775/503/475
f 2782/633/479 2781/647/606 2784/646/605 2783/634/596
f 2778/648/607 2777/643/418 2780/630/594 2779/645/604
f 2777/439/418 2778/654/607 422/653/608 423/440/419
f 2781/655/606 2782/507/479 426/506/478 427/656/609
f 430/455/433 431/650/472 2779/649/604 2780/630/594
f 2775/651/475 2776/641/603 2783/634/596 2784/652/605
f 2815/505/477 2816/437/416 423/440/419 426/506/478
f 370/627/591 369/683/550 2785/576/521 2793/575/544
f 358/563/532 367/466/442 2792/573/542 2794/554/523
f 364/617/583 358/563/532 2794/554/523 2790/553/522
f 360/581/549 363/622/587 2791/513/483 2786/512/482
f 372/547/516 370/627/591 2793/575/544 2788/540/509
f 367/466/442 375/465/441 2787/539/508 2792/573/542
f 363/622/587 377/621/584 2789/605/561 2791/513/483
f 377/618/584 364/617/583 2790/553/522 2789/593/561
f 375/465/441 372/547/516 2788/540/509 2787/539/508
f 369/582/550 360/581/549 2786/512/482 2785/552/521
f 355/597/565 357/626/590 2796/685/622 2795/680/620
f 357/626/590 352/639/601 2797/678/619 2796/685/622
f 354/689/626 348/688/625 2799/469/445 2798/489/463
f 348/688/625 349/693/629 2800/470/437 2799/469/445
f 356/668/616 350/608/574 2804/521/490 2803/462/438
f 349/698/629 356/668/616 2803/462/438 2800/461/437
f 352/639/601 353/670/618 2801/679/610 2797/678/619
f 351/598/566 355/597/565 2795/680/620 2802/522/491
f 350/608/574 351/598/566 2802/522/491 2804/521/490
f 353/700/618 354/689/626 2798/489/463 2801/660/610
f 277/3617/3214 308/3618/3215 2810/692/628 2805/687/624
f 325/3619/3216 332/3620/3217 2811/595/563 2806/607/573
f 293/3621/3218 340/3622/3219 2812/669/617 2807/638/600
f 340/3623/3219 284/3624/3220 2813/686/623 2812/699/617
f 332/3620/3217 300/3625/3221 2814/596/564 2811/595/563
f 317/3626/3222 325/3619/3216 2806/607/573 2808/667/615
f 284/3624/3220 277/3617/3214 2805/687/624 2813/686/623
f 269/3627/3223 293/3621/3218 2807/638/600 2809/625/589
f 300/3625/3221 269/3627/3223 2809/625/589 2814/596/564
f 308/3628/3215 317/3626/3222 2808/667/615 2810/697/628
f 277/3617/3214 284/3624/3220 2816/437/416 2815/505/477
f 325/3619/3216 317/3626/3222 2824/631/595 2822/640/602
f 332/3620/3217 325/3619/3216 2822/640/602 2820/481/455
f 340/3622/3219 293/3621/3218 2823/629/593 2817/642/417
f 308/3618/3215 277/3617/3214 2815/505/477 2821/504/476
f 317/3626/3222 308/3628/3215 2821/632/476 2824/631/595
f 293/3621/3218 269/3627/3223 2818/452/430 2823/629/593
f 284/3624/3220 340/3623/3219 2817/438/417 2816/437/416
f 300/3625/3221 332/3620/3217 2820/481/455 2819/453/431
f 269/3627/3223 300/3625/3221 2819/453/431 2818/452/430
f 310/684/551 323/628/592 2842/3629/3224 2827/3630/3225
f 2827/3630/3225 2842/3629/3224 2841/515/485 2828/514/484
f 302/467/443 275/564/533 2844/3631/3226 2839/3632/3227
f 2839/3632/3227 2844/3631/3226 2843/585/553 2840/541/510
f 275/564/533 299/620/586 2834/3633/3228 2844/3631/3226
f 2844/3631/3226 2834/3633/3228 2833/586/554 2843/585/553
f 286/623/588 283/584/552 2826/3634/3229 2837/3635/3230
f 2837/3635/3230 2826/3634/3229 2825/558/527 2838/557/526
f 323/628/592 331/548/517 2830/3636/3231 2842/3629/3224
f 2842/3629/3224 2830/3636/3231 2829/525/494 2841/515/485
f 334/468/444 302/467/443 2839/3632/3227 2831/3637/3232
f 2831/3637/3232 2839/3632/3227 2840/541/510 2832/526/495
f 342/624/585 286/623/588 2837/3635/3230 2835/3638/3233
f 2835/3638/3233 2837/3635/3230 2838/557/526 2836/616/582
f 299/620/586 342/619/585 2835/3639/3233 2834/3633/3228
f 2834/3633/3228 2835/3639/3233 2836/677/582 2833/586/554
f 331/548/517 334/468/444 2831/3637/3232 2830/3636/3231
f 2830/3636/3231 2831/3637/3232 2832/526/495 2829/525/494
f 283/584/552 310/583/551 2827/3640/3225 2826/3634/3229
f 2826/3634/3229 2827/3640/3225 2828/661/484 2825/558/527
f 313/702/612 320/550/519 2862/3641/3234 2847/3642/3235
f 2847/3642/3235 2862/3641/3234 2861/603/571 2848/657/469
f 305/544/513 272/572/541 2864/3643/3236 2859/3644/3237
f 2859/3644/3237 2864/3643/3236 2863/565/534 2860/600/568
f 272/572/541 296/571/540 2854/3645/3238 2864/3643/3236
f 2864/3643/3236 2854/3645/3238 2853/566/535 2863/565/534
f 289/580/548 280/579/547 2846/3646/3239 2857/3647/3240
f 2857/3647/3240 2846/3646/3239 2845/496/468 2858/561/530
f 320/550/519 328/538/507 2850/3648/3241 2862/3641/3234
f 2862/3641/3234 2850/3648/3241 2849/531/500 2861/603/571
f 337/537/506 305/544/513 2859/3644/3237 2851/3649/3242
f 2851/3649/3242 2859/3644/3237 2860/600/568 2852/532/501
f 345/612/578 289/580/548 2857/3647/3240 2855/3650/3243
f 2855/3650/3243 2857/3647/3240 2858/561/530 2856/609/575
f 296/571/540 345/674/578 2855/3651/3243 2854/3645/3238
f 2854/3645/3238 2855/3651/3243 2856/671/575 2853/566/535
f 328/538/507 337/537/506 2851/3649/3242 2850/3648/3241
f 2850/3648/3241 2851/3649/3242 2852/532/501 2849/531/500
f 280/579/547 313/664/612 2847/3652/3235 2846/3646/3239
f 2846/3646/3239 2847/3652/3235 2848/497/469 2845/496/468
f 314/658/470 319/604/572 2882/3653/3244 2867/3654/3245
f 2867/3654/3245 2882/3653/3244 2881/445/424 2868/695/452
f 306/601/569 271/568/537 2884/3655/3246 2879/3656/3247
f 2879/3656/3247 2884/3655/3246 2883/589/557 2880/545/514
f 271/568/537 295/567/536 2874/3657/3248 2884/3655/3246
f 2884/3655/3246 2874/3657/3248 2873/508/480 2883/589/557
f 290/562/531 279/499/471 2866/3658/3249 2877/3659/3250
f 2877/3659/3250 2866/3658/3249 2865/477/451 2878/474/448
f 319/604/572 327/534/503 2870/3660/3251 2882/3653/3244
f 2882/3653/3244 2870/3660/3251 2869/433/412 2881/445/424
f 338/533/502 306/601/569 2879/3656/3247 2871/3661/3252
f 2871/3661/3252 2879/3656/3247 2880/545/514 2872/434/413
f 346/610/576 290/562/531 2877/3659/3250 2875/3662/3253
f 2875/3662/3253 2877/3659/3250 2878/474/448 2876/473/447
f 295/567/536 346/672/576 2875/3663/3253 2874/3657/3248
f 2874/3657/3248 2875/3663/3253 2876/509/447 2873/508/480
f 327/534/503 338/533/502 2871/3661/3252 2870/3660/3251
f 2870/3660/3251 2871/3661/3252 2872/434/413 2869/433/412
f 279/499/471 314/498/470 2867/3664/3245 2866/3658/3249
f 2866/3658/3249 2867/3664/3245 2868/478/452 2865/477/451
f 315/696/453 318/446/425 2902/3665/3254 2887/3666/3255
f 2887/3666/3255 2902/3665/3254 2901/486/460 2888/659/489
f 307/546/515 270/590/558 2904/3667/3256 2899/3668/3257
f 2899/3668/3257 2904/3667/3256 2903/682/621 2900/602/570
f 270/590/558 294/511/481 2894/3669/3258 2904/3667/3256
f 2904/3667/3256 2894/3669/3258 2893/493/467 2903/682/621
f 291/475/449 278/480/454 2886/3670/3259 2897/3671/3260
f 2897/3671/3260 2886/3670/3259 2885/518/488 2898/484/458
f 318/446/425 326/436/415 2890/3672/3261 2902/3665/3254
f 2902/3665/3254 2890/3672/3261 2889/487/461 2901/486/460
f 339/435/414 307/546/515 2899/3668/3257 2891/3673/3262
f 2891/3673/3262 2899/3668/3257 2900/602/570 2892/491/465
f 347/476/450 291/475/449 2897/3671/3260 2895/3674/3263
f 2895/3674/3263 2897/3671/3260 2898/484/458 2896/483/457
f 294/511/481 347/510/450 2895/3675/3263 2894/3669/3258
f 2894/3669/3258 2895/3675/3263 2896/494/457 2893/493/467
f 326/436/415 339/435/414 2891/3673/3262 2890/3672/3261
f 2890/3672/3261 2891/3673/3262 2892/491/465 2889/487/461
f 278/480/454 315/479/453 2887/3676/3255 2886/3670/3259
f 2886/3670/3259 2887/3676/3255 2888/519/489 2885/518/488
f 263/293/257 267/223/204 2922/3677/3264 2924/3678/3265
f 2924/3678/3265 2922/3677/3264 2921/448/426 2923/636/598
f 265/251/228 262/250/227 2906/3679/3266 2910/3680/3267
f 2910/3680/3267 2906/3679/3266 2905/442/421 2909/441/420
f 264/460/436 265/251/228 2910/3680/3267 2917/3681/3268
f 2917/3681/3268 2910/3680/3267 2909/441/420 2918/644/599
f 266/459/203 260/20/20 2912/3682/3269 2916/3683/3270
f 2916/3683/3270 2912/3682/3269 2911/232/212 2915/681/427
f 258/19/19 264/458/436 2917/3684/3268 2913/3685/3271
f 2913/3685/3271 2917/3684/3268 2918/637/599 2914/233/213
f 259/249/226 261/248/225 2919/3686/3272 2907/3687/3273
f 2907/3687/3273 2919/3686/3272 2920/635/597 2908/456/434
f 261/248/225 263/293/257 2924/3678/3265 2919/3686/3272
f 2919/3686/3272 2924/3678/3265 2923/636/598 2920/635/597
f 262/250/227 259/249/226 2907/3687/3273 2906/3679/3266
f 2906/3679/3266 2907/3687/3273 2908/456/434 2905/442/421
f 260/20/20 258/19/19 2913/3685/3271 2912/3682/3269
f 2912/3682/3269 2913/3685/3271 2914/233/213 2911/232/212
f 267/223/204 266/222/203 2916/3688/3270 2922/3677/3264
f 2922/3677/3264 2916/3688/3270 2915/449/427 2921/448/426
f 312/694/613 321/551/520 2942/3689/3274 2927/3690/3275
f 2927/3690/3275 2942/3689/3274 2941/549/518 2928/701/611
f 304/599/567 273/592/560 2944/3691/3276 2939/3692/3277
f 2939/3692/3277 2944/3691/3276 2943/569/538 2940/543/512
f 273/592/560 297/591/559 2934/3693/3278 2944/3691/3276
f 2944/3691/3276 2934/3693/3278 2933/570/539 2943/569/538
f 288/614/580 281/666/614 2926/3694/3279 2937/3695/3280
f 2937/3695/3280 2926/3694/3279 2925/578/546 2938/577/545
f 321/551/520 329/530/499 2930/3696/3281 2942/3689/3274
f 2942/3689/3274 2930/3696/3281 2929/535/504 2941/549/518
f 336/529/498 304/599/567 2939/3692/3277 2931/3697/3282
f 2931/3697/3282 2939/3692/3277 2940/543/512 2932/536/505
f 344/615/581 288/614/580 2937/3695/3280 2935/3698/3283
f 2935/3698/3283 2937/3695/3280 2938/577/545 2936/611/577
f 297/591/559 344/676/581 2935/3699/3283 2934/3693/3278
f 2934/3693/3278 2935/3699/3283 2936/673/577 2933/570/539
f 329/530/499 336/529/498 2931/3697/3282 2930/3696/3281
f 2930/3696/3281 2931/3697/3282 2932/536/505 2929/535/504
f 281/666/614 312/665/613 2927/3700/3275 2926/3694/3279
f 2926/3694/3279 2927/3700/3275 2928/663/611 2925/578/546
f 387/188/177 393/187/176 2950/3701/3284 2951/3702/3285
f 2951/3702/3285 2950/3701/3284 2949/745/669 2952/720/646
f 381/724/650 387/188/177 2951/3702/3285 2947/3703/3286
f 2947/3703/3286 2951/3702/3285 2952/720/646 2948/719/645
f 393/734/176 399/733/658 2946/3704/3287 2950/3701/3284
f 2950/3701/3284 2946/3704/3287 2945/746/670 2949/745/669
f 399/733/658 381/724/650 2947/3703/3286 2946/3704/3287
f 2946/3704/3287 2947/3703/3286 2948/719/645 2945/746/670
f 386/741/665 394/767/676 2958/3705/3288 2959/3706/3289
f 2959/3706/3289 2958/3705/3288 2957/186/175 2960/185/174
f 380/742/666 386/741/665 2959/3706/3289 2955/3707/3290
f 2955/3707/3290 2959/3706/3289 2960/185/174 2956/723/649
f 394/752/676 400/751/675 2954/3708/3291 2958/3709/3288
f 2958/3709/3288 2954/3708/3291 2953/732/657 2957/731/175
f 400/751/675 380/742/666 2955/3707/3290 2954/3708/3291
f 2954/3708/3291 2955/3707/3290 2956/723/649 2953/732/657
f 385/727/653 395/769/685 2966/3710/3292 2967/3711/3293
f 2967/3711/3293 2966/3710/3292 2965/766/673 2968/740/664
f 379/728/654 385/727/653 2967/3711/3293 2963/3712/3294
f 2963/3712/3294 2967/3711/3293 2968/740/664 2964/739/663
f 395/765/685 401/762/682 2962/3713/3295 2966/3714/3292
f 2966/3714/3292 2962/3713/3295 2961/750/674 2965/749/673
f 401/762/682 379/728/654 2963/3712/3294 2962/3713/3295
f 2962/3713/3295 2963/3712/3294 2964/739/663 2961/750/674
f 384/753/677 390/756/678 2971/768/684 2972/726/652
f 378/757/679 384/753/677 2972/726/652 2970/725/651
f 390/758/678 396/760/680 2969/761/681 2971/764/684
f 396/760/680 378/757/679 2970/725/651 2969/761/681
f 388/721/647 392/748/672 2978/3715/3296 2979/3716/3297
f 2979/3716/3297 2978/3715/3296 2977/729/655 2980/738/662
f 382/722/648 388/721/647 2979/3716/3297 2975/3717/3298
f 2975/3717/3298 2979/3716/3297 2980/738/662 2976/737/661
f 392/748/672 398/747/671 2974/3718/3299 2978/3715/3296
f 2978/3715/3296 2974/3718/3299 2973/730/656 2977/729/655
f 398/747/671 382/722/648 2975/3717/3298 2974/3718/3299
f 2974/3718/3299 2975/3717/3298 2976/737/661 2973/730/656
f 408/744/668 412/713/640 2983/770/686 2984/777/693
f 405/706/633 408/744/668 2984/777/693 2982/775/691
f 412/713/640 403/703/630 2981/771/687 2983/770/686
f 403/703/630 405/706/633 2982/775/691 2981/771/687
f 410/778/694 413/773/689 2987/763/683 2988/736/660
f 407/776/692 410/778/694 2988/736/660 2986/735/659
f 413/773/689 404/772/688 2985/774/690 2987/763/683
f 404/772/688 407/776/692 2986/735/659 2985/774/690
f 41/247/224 90/246/223 2991/3719/3300 2990/3720/3301
f 2990/3720/3301 2991/3719/3300 2992/80/80 2989/79/79
f 124/304/38 3004/3721/3302 3005/3722/3303 121/305/261
f 3004/3721/3302 3003/252/133 3006/253/229 3005/3722/3303
f 91/175/164 51/303/260 2994/3723/3304 2996/3724/3305
f 2996/3724/3305 2994/3723/3304 2993/120/117 2995/119/116
f 124/38/38 71/37/37 2998/3725/3306 3004/3726/3302
f 3004/3726/3302 2998/3725/3306 2997/141/134 3003/140/133
f 102/61/61 91/175/164 2996/3724/3305 3008/3727/3307
f 3008/3727/3307 2996/3724/3305 2995/119/116 3007/134/129
f 102/61/61 3008/3727/3307 3001/3728/3308 103/62/62
f 3008/3727/3307 3007/134/129 3002/137/30 3001/3728/3308
f 51/303/260 41/247/224 2990/3720/3301 2994/3723/3304
f 2994/3723/3304 2990/3720/3301 2989/79/79 2993/120/117
f 71/37/37 62/150/143 2999/3729/3309 2998/3725/3306
f 2998/3725/3306 2999/3729/3309 3000/29/29 2997/141/134
f 90/246/223 121/305/261 3005/3722/3303 2991/3719/3300
f 2991/3719/3300 3005/3722/3303 3006/253/229 2992/80/80
f 62/150/143 103/306/62 3001/3730/3308 2999/3729/3309
f 2999/3729/3309 3001/3730/3308 3002/30/30 3000/29/29
f 35/241/99 3025/3731/3310 3028/3732/3311 36/242/220
f 3025/3731/3310 3026/283/141 3027/196/185 3028/3732/3311
f 33/162/155 3021/3733/3312 3024/3734/3313 34/298/240
f 3021/3733/3312 3022/153/146 3023/156/149 3024/3734/3313
f 9/133/128 34/269/240 3024/3735/3313 3016/3736/3314
f 3016/3736/3314 3024/3735/3313 3023/254/149 3015/182/171
f 12/168/161 19/266/237 3017/3737/3315 3011/3738/3316
f 3011/3738/3316 3017/3737/3315 3018/195/184 3012/258/231
f 33/162/155 23/118/115 3019/3739/3317 3021/3733/3312
f 3021/3733/3312 3019/3739/3317 3020/13/13 3022/153/146
f 35/100/99 11/99/98 3013/3740/3318 3025/3741/3310
f 3025/3741/3310 3013/3740/3318 3014/149/142 3026/148/141
f 23/118/115 10/117/114 3010/3742/3319 3019/3739/3317
f 3019/3739/3317 3010/3742/3319 3009/14/14 3020/13/13
f 10/117/114 12/168/161 3011/3738/3316 3010/3742/3319
f 3010/3742/3319 3011/3738/3316 3012/258/231 3009/14/14
f 11/99/98 9/133/128 3016/3736/3314 3013/3740/3318
f 3013/3740/3318 3016/3736/3314 3015/182/171 3014/149/142
f 19/266/237 36/242/220 3028/3732/3311 3017/3737/3315
f 3017/3737/3315 3028/3732/3311 3027/196/185 3018/195/184
f 189/261/234 193/318/271 3043/3743/3320 3037/3744/3321
f 3037/3744/3321 3043/3743/3320 3044/54/54 3038/53/53
f 197/262/235 190/228/209 3040/3745/3322 3046/3746/3323
f 3046/3746/3323 3040/3745/3322 3039/270/241 3045/57/57
f 201/447/262 186/394/339 3030/3747/3324 3042/3748/3325
f 3042/3748/3325 3030/3747/3324 3029/45/45 3041/386/264
f 193/318/271 198/308/263 3047/3749/3326 3043/3743/3320
f 3043/3743/3320 3047/3749/3326 3048/310/265 3044/54/54
f 197/262/235 3046/3746/3323 3033/3750/3327 194/387/335
f 3046/3746/3323 3045/57/57 3034/60/60 3033/3750/3327
f 185/227/208 189/261/234 3037/3744/3321 3036/3751/3328
f 3036/3751/3328 3037/3744/3321 3038/53/53 3035/271/242
f 201/307/262 3042/3752/3325 3047/3749/3326 198/308/263
f 3042/3752/3325 3041/309/264 3048/310/265 3047/3749/3326
f 186/394/339 183/389/336 3031/3753/3329 3030/3747/3324
f 3030/3747/3324 3031/3753/3329 3032/46/46 3029/45/45
f 190/228/209 185/227/208 3036/3751/3328 3040/3745/3322
f 3040/3745/3322 3036/3751/3328 3035/271/242 3039/270/241
f 183/389/336 194/388/335 3033/3754/3327 3031/3753/3329
f 3031/3753/3329 3033/3754/3327 3034/108/60 3032/46/46
f 3056/316/269 3057/3755/3330 3051/3756/3331 3049/392/338
f 3057/3755/3330 3055/311/266 3050/190/179 3051/3756/3331
f 3062/111/108 3063/3757/3332 3054/3758/3333 3052/112/109
f 3063/3757/3332 3061/177/166 3053/176/165 3054/3758/3333
f 3052/112/109 3054/3758/3333 3060/3759/3334 3058/194/183
f 3054/3758/3333 3053/176/165 3059/199/187 3060/3759/3334
f 3058/194/183 3060/3759/3334 3066/3760/3335 3064/321/274
f 3060/3759/3334 3059/199/187 3065/280/249 3066/3760/3335
f 3074/51/51 3075/3761/3336 3078/3762/3337 3076/52/52
f 3075/3761/3336 3073/279/248 3077/322/272 3078/3762/3337
f 3068/238/218 3069/3763/3338 3072/3764/3339 3070/239/219
f 3069/3763/3338 3067/273/178 3071/272/243 3072/3764/3339
f 3067/189/178 3069/3765/3338 3051/3756/3331 3050/190/179
f 3069/3765/3338 3068/393/218 3049/392/338 3051/3756/3331
f 3055/311/266 3057/3755/3330 3078/3766/3337 3077/319/272
f 3057/3755/3330 3056/316/269 3076/315/52 3078/3766/3337
f 3061/177/166 3063/3757/3332 3072/3764/3339 3071/272/243
f 3063/3757/3332 3062/111/108 3070/239/219 3072/3764/3339
f 3073/279/248 3075/3761/3336 3066/3760/3335 3065/280/249
f 3075/3761/3336 3074/51/51 3064/321/274 3066/3760/3335
f 182/390/337 187/313/268 3056/316/269 3049/392/338
f 1093/3767/3340 1163/3768/3341 3126/3769/3342 3081/3770/3343
f 3081/3770/3343 3126/3769/3342 3125/1928/1709 3082/1857/1641
f 1163/3768/3341 1160/3771/3344 3124/3772/3345 3126/3769/3342
f 3126/3769/3342 3124/3772/3345 3123/1925/1706 3125/1928/1709
f 1160/3771/3344 1157/3773/3346 3122/3774/3347 3124/3772/3345
f 3124/3772/3345 3122/3774/3347 3121/1922/1703 3123/1925/1706
f 1157/3773/3346 1154/3775/3348 3120/3776/3349 3122/3774/3347
f 3122/3774/3347 3120/3776/3349 3119/1919/1700 3121/1922/1703
f 1154/3775/3348 1151/3777/3350 3118/3778/3351 3120/3776/3349
f 3120/3776/3349 3118/3778/3351 3117/1913/1697 3119/1919/1700
f 1151/3777/3350 1148/3779/3352 3116/3780/3353 3118/3778/3351
f 3118/3778/3351 3116/3780/3353 3115/1914/1694 3117/1913/1697
f 1148/3781/3352 1145/3782/3354 3114/3783/3355 3116/3784/3353
f 3116/3784/3353 3114/3783/3355 3113/1907/1691 3115/1910/1694
f 1145/3782/3354 1142/3785/3356 3112/3786/3357 3114/3783/3355
f 3114/3783/3355 3112/3786/3357 3111/1904/1688 3113/1907/1691
f 1142/3785/3356 1139/3787/3358 3110/3788/3359 3112/3786/3357
f 3112/3786/3357 3110/3788/3359 3109/1901/1685 3111/1904/1688
f 1139/3787/3358 1136/3789/3360 3108/3790/3361 3110/3788/3359
f 3110/3788/3359 3108/3790/3361 3107/1898/1682 3109/1901/1685
f 1136/3789/3360 1133/3791/3362 3106/3792/3363 3108/3790/3361
f 3108/3790/3361 3106/3792/3363 3105/1895/1679 3107/1898/1682
f 1133/3791/3362 1130/3793/3364 3104/3794/3365 3106/3792/3363
f 3106/3792/3363 3104/3794/3365 3103/1892/1676 3105/1895/1679
f 1130/3793/3364 1127/3795/3366 3102/3796/3367 3104/3794/3365
f 3104/3794/3365 3102/3796/3367 3101/1889/1673 3103/1892/1676
f 1127/3795/3366 1124/3797/3368 3100/3798/3369 3102/3796/3367
f 3102/3796/3367 3100/3798/3369 3099/1886/1670 3101/1889/1673
f 1124/3797/3368 1121/3799/3370 3098/3800/3371 3100/3798/3369
f 3100/3798/3369 3098/3800/3371 3097/1883/1667 3099/1886/1670
f 1121/3799/3370 1118/3801/3372 3096/3802/3373 3098/3800/3371
f 3098/3800/3371 3096/3802/3373 3095/1880/1664 3097/1883/1667
f 1118/3801/3372 1115/3803/3374 3094/3804/3375 3096/3802/3373
f 3096/3802/3373 3094/3804/3375 3093/1877/1661 3095/1880/1664
f 1115/3803/3374 1112/3805/3376 3092/3806/3377 3094/3804/3375
f 3094/3804/3375 3092/3806/3377 3091/1874/1658 3093/1877/1661
f 1112/3805/3376 1109/3807/3378 3090/3808/3379 3092/3806/3377
f 3092/3806/3377 3090/3808/3379 3089/1871/1655 3091/1874/1658
f 1109/3807/3378 1106/3809/3380 3088/3810/3381 3090/3808/3379
f 3090/3808/3379 3088/3810/3381 3087/1868/1652 3089/1871/1655
f 1106/3809/3380 1103/3811/3382 3086/3812/3383 3088/3810/3381
f 3088/3810/3381 3086/3812/3383 3085/1865/1649 3087/1868/1652
f 1103/3811/3382 1100/3813/3384 3084/3814/3385 3086/3812/3383
f 3086/3812/3383 3084/3814/3385 3083/1862/1646 3085/1865/1649
f 1100/3813/3384 1097/3815/3386 3080/3816/3387 3084/3814/3385
f 3084/3814/3385 3080/3816/3387 3079/1856/1640 3083/1862/1646
f 1097/3815/3386 1093/3767/3340 3081/3770/3343 3080/3816/3387
f 3080/3816/3387 3081/3770/3343 3082/1857/1641 3079/1856/1640
f 1095/1858/1642 1164/1929/1710 3174/3817/3388 3129/3818/3389
f 3129/3818/3389 3174/3817/3388 3173/1930/1711 3130/1861/1645
f 1164/1929/1710 1161/1926/1707 3172/3819/3390 3174/3817/3388
f 3174/3817/3388 3172/3819/3390 3171/1927/1708 3173/1930/1711
f 1161/1926/1707 1158/1923/1704 3170/3820/3391 3172/3819/3390
f 3172/3819/3390 3170/3820/3391 3169/1924/1705 3171/1927/1708
f 1158/1923/1704 1155/1920/1701 3168/3821/3392 3170/3820/3391
f 3170/3820/3391 3168/3821/3392 3167/1921/1702 3169/1924/1705
f 1155/1920/1701 1152/1916/1698 3166/3822/3393 3168/3821/3392
f 3168/3821/3392 3166/3822/3393 3165/1917/1699 3167/1921/1702
f 1152/1916/1698 1149/1915/1695 3164/3823/3394 3166/3822/3393
f 3166/3822/3393 3164/3823/3394 3163/1918/1696 3165/1917/1699
f 1149/1911/1695 1146/1908/1692 3162/3824/3395 3164/3825/3394
f 3164/3825/3394 3162/3824/3395 3161/1909/1693 3163/1912/1696
f 1146/1908/1692 1143/1905/1689 3160/3826/3396 3162/3824/3395
f 3162/3824/3395 3160/3826/3396 3159/1906/1690 3161/1909/1693
f 1143/1905/1689 1140/1902/1686 3158/3827/3397 3160/3826/3396
f 3160/3826/3396 3158/3827/3397 3157/1903/1687 3159/1906/1690
f 1140/1902/1686 1137/1899/1683 3156/3828/3398 3158/3827/3397
f 3158/3827/3397 3156/3828/3398 3155/1900/1684 3157/1903/1687
f 1137/1899/1683 1134/1896/1680 3154/3829/3399 3156/3828/3398
f 3156/3828/3398 3154/3829/3399 3153/1897/1681 3155/1900/1684
f 1134/1896/1680 1131/1893/1677 3152/3830/3400 3154/3829/3399
f 3154/3829/3399 3152/3830/3400 3151/1894/1678 3153/1897/1681
f 1131/1893/1677 1128/1890/1674 3150/3831/3401 3152/3830/3400
f 3152/3830/3400 3150/3831/3401 3149/1891/1675 3151/1894/1678
f 1128/1890/1674 1125/1887/1671 3148/3832/3402 3150/3831/3401
f 3150/3831/3401 3148/3832/3402 3147/1888/1672 3149/1891/1675
f 1125/1887/1671 1122/1884/1668 3146/3833/3403 3148/3832/3402
f 3148/3832/3402 3146/3833/3403 3145/1885/1669 3147/1888/1672
f 1122/1884/1668 1119/1881/1665 3144/3834/3404 3146/3833/3403
f 3146/3833/3403 3144/3834/3404 3143/1882/1666 3145/1885/1669
f 1119/1881/1665 1116/1878/1662 3142/3835/3405 3144/3834/3404
f 3144/3834/3404 3142/3835/3405 3141/1879/1663 3143/1882/1666
f 1116/1878/1662 1113/1875/1659 3140/3836/3406 3142/3835/3405
f 3142/3835/3405 3140/3836/3406 3139/1876/1660 3141/1879/1663
f 1113/1875/1659 1110/1872/1656 3138/3837/3407 3140/3836/3406
f 3140/3836/3406 3138/3837/3407 3137/1873/1657 3139/1876/1660
f 1110/1872/1656 1107/1869/1653 3136/3838/3408 3138/3837/3407
f 3138/3837/3407 3136/3838/3408 3135/1870/1654 3137/1873/1657
f 1107/1869/1653 1104/1866/1650 3134/3839/3409 3136/3838/3408
f 3136/3838/3408 3134/3839/3409 3133/1867/1651 3135/1870/1654
f 1104/1866/1650 1101/1863/1647 3132/3840/3410 3134/3839/3409
f 3134/3839/3409 3132/3840/3410 3131/1864/1648 3133/1867/1651
f 1101/1863/1647 1098/1859/1643 3128/3841/3411 3132/3840/3410
f 3132/3840/3410 3128/3841/3411 3127/1860/1644 3131/1864/1648
f 1098/1859/1643 1095/1858/1642 3129/3818/3389 3128/3841/3411
f 3128/3841/3411 3129/3818/3389 3130/1861/1645 3127/1860/1644
f 1145/3782/3354 3213/3842/3412 3211/3843/3413 1142/3785/3356
f 3213/3842/3412 3214/2360/2108 3212/2247/1997 3211/3843/3413
f 1154/3775/3348 3219/3844/3414 3217/3845/3415 1151/3777/3350
f 3219/3844/3414 3220/2378/2118 3218/2257/2007 3217/3845/3415
f 1124/3797/3368 3199/3846/3416 3197/3847/3417 1121/3799/3370
f 3199/3846/3416 3200/2180/1930 3198/2277/2027 3197/3847/3417
f 1133/3791/3362 3205/3848/3418 3203/3849/3419 1130/3793/3364
f 3205/3848/3418 3206/2348/2098 3204/2287/2037 3203/3849/3419
f 1106/3809/3380 3187/3850/3420 3185/3851/3421 1103/3811/3382
f 3187/3850/3420 3188/2300/2050 3186/2217/1967 3185/3851/3421
f 1112/3805/3376 3191/3852/3422 3189/3853/3423 1109/3807/3378
f 3191/3852/3422 3192/2338/2088 3190/2297/2047 3189/3853/3423
f 1163/3768/3341 3180/3854/3424 3182/3855/3425 1160/3771/3344
f 3180/3854/3424 3179/2230/1980 3181/2317/2067 3182/3855/3425
f 1157/3773/3346 3221/3856/3426 3219/3844/3414 1154/3775/3348
f 3221/3856/3426 3222/2320/2070 3220/2378/2118 3219/3844/3414
f 1148/3781/3352 3215/3857/3427 3213/3842/3412 1145/3782/3354
f 3215/3857/3427 3216/2357/2010 3214/2360/2108 3213/3842/3412
f 1136/3789/3360 3207/3858/3428 3205/3848/3418 1133/3791/3362
f 3207/3858/3428 3208/2160/1910 3206/2348/2098 3205/3848/3418
f 1115/3803/3374 3193/3859/3429 3191/3852/3422 1112/3805/3376
f 3193/3859/3429 3194/2200/1950 3192/2338/2088 3191/3852/3422
f 1160/3771/3344 3182/3855/3425 3221/3856/3426 1157/3773/3346
f 3182/3855/3425 3181/2317/2067 3222/2320/2070 3221/3856/3426
f 1097/3815/3386 3176/3860/3430 3178/3861/3431 1093/3767/3340
f 3176/3860/3430 3175/2140/1890 3177/2227/1977 3178/3861/3431
f 1109/3807/3378 3189/3853/3423 3187/3850/3420 1106/3809/3380
f 3189/3853/3423 3190/2297/2047 3188/2300/2050 3187/3850/3420
f 1130/3793/3364 3203/3849/3419 3201/3862/3432 1127/3795/3366
f 3203/3849/3419 3204/2287/2037 3202/2177/1927 3201/3862/3432
f 1121/3799/3370 3197/3847/3417 3195/3863/3433 1118/3801/3372
f 3197/3847/3417 3198/2277/2027 3196/2197/1947 3195/3863/3433
f 1151/3777/3350 3217/3845/3415 3215/3864/3427 1148/3779/3352
f 3217/3845/3415 3218/2257/2007 3216/2260/2010 3215/3864/3427
f 1142/3785/3356 3211/3843/3413 3209/3865/3434 1139/3787/3358
f 3211/3843/3413 3212/2247/1997 3210/2157/1907 3209/3865/3434
f 1093/3767/3340 3178/3861/3431 3180/3854/3424 1163/3768/3341
f 3178/3861/3431 3177/2227/1977 3179/2230/1980 3180/3854/3424
f 1103/3811/3382 3185/3851/3421 3183/3866/3435 1100/3813/3384
f 3185/3851/3421 3186/2217/1967 3184/2137/1887 3183/3866/3435
f 1118/3801/3372 3195/3863/3433 3193/3859/3429 1115/3803/3374
f 3195/3863/3433 3196/2197/1947 3194/2200/1950 3193/3859/3429
f 1127/3795/3366 3201/3862/3432 3199/3846/3416 1124/3797/3368
f 3201/3862/3432 3202/2177/1927 3200/2180/1930 3199/3846/3416
f 1139/3787/3358 3209/3865/3434 3207/3858/3428 1136/3789/3360
f 3209/3865/3434 3210/2157/1907 3208/2160/1910 3207/3858/3428
f 1100/3813/3384 3183/3866/3435 3176/3860/3430 1097/3815/3386
f 3183/3866/3435 3184/2137/1887 3175/2140/1890 3176/3860/3430
f 1476/2359/2107 3261/3867/3436 3259/3868/3437 1471/2248/1998
f 3261/3867/3436 3262/2364/2110 3260/2249/1999 3259/3868/3437
f 1491/2377/2117 3267/3869/3438 3265/3870/3439 1486/2258/2008
f 3267/3869/3438 3268/2380/2120 3266/2261/2011 3265/3870/3439
f 1441/2179/1929 3247/3871/3440 3245/3872/3441 1436/2278/2028
f 3247/3871/3440 3248/2184/1934 3246/2279/2029 3245/3872/3441
f 1456/2347/2097 3253/3873/3442 3251/3874/3443 1451/2288/2038
f 3253/3873/3442 3254/2350/2100 3252/2289/2039 3251/3874/3443
f 1411/2299/2049 3235/3875/3444 3233/3876/3445 1406/2218/1968
f 3235/3875/3444 3236/2304/2054 3234/2219/1969 3233/3876/3445
f 1421/2337/2087 3239/3877/3446 3237/3878/3447 1416/2298/2048
f 3239/3877/3446 3240/2340/2090 3238/2301/2051 3237/3878/3447
f 1400/2229/1979 3230/3879/3448 3232/3880/3449 1405/2318/2068
f 3230/3879/3448 3229/2234/1984 3231/2321/2071 3232/3880/3449
f 1496/2319/2069 3269/3881/3450 3267/3869/3438 1491/2377/2117
f 3269/3881/3450 3270/2324/2074 3268/2380/2120 3267/3869/3438
f 1481/2358/2009 3263/3882/3451 3261/3867/3436 1476/2359/2107
f 3263/3882/3451 3264/2361/2014 3262/2364/2110 3261/3867/3436
f 1461/2159/1909 3255/3883/3452 3253/3873/3442 1456/2347/2097
f 3255/3883/3452 3256/2164/1914 3254/2350/2100 3253/3873/3442
f 1426/2199/1949 3241/3884/3453 3239/3877/3446 1421/2337/2087
f 3241/3884/3453 3242/2204/1954 3240/2340/2090 3239/3877/3446
f 1405/2318/2068 3232/3880/3449 3269/3881/3450 1496/2319/2069
f 3232/3880/3449 3231/2321/2071 3270/2324/2074 3269/3881/3450
f 1390/2139/1889 3226/3885/3454 3228/3886/3455 1395/2228/1978
f 3226/3885/3454 3225/2144/1894 3227/2231/1981 3228/3886/3455
f 1416/2298/2048 3237/3878/3447 3235/3875/3444 1411/2299/2049
f 3237/3878/3447 3238/2301/2051 3236/2304/2054 3235/3875/3444
f 1451/2288/2038 3251/3874/3443 3249/3887/3456 1446/2178/1928
f 3251/3874/3443 3252/2289/2039 3250/2181/1931 3249/3887/3456
f 1436/2278/2028 3245/3872/3441 3243/3888/3457 1431/2198/1948
f 3245/3872/3441 3246/2279/2029 3244/2201/1951 3243/3888/3457
f 1486/2258/2008 3265/3870/3439 3263/3889/3451 1481/2259/2009
f 3265/3870/3439 3266/2261/2011 3264/2264/2014 3263/3889/3451
f 1471/2248/1998 3259/3868/3437 3257/3890/3458 1466/2158/1908
f 3259/3868/3437 3260/2249/1999 3258/2161/1911 3257/3890/3458
f 1395/2228/1978 3228/3886/3455 3230/3879/3448 1400/2229/1979
f 3228/3886/3455 3227/2231/1981 3229/2234/1984 3230/3879/3448
f 1406/2218/1968 3233/3876/3445 3223/3891/3459 1381/2138/1888
f 3233/3876/3445 3234/2219/1969 3224/2141/1891 3223/3891/3459
f 1431/2198/1948 3243/3888/3457 3241/3884/3453 1426/2199/1949
f 3243/3888/3457 3244/2201/1951 3242/2204/1954 3241/3884/3453
f 1446/2178/1928 3249/3887/3456 3247/3871/3440 1441/2179/1929
f 3249/3887/3456 3250/2181/1931 3248/2184/1934 3247/3871/3440
f 1466/2158/1908 3257/3890/3458 3255/3883/3452 1461/2159/1909
f 3257/3890/3458 3258/2161/1911 3256/2164/1914 3255/3883/3452
f 1381/2138/1888 3223/3891/3459 3226/3885/3454 1390/2139/1889
f 3223/3891/3459 3224/2141/1891 3225/2144/1894 3226/3885/3454
f 1477/2363/2109 3309/3892/3460 3307/3893/3461 1472/2250/2000
f 3309/3892/3460 3310/2368/2112 3308/2251/2001 3307/3893/3461
f 1492/2379/2119 3315/3894/3462 3313/3895/3463 1487/2262/2012
f 3315/3894/3462 3316/2382/2122 3314/2265/2015 3313/3895/3463
f 1442/2183/1933 3295/3896/3464 3293/3897/3465 1437/2280/2030
f 3295/3896/3464 3296/2188/1938 3294/2281/2031 3293/3897/3465
f 1457/2349/2099 3301/3898/3466 3299/3899/3467 1452/2290/2040
f 3301/3898/3466 3302/2352/2102 3300/2291/2041 3299/3899/3467
f 1412/2303/2053 3283/3900/3468 3281/3901/3469 1407/2220/1970
f 3283/3900/3468 3284/2308/2058 3282/2221/1971 3281/3901/3469
f 1422/2339/2089 3287/3902/3470 3285/3903/3471 1417/2302/2052
f 3287/3902/3470 3288/2342/2092 3286/2305/2055 3285/3903/3471
f 1399/2233/1983 3278/3904/3472 3280/3905/3473 1404/2322/2072
f 3278/3904/3472 3277/2238/1988 3279/2325/2075 3280/3905/3473
f 1497/2323/2073 3317/3906/3474 3315/3894/3462 1492/2379/2119
f 3317/3906/3474 3318/2328/2078 3316/2382/2122 3315/3894/3462
f 1482/2362/2013 3311/3907/3475 3309/3892/3460 1477/2363/2109
f 3311/3907/3475 3312/2365/2018 3310/2368/2112 3309/3892/3460
f 1462/2163/1913 3303/3908/3476 3301/3898/3466 1457/2349/2099
f 3303/3908/3476 3304/2168/1918 3302/2352/2102 3301/3898/3466
f 1427/2203/1953 3289/3909/3477 3287/3902/3470 1422/2339/2089
f 3289/3909/3477 3290/2208/1958 3288/2342/2092 3287/3902/3470
f 1404/2322/2072 3280/3905/3473 3317/3906/3474 1497/2323/2073
f 3280/3905/3473 3279/2325/2075 3318/2328/2078 3317/3906/3474
f 1389/2143/1893 3274/3910/3478 3276/3911/3479 1394/2232/1982
f 3274/3910/3478 3273/2148/1898 3275/2235/1985 3276/3911/3479
f 1417/2302/2052 3285/3903/3471 3283/3900/3468 1412/2303/2053
f 3285/3903/3471 3286/2305/2055 3284/2308/2058 3283/3900/3468
f 1452/2290/2040 3299/3899/3467 3297/3912/3480 1447/2182/1932
f 3299/3899/3467 3300/2291/2041 3298/2185/1935 3297/3912/3480
f 1437/2280/2030 3293/3897/3465 3291/3913/3481 1432/2202/1952
f 3293/3897/3465 3294/2281/2031 3292/2205/1955 3291/3913/3481
f 1487/2262/2012 3313/3895/3463 3311/3914/3475 1482/2263/2013
f 3313/3895/3463 3314/2265/2015 3312/2268/2018 3311/3914/3475
f 1472/2250/2000 3307/3893/3461 3305/3915/3482 1467/2162/1912
f 3307/3893/3461 3308/2251/2001 3306/2165/1915 3305/3915/3482
f 1394/2232/1982 3276/3911/3479 3278/3904/3472 1399/2233/1983
f 3276/3911/3479 3275/2235/1985 3277/2238/1988 3278/3904/3472
f 1407/2220/1970 3281/3901/3469 3271/3916/3483 1382/2142/1892
f 3281/3901/3469 3282/2221/1971 3272/2145/1895 3271/3916/3483
f 1432/2202/1952 3291/3913/3481 3289/3909/3477 1427/2203/1953
f 3291/3913/3481 3292/2205/1955 3290/2208/1958 3289/3909/3477
f 1447/2182/1932 3297/3912/3480 3295/3896/3464 1442/2183/1933
f 3297/3912/3480 3298/2185/1935 3296/2188/1938 3295/3896/3464
f 1467/2162/1912 3305/3915/3482 3303/3908/3476 1462/2163/1913
f 3305/3915/3482 3306/2165/1915 3304/2168/1918 3303/3908/3476
f 1382/2142/1892 3271/3916/3483 3274/3910/3478 1389/2143/1893
f 3271/3916/3483 3272/2145/1895 3273/2148/1898 3274/3910/3478
f 1478/2367/2111 3357/3917/3484 3355/3918/3485 1473/2252/2002
f 3357/3917/3484 3358/2372/2114 3356/2253/2003 3355/3918/3485
f 1493/2381/2121 3363/3919/3486 3361/3920/3487 1488/2266/2016
f 3363/3919/3486 3364/2384/2124 3362/2269/2019 3361/3920/3487
f 1443/2187/1937 3343/3921/3488 3341/3922/3489 1438/2282/2032
f 3343/3921/3488 3344/2192/1942 3342/2283/2033 3341/3922/3489
f 1458/2351/2101 3349/3923/3490 3347/3924/3491 1453/2292/2042
f 3349/3923/3490 3350/2354/2104 3348/2293/2043 3347/3924/3491
f 1413/2307/2057 3331/3925/3492 3329/3926/3493 1408/2222/1972
f 3331/3925/3492 3332/2312/2062 3330/2223/1973 3329/3926/3493
f 1423/2341/2091 3335/3927/3494 3333/3928/3495 1418/2306/2056
f 3335/3927/3494 3336/2344/2094 3334/2309/2059 3333/3928/3495
f 1398/2237/1987 3326/3929/3496 3328/3930/3497 1403/2326/2076
f 3326/3929/3496 3325/2242/1992 3327/2329/2079 3328/3930/3497
f 1498/2327/2077 3365/3931/3498 3363/3919/3486 1493/2381/2121
f 3365/3931/3498 3366/2332/2082 3364/2384/2124 3363/3919/3486
f 1483/2366/2017 3359/3932/3499 3357/3917/3484 1478/2367/2111
f 3359/3932/3499 3360/2369/2022 3358/2372/2114 3357/3917/3484
f 1463/2167/1917 3351/3933/3500 3349/3923/3490 1458/2351/2101
f 3351/3933/3500 3352/2172/1922 3350/2354/2104 3349/3923/3490
f 1428/2207/1957 3337/3934/3501 3335/3927/3494 1423/2341/2091
f 3337/3934/3501 3338/2212/1962 3336/2344/2094 3335/3927/3494
f 1403/2326/2076 3328/3930/3497 3365/3931/3498 1498/2327/2077
f 3328/3930/3497 3327/2329/2079 3366/2332/2082 3365/3931/3498
f 1388/2147/1897 3322/3935/3502 3324/3936/3503 1393/2236/1986
f 3322/3935/3502 3321/2152/1902 3323/2239/1989 3324/3936/3503
f 1418/2306/2056 3333/3928/3495 3331/3925/3492 1413/2307/2057
f 3333/3928/3495 3334/2309/2059 3332/2312/2062 3331/3925/3492
f 1453/2292/2042 3347/3924/3491 3345/3937/3504 1448/2186/1936
f 3347/3924/3491 3348/2293/2043 3346/2189/1939 3345/3937/3504
f 1438/2282/2032 3341/3922/3489 3339/3938/3505 1433/2206/1956
f 3341/3922/3489 3342/2283/2033 3340/2209/1959 3339/3938/3505
f 1488/2266/2016 3361/3920/3487 3359/3939/3499 1483/2267/2017
f 3361/3920/3487 3362/2269/2019 3360/2272/2022 3359/3939/3499
f 1473/2252/2002 3355/3918/3485 3353/3940/3506 1468/2166/1916
f 3355/3918/3485 3356/2253/2003 3354/2169/1919 3353/3940/3506
f 1393/2236/1986 3324/3936/3503 3326/3929/3496 1398/2237/1987
f 3324/3936/3503 3323/2239/1989 3325/2242/1992 3326/3929/3496
f 1408/2222/1972 3329/3926/3493 3319/3941/3507 1383/2146/1896
f 3329/3926/3493 3330/2223/1973 3320/2149/1899 3319/3941/3507
f 1433/2206/1956 3339/3938/3505 3337/3934/3501 1428/2207/1957
f 3339/3938/3505 3340/2209/1959 3338/2212/1962 3337/3934/3501
f 1448/2186/1936 3345/3937/3504 3343/3921/3488 1443/2187/1937
f 3345/3937/3504 3346/2189/1939 3344/2192/1942 3343/3921/3488
f 1468/2166/1916 3353/3940/3506 3351/3933/3500 1463/2167/1917
f 3353/3940/3506 3354/2169/1919 3352/2172/1922 3351/3933/3500
f 1383/2146/1896 3319/3941/3507 3322/3935/3502 1388/2147/1897
f 3319/3941/3507 3320/2149/1899 3321/2152/1902 3322/3935/3502
f 1479/2371/2113 3405/3942/3508 3403/3943/3509 1474/2254/2004
f 3405/3942/3508 3406/2376/2116 3404/2255/2005 3403/3943/3509
f 1494/2383/2123 3411/3944/3510 3409/3945/3511 1489/2270/2020
f 3411/3944/3510 3412/2386/2126 3410/2273/2023 3409/3945/3511
f 1444/2191/1941 3391/3946/3512 3389/3947/3513 1439/2284/2034
f 3391/3946/3512 3392/2196/1946 3390/2285/2035 3389/3947/3513
f 1459/2353/2103 3397/3948/3514 3395/3949/3515 1454/2294/2044
f 3397/3948/3514 3398/2356/2106 3396/2295/2045 3395/3949/3515
f 1414/2311/2061 3379/3950/3516 3377/3951/3517 1409/2224/1974
f 3379/3950/3516 3380/2316/2066 3378/2225/1975 3377/3951/3517
f 1424/2343/2093 3383/3952/3518 3381/3953/3519 1419/2310/2060
f 3383/3952/3518 3384/2346/2096 3382/2313/2063 3381/3953/3519
f 1397/2241/1991 3374/3954/3520 3376/3955/3521 1402/2330/2080
f 3374/3954/3520 3373/2246/1996 3375/2333/2083 3376/3955/3521
f 1499/2331/2081 3413/3956/3522 3411/3944/3510 1494/2383/2123
f 3413/3956/3522 3414/2336/2086 3412/2386/2126 3411/3944/3510
f 1484/2370/2021 3407/3957/3523 3405/3942/3508 1479/2371/2113
f 3407/3957/3523 3408/2373/2026 3406/2376/2116 3405/3942/3508
f 1464/2171/1921 3399/3958/3524 3397/3948/3514 1459/2353/2103
f 3399/3958/3524 3400/2176/1926 3398/2356/2106 3397/3948/3514
f 1429/2211/1961 3385/3959/3525 3383/3952/3518 1424/2343/2093
f 3385/3959/3525 3386/2216/1966 3384/2346/2096 3383/3952/3518
f 1402/2330/2080 3376/3955/3521 3413/3956/3522 1499/2331/2081
f 3376/3955/3521 3375/2333/2083 3414/2336/2086 3413/3956/3522
f 1387/2151/1901 3370/3960/3526 3372/3961/3527 1392/2240/1990
f 3370/3960/3526 3369/2156/1906 3371/2243/1993 3372/3961/3527
f 1419/2310/2060 3381/3953/3519 3379/3950/3516 1414/2311/2061
f 3381/3953/3519 3382/2313/2063 3380/2316/2066 3379/3950/3516
f 1454/2294/2044 3395/3949/3515 3393/3962/3528 1449/2190/1940
f 3395/3949/3515 3396/2295/2045 3394/2193/1943 3393/3962/3528
f 1439/2284/2034 3389/3947/3513 3387/3963/3529 1434/2210/1960
f 3389/3947/3513 3390/2285/2035 3388/2213/1963 3387/3963/3529
f 1489/2270/2020 3409/3945/3511 3407/3964/3523 1484/2271/2021
f 3409/3945/3511 3410/2273/2023 3408/2276/2026 3407/3964/3523
f 1474/2254/2004 3403/3943/3509 3401/3965/3530 1469/2170/1920
f 3403/3943/3509 3404/2255/2005 3402/2173/1923 3401/3965/3530
f 1392/2240/1990 3372/3961/3527 3374/3954/3520 1397/2241/1991
f 3372/3961/3527 3371/2243/1993 3373/2246/1996 3374/3954/3520
f 1409/2224/1974 3377/3951/3517 3367/3966/3531 1384/2150/1900
f 3377/3951/3517 3378/2225/1975 3368/2153/1903 3367/3966/3531
f 1434/2210/1960 3387/3963/3529 3385/3959/3525 1429/2211/1961
f 3387/3963/3529 3388/2213/1963 3386/2216/1966 3385/3959/3525
f 1449/2190/1940 3393/3962/3528 3391/3946/3512 1444/2191/1941
f 3393/3962/3528 3394/2193/1943 3392/2196/1946 3391/3946/3512
f 1469/2170/1920 3401/3965/3530 3399/3958/3524 1464/2171/1921
f 3401/3965/3530 3402/2173/1923 3400/2176/1926 3399/3958/3524
f 1384/2150/1900 3367/3966/3531 3370/3960/3526 1387/2151/1901
f 3367/3966/3531 3368/2153/1903 3369/2156/1906 3370/3960/3526
f 1385/2154/1904 3415/3967/3532 3456/3968/3533 1386/2155/1905
f 3415/3967/3532 3416/2062/1837 3455/1979/1758 3456/3968/3533
f 1470/2174/1924 3441/3969/3534 3439/3970/3535 1465/2175/1925
f 3441/3969/3534 3442/2052/1827 3440/1842/1626 3439/3970/3535
f 1450/2194/1944 3433/3971/3536 3431/3972/3537 1445/2195/1945
f 3433/3971/3536 3434/2044/1821 3432/1804/1590 3431/3972/3537
f 1435/2214/1964 3427/3973/3538 3425/3974/3539 1430/2215/1965
f 3427/3973/3538 3428/2046/1823 3426/1848/1632 3425/3974/3539
f 1410/2226/1976 3417/3975/3540 3415/3967/3532 1385/2154/1904
f 3417/3975/3540 3418/1817/1603 3416/2062/1837 3415/3967/3532
f 1391/2244/1994 3458/3976/3541 3460/3977/3542 1396/2245/1995
f 3458/3976/3541 3457/1982/1761 3459/1830/1614 3460/3977/3542
f 1475/2256/2006 3443/3978/3543 3441/3969/3534 1470/2174/1924
f 3443/3978/3543 3444/1791/1577 3442/2052/1827 3441/3969/3534
f 1490/2274/2024 3449/3979/3544 3447/3980/3545 1485/2275/2025
f 3449/3979/3544 3450/1795/1581 3448/2050/1624 3447/3980/3545
f 1440/2286/2036 3429/3981/3546 3427/3973/3538 1435/2214/1964
f 3429/3981/3546 3430/1807/1593 3428/2046/1823 3427/3973/3538
f 1455/2296/2046 3435/3982/3547 3433/3971/3536 1450/2194/1944
f 3435/3982/3547 3436/1811/1597 3434/2044/1821 3433/3971/3536
f 1420/2314/2064 3421/3983/3548 3419/3984/3549 1415/2315/2065
f 3421/3983/3548 3422/1823/1609 3420/1814/1600 3419/3984/3549
f 1386/2155/1905 3456/3968/3533 3458/3976/3541 1391/2244/1994
f 3456/3968/3533 3455/1979/1758 3457/1982/1761 3458/3976/3541
f 1401/2334/2084 3462/3985/3550 3453/3986/3551 1500/2335/2085
f 3462/3985/3550 3461/1833/1617 3454/1834/1618 3453/3986/3551
f 1430/2215/1965 3425/3974/3539 3423/3987/3552 1425/2345/2095
f 3425/3974/3539 3426/1848/1632 3424/1820/1606 3423/3987/3552
f 1465/2175/1925 3439/3970/3535 3437/3988/3553 1460/2355/2105
f 3439/3970/3535 3440/1842/1626 3438/1808/1594 3437/3988/3553
f 1485/2374/2025 3447/3989/3545 3445/3990/3554 1480/2375/2115
f 3447/3989/3545 3448/1840/1624 3446/1788/1574 3445/3990/3554
f 1500/2335/2085 3453/3986/3551 3451/3991/3555 1495/2385/2125
f 3453/3986/3551 3454/1834/1618 3452/1792/1578 3451/3991/3555
f 1396/2245/1995 3460/3977/3542 3462/3985/3550 1401/2334/2084
f 3460/3977/3542 3459/1830/1614 3461/1833/1617 3462/3985/3550
f 1425/2345/2095 3423/3987/3552 3421/3983/3548 1420/2314/2064
f 3423/3987/3552 3424/1820/1606 3422/1823/1609 3421/3983/3548
f 1415/2315/2065 3419/3984/3549 3417/3975/3540 1410/2226/1976
f 3419/3984/3549 3420/1814/1600 3418/1817/1603 3417/3975/3540
f 1460/2355/2105 3437/3988/3553 3435/3982/3547 1455/2296/2046
f 3437/3988/3553 3438/1808/1594 3436/1811/1597 3435/3982/3547
f 1445/2195/1945 3431/3972/3537 3429/3981/3546 1440/2286/2036
f 3431/3972/3537 3432/1804/1590 3430/1807/1593 3429/3981/3546
f 1495/2385/2125 3451/3991/3555 3449/3979/3544 1490/2274/2024
f 3451/3991/3555 3452/1792/1578 3450/1795/1581 3449/3979/3544
f 1480/2375/2115 3445/3990/3554 3443/3978/3543 1475/2256/2006
f 3445/3990/3554 3446/1788/1574 3444/1791/1577 3443/3978/3543
f 718/1118/3556 3468/1169/1015 3481/1183/1052 687/1115/1051
f 716/1111/1013 3467/1168/1012 3476/1177/1031 723/1093/1030
f 708/1109/1021 3471/1172/1020 3480/1181/1039 715/1133/1038
f 712/1134/1037 3479/1180/1036 3478/1179/1035 707/1157/1034
f 700/1092/1005 3463/1164/1004 3481/1183/1052 686/1105/1059
f 720/1094/1029 3475/1176/1028 3474/1175/1027 699/1154/1026
f 692/1108/1009 3465/1166/1008 3464/1165/1007 703/1091/1006
f 704/1112/1033 3477/1178/1032 3466/1167/1011 695/1107/1010
f 688/1103/1017 3469/1170/1016 3472/1173/1023 711/1104/1022
f 696/1114/1025 3473/1174/1024 3470/1182/1019 691/1113/1018
f 713/1129/1053 3479/1180/1036 3480/1181/1039 714/1159/1056
f 705/1125/1044 3477/1178/1032 3478/1179/1035 706/1132/1054
f 721/1121/1048 3475/1176/1028 3476/1177/1031 722/1156/1058
f 697/1097/1040 3473/1174/1024 3474/1175/1027 698/1098/1049
f 709/1099/1055 3471/1172/1020 3472/1173/1023 710/1100/1043
f 689/1152/1042 3469/1170/1016 3470/1171/1019 690/1153/1041
f 717/1162/1057 3467/1168/1012 3468/1169/1015 718/1118/3556
f 693/1160/1046 3465/1166/1008 3466/1167/1011 694/1128/1045
f 701/1123/1050 3463/1164/1004 3464/1165/1007 702/1148/1047
f 252/365/3557 221/364/403 3500/432/402 3487/418/365
f 250/357/367 257/330/382 3495/426/381 3486/417/364
f 242/353/375 249/384/390 3499/430/389 3490/421/372
f 246/383/391 241/406/386 3497/428/385 3498/429/388
f 234/325/359 220/344/411 3500/432/402 3482/413/356
f 254/329/383 233/402/378 3493/424/377 3494/425/380
f 226/351/363 237/326/358 3483/414/357 3484/415/360
f 238/358/387 229/348/362 3485/416/361 3496/427/384
f 222/340/371 245/343/374 3491/422/373 3488/419/368
f 230/361/379 225/360/370 3489/431/369 3492/423/376
f 247/378/406 248/408/407 3499/430/389 3498/429/388
f 239/374/397 240/379/405 3497/428/385 3496/427/384
f 255/370/401 256/404/409 3495/426/381 3494/425/380
f 231/334/393 232/333/400 3493/424/377 3492/423/376
f 243/336/408 244/339/394 3491/422/373 3490/421/372
f 223/399/395 224/398/392 3489/420/369 3488/419/368
f 251/411/410 252/365/3557 3487/418/365 3486/417/364
f 227/409/399 228/375/396 3485/416/361 3484/415/360
f 235/372/404 236/396/398 3483/414/357 3482/413/356
f 3618/3992/3558 3501/3993/3559 3502/3994/3560 3619/3995/3561
f 3626/3996/3562 3628/3997/3563 3616/3998/3564
f 3622/3999/3565 3624/4000/3566 3616/3998/3564
f 3624/4000/3566 3626/3996/3562 3616/3998/3564
f 3628/3997/3563 3617/4001/3567 3616/3998/3564
f 3505/4002/3564 3504/4003/3564 3510/4004/3568 3511/4005/3569
f 3503/4006/3564 3502/4007/3564 3508/4008/3570 3509/4009/3571
f 3506/4010/3564 3505/4002/3564 3511/4005/3569 3512/4011/3572
f 3504/4003/3564 3503/4012/3564 3509/4013/3571 3510/4004/3568
f 3502/4007/3564 3501/4014/3564 3507/4015/3573 3508/4008/3570
f 3501/4014/3564 3506/4010/3564 3512/4011/3572 3507/4015/3573
f 3510/4004/3568 3509/4013/3571 3515/4016/3574 3516/4017/3575
f 3508/4008/3570 3507/4015/3573 3513/4018/3576 3514/4019/3577
f 3507/4015/3573 3512/4011/3572 3518/4020/3578 3513/4018/3576
f 3511/4005/3569 3510/4004/3568 3516/4017/3575 3517/4021/3579
f 3509/4009/3571 3508/4008/3570 3514/4019/3577 3515/4022/3574
f 3512/4011/3572 3511/4005/3569 3517/4021/3579 3518/4020/3578
f 3515/4022/3574 3514/4019/3577 3520/4023/3580 3521/4024/3581
f 3518/4020/3578 3517/4021/3579 3523/4025/3582 3524/4026/3583
f 3516/4017/3575 3515/4016/3574 3521/4027/3581 3522/4028/3584
f 3514/4019/3577 3513/4018/3576 3519/4029/3585 3520/4023/3580
f 3513/4018/3576 3518/4020/3578 3524/4026/3583 3519/4029/3585
f 3517/4021/3579 3516/4017/3575 3522/4028/3584 3523/4025/3582
f 3520/4023/3580 3519/4029/3585 3525/4030/3586 3526/4031/3587
f 3519/4029/3585 3524/4026/3583 3530/4032/3588 3525/4030/3586
f 3523/4025/3582 3522/4028/3584 3528/4033/3589 3529/4034/3590
f 3521/4024/3581 3520/4023/3580 3526/4031/3587 3527/4035/3591
f 3524/4026/3583 3523/4025/3582 3529/4034/3590 3530/4032/3588
f 3522/4028/3584 3521/4027/3581 3527/4036/3591 3528/4033/3589
f 3545/4037/3592 3543/4038/3593 3534/4039/3594 3535/4040/3595
f 3538/4041/3596 3547/4042/3597 3536/4043/3598 3531/4044/3599
f 3541/4045/3600 3539/4046/3601 3532/4047/3602 3533/4048/3603
f 3547/4042/3597 3545/4037/3592 3535/4040/3595 3536/4043/3598
f 3543/4038/3593 3541/4049/3600 3533/4050/3603 3534/4039/3594
f 3525/4030/3586 3530/4032/3588 3548/4051/3604 3537/4052/3605
f 3529/4034/3590 3528/4033/3589 3544/4053/3606 3546/4054/3607
f 3527/4035/3591 3526/4031/3587 3540/4055/3608 3542/4056/3609
f 3530/4032/3588 3529/4034/3590 3546/4054/3607 3548/4051/3604
f 3528/4033/3589 3527/4036/3591 3542/4057/3609 3544/4053/3606
f 3526/4031/3587 3525/4030/3586 3537/4052/3605 3540/4055/3608
f 3540/4055/3608 3537/4052/3605 3538/4041/3596 3539/4046/3601
f 3542/4056/3609 3540/4055/3608 3539/4046/3601 3541/4045/3600
f 3544/4053/3606 3542/4057/3609 3541/4049/3600 3543/4038/3593
f 3546/4054/3607 3544/4053/3606 3543/4038/3593 3545/4037/3592
f 3548/4051/3604 3546/4054/3607 3545/4037/3592 3547/4042/3597
f 3537/4052/3605 3548/4051/3604 3547/4042/3597 3538/4041/3596
f 3539/4046/3601 3538/4041/3596 3531/4044/3599 3532/4047/3602
f 3531/4044/3599 3536/4043/3598 3554/4058/3610 3549/4059/3611
f 3535/4040/3595 3534/4039/3594 3552/4060/3612 3553/4061/3613
f 3533/4048/3603 3532/4047/3602 3550/4062/3614 3551/4063/3615
f 3536/4043/3598 3535/4040/3595 3553/4061/3613 3554/4058/3610
f 3534/4039/3594 3533/4050/3603 3551/4064/3615 3552/4060/3612
f 3532/4047/3602 3531/4044/3599 3549/4059/3611 3550/4062/3614
f 3553/4061/3613 3552/4060/3612 3558/4065/3616 3559/4066/3617
f 3551/4063/3615 3550/4062/3614 3556/4067/3618 3557/4068/3619
f 3554/4058/3610 3553/4061/3613 3559/4066/3617 3560/4069/3620
f 3552/4060/3612 3551/4064/3615 3557/4070/3619 3558/4065/3616
f 3550/4062/3614 3549/4059/3611 3555/4071/3621 3556/4067/3618
f 3549/4059/3611 3554/4058/3610 3560/4069/3620 3555/4071/3621
f 3558/4065/3616 3557/4070/3619 3563/4072/3622 3564/4073/3623
f 3556/4067/3618 3555/4071/3621 3561/4074/3624 3562/4075/3625
f 3560/4069/3620 3559/4066/3617 3612/4076/3626 3609/4077/3627
f 3566/4078/3628 3561/4074/3624 3614/4079/3629 3605/4080/3630
f 3557/4068/3619 3556/4067/3618 3562/4075/3625 3563/4081/3622
f 3602/4082/3631 3607/4083/3632 3596/4084/3633 3597/4085/3634
f 3566/4078/3628 3565/4086/3635 3577/4087/3636 3581/4088/3637
f 3565/4086/3635 3564/4073/3623 3575/4089/3638 3577/4087/3636
f 3562/4075/3625 3561/4074/3624 3589/4090/3639 3584/4091/3640
f 3583/4092/3641 3590/4093/3642 3567/4094/3643 3568/4095/3644
f 3580/4096/3645 3578/4097/3646 3571/4098/3647 3572/4099/3648
f 3568/4095/3644 3567/4094/3643 3573/4100/3649
f 3567/4094/3643 3572/4099/3648 3573/4100/3649
f 3571/4098/3647 3570/4101/3650 3573/4100/3649
f 3569/4102/3651 3568/4095/3644 3573/4100/3649
f 3572/4099/3648 3571/4098/3647 3573/4100/3649
f 3570/4101/3650 3569/4103/3651 3573/4100/3649
f 3578/4097/3646 3574/4104/3652 3570/4101/3650 3571/4098/3647
f 3590/4093/3642 3580/4096/3645 3572/4099/3648 3567/4094/3643
f 3563/4081/3622 3562/4075/3625 3584/4091/3640 3586/4105/3653
f 3574/4104/3652 3587/4106/3654 3569/4103/3651 3570/4101/3650
f 3561/4074/3624 3566/4078/3628 3581/4088/3637 3589/4090/3639
f 3587/4107/3654 3583/4092/3641 3568/4095/3644 3569/4102/3651
f 3578/4097/3646 3580/4096/3645 3582/4108/3655 3579/4109/3656
f 3579/4109/3656 3582/4108/3655 3581/4088/3637 3577/4087/3636
f 3587/4106/3654 3574/4104/3652 3576/4110/3657 3588/4111/3658
f 3588/4111/3658 3576/4110/3657 3575/4089/3638 3586/4112/3653
f 3590/4093/3642 3583/4092/3641 3585/4113/3659 3591/4114/3660
f 3591/4114/3660 3585/4113/3659 3584/4091/3640 3589/4090/3639
f 3580/4096/3645 3590/4093/3642 3591/4114/3660 3582/4108/3655
f 3582/4108/3655 3591/4114/3660 3589/4090/3639 3581/4088/3637
f 3574/4104/3652 3578/4097/3646 3579/4109/3656 3576/4110/3657
f 3576/4110/3657 3579/4109/3656 3577/4087/3636 3575/4089/3638
f 3583/4092/3641 3587/4107/3654 3588/4115/3658 3585/4113/3659
f 3585/4113/3659 3588/4115/3658 3586/4105/3653 3584/4091/3640
f 3564/4073/3623 3563/4072/3622 3586/4112/3653 3575/4089/3638
f 3595/4116/3661 3594/4117/3662 3598/4118/3663 3599/4119/3664
f 3592/4120/3665 3593/4121/3666 3597/4085/3634 3596/4084/3633
f 3594/4117/3662 3592/4120/3665 3596/4084/3633 3598/4118/3663
f 3559/4066/3617 3558/4065/3616 3600/4122/3667 3612/4076/3626
f 3565/4086/3635 3566/4078/3628 3605/4080/3630 3606/4123/3668
f 3555/4071/3621 3560/4069/3620 3609/4077/3627 3610/4124/3669
f 3564/4073/3623 3565/4086/3635 3606/4123/3668 3603/4125/3670
f 3604/4126/3671 3615/4127/3672 3599/4119/3664 3598/4118/3663
f 3561/4074/3624 3555/4071/3621 3610/4124/3669 3614/4079/3629
f 3608/4128/3673 3613/4129/3674 3592/4120/3665 3594/4117/3662
f 3615/4127/3672 3611/4130/3675 3595/4116/3661 3599/4119/3664
f 3601/4131/3676 3602/4082/3631 3597/4085/3634 3593/4121/3666
f 3613/4129/3674 3601/4131/3676 3593/4121/3666 3592/4120/3665
f 3607/4083/3632 3604/4126/3671 3598/4118/3663 3596/4084/3633
f 3611/4130/3675 3608/4128/3673 3594/4117/3662 3595/4116/3661
f 3607/4083/3632 3602/4082/3631 3603/4125/3670 3606/4123/3668
f 3613/4129/3674 3608/4128/3673 3609/4077/3627 3612/4076/3626
f 3615/4127/3672 3604/4126/3671 3605/4080/3630 3614/4079/3629
f 3611/4130/3675 3615/4127/3672 3614/4079/3629 3610/4124/3669
f 3601/4131/3676 3613/4129/3674 3612/4076/3626 3600/4122/3667
f 3602/4082/3631 3601/4131/3676 3600/4122/3667 3603/4125/3670
f 3604/4126/3671 3607/4083/3632 3606/4123/3668 3605/4080/3630
f 3608/4128/3673 3611/4130/3675 3610/4124/3669 3609/4077/3627
f 3558/4065/3616 3564/4073/3623 3603/4125/3670 3600/4122/3667
f 3625/4132/3677 3505/4133/3678 3506/4134/3679 3627/4135/3680
f 3621/4136/3681 3503/4137/3682 3504/4138/3683 3623/4139/3684
f 3627/4135/3680 3506/4134/3679 3501/3993/3559 3618/3992/3558
f 3620/4140/3685 3622/4141/3565 3616/3998/3564
f 3623/4139/3684 3504/4138/3683 3505/4133/3678 3625/4132/3677
f 3619/3995/3561 3502/3994/3560 3503/4142/3682 3621/4143/3681
f 3620/4140/3685 3617/4001/3567 3618/3992/3558 3619/3995/3561
f 3622/4141/3565 3620/4140/3685 3619/3995/3561 3621/4143/3681
f 3624/4000/3566 3622/3999/3565 3621/4136/3681 3623/4139/3684
f 3626/3996/3562 3624/4000/3566 3623/4139/3684 3625/4132/3677
f 3628/3997/3563 3626/3996/3562 3625/4132/3677 3627/4135/3680
f 3617/4001/3567 3628/3997/3563 3627/4135/3680 3618/3992/3558
f 3617/4001/3567 3620/4140/3685 3616/3998/3564
f 3629/4144/3686 3630/4145/3687 3636/4146/3688 3633/4147/3689
f 3633/4147/3689 3636/4146/3688 3635/4148/3690 3634/4149/3691
f 3634/4149/3691 3635/4148/3690 3632/4150/3692 3631/4151/3693
f 3637/4152/3694 3638/4153/3695 3644/4154/3696 3641/4155/3697
f 3641/4155/3697 3644/4154/3696 3643/4156/3698 3642/4157/3699
f 3642/4157/3699 3643/4156/3698 3640/4158/3700 3639/4159/3701
f 3645/4160/3702 3646/4161/3703 3652/4162/3704 3649/4163/3705
f 3649/4163/3705 3652/4162/3704 3651/4164/3706 3650/4165/3707
f 3650/4165/3707 3651/4164/3706 3648/4166/3708 3647/4167/3709
f 3653/4168/3710 3654/4169/3711 3660/4170/3712 3657/4171/3713
f 3657/4171/3713 3660/4170/3712 3659/4172/3714 3658/4173/3715
f 3658/4173/3715 3659/4172/3714 3656/4174/3716 3655/4175/3717
f 3661/4176/3718 3662/4177/3719 3663/4178/3720 3664/4179/3721
f 3662/4177/3719 3665/4180/3722 3666/4181/3723 3663/4178/3720
f 3665/4180/3722 3667/4182/3724 3668/4183/3725 3666/4181/3723
f 3669/4184/3726 3670/4185/3727 3671/4186/3728 3672/4187/3729
f 3670/4185/3727 3673/4188/3730 3674/4189/3731 3671/4186/3728
f 3673/4188/3730 3675/4190/3732 3676/4191/3733 3674/4189/3731
f 3677/4192/3734 3678/4193/3735 3679/4194/3736 3680/4195/3737
f 3678/4193/3735 3681/4196/3738 3682/4197/3739 3679/4194/3736
f 3681/4196/3738 3683/4198/3740 3684/4199/3741 3682/4197/3739
f 3685/4200/3742 3686/4201/3743 3687/4202/3744 3688/4203/3745
f 3686/4201/3743 3689/4204/3746 3690/4205/3747 3687/4202/3744
f 3689/4204/3746 3691/4206/3748 3692/4207/3749 3690/4205/3747
f 3631/4151/3693 3632/4150/3692 3668/4183/3725 3667/4182/3724
f 3645/4160/3702 3649/4163/3705 3678/4193/3735 3677/4192/3734
f 3633/4147/3689 3634/4149/3691 3665/4180/3722 3662/4177/3719
f 3652/4162/3704 3646/4161/3703 3680/4195/3737 3679/4194/3736
f 3642/4157/3699 3639/4159/3701 3675/4190/3732 3673/4188/3730
f 3654/4169/3711 3653/4168/3710 3685/4200/3742 3688/4203/3745
f 3640/4158/3700 3643/4156/3698 3674/4189/3731 3676/4191/3733
f 3635/4148/3690 3636/4146/3688 3663/4178/3720 3666/4181/3723
f 3655/4175/3717 3656/4174/3716 3692/4207/3749 3691/4206/3748
f 3637/4152/3694 3641/4155/3697 3670/4185/3727 3669/4184/3726
f 3657/4171/3713 3658/4173/3715 3689/4204/3746 3686/4201/3743
f 3644/4154/3696 3638/4153/3695 3672/4187/3729 3671/4186/3728
f 3634/4149/3691 3631/4151/3693 3667/4182/3724 3665/4180/3722
f 3646/4161/3703 3645/4160/3702 3677/4192/3734 3680/4195/3737
f 3632/4150/3692 3635/4148/3690 3666/4181/3723 3668/4183/3725
f 3659/4172/3714 3660/4170/3712 3687/4202/3744 3690/4205/3747
f 3647/4167/3709 3648/4166/3708 3684/4199/3741 3683/4198/3740
f 3629/4144/3686 3633/4147/3689 3662/4177/3719 3661/4176/3718
f 3649/4163/3705 3650/4165/3707 3681/4196/3738 3678/4193/3735
f 3636/4146/3688 3630/4145/3687 3664/4179/3721 3663/4178/3720
f 3658/4173/3715 3655/4175/3717 3691/4206/3748 3689/4204/3746
f 3638/4153/3695 3637/4152/3694 3669/4184/3726 3672/4187/3729
f 3656/4174/3716 3659/4172/3714 3690/4205/3747 3692/4207/3749
f 3651/4164/3706 3652/4162/3704 3679/4194/3736 3682/4197/3739
f 3639/4159/3701 3640/4158/3700 3676/4191/3733 3675/4190/3732
f 3653/4168/3710 3657/4171/3713 3686/4201/3743 3685/4200/3742
f 3641/4155/3697 3642/4157/3699 3673/4188/3730 3670/4185/3727
f 3660/4170/3712 3654/4169/3711 3688/4203/3745 3687/4202/3744
f 3650/4165/3707 3647/4167/3709 3683/4198/3740 3681/4196/3738
f 3630/4145/3687 3629/4144/3686 3661/4176/3718 3664/4179/3721
f 3648/4166/3708 3651/4164/3706 3682/4197/3739 3684/4199/3741
f 3643/4156/3698 3644/4154/3696 3671/4186/3728 3674/4189/3731
