# Object Export From Tinkercad Server 2015

mtllib obj.mtl

o obj_0
v 2.602 		0.004 		6.008
v 2.432 		-0.239 		6.065
v 2.861 		-0.076 		5.159
v 2.861 		-0.244 		5.16
v 2.567 		-0.196 		4.86
v 2.295 		0.0794 		1.024
v 2.495 		-0.248 		6.08
v 2.817 		-0.043 		5.255
v 2.2948 		0.0564 		1.024
v 2.555 		-0.248 		6.055
v 3.074 		0.041 		0.495
v 3.089 		0.043 		0.51
v 2.9311 		0.048 		5.6404
v 2.567 		-0.21 		4.859
v 3.139 		0.054 		0.471
v 3.089 		0.045 		0.51
v 2.607 		0.012 		5.826
v 2.559 		-0.246 		6.058
v 2.756 		-0.014 		5.256
v 2.684 		0.004 		5.823
v 2.5189 		-0.1997 		4.224
v 2.5249 		-0.2069 		4.352
v 3.055 		0.027 		0.917
v 2.926 		-0.184 		2.986
v 2.5197 		-0.1639 		4.352
v 2.5159 		-0.1604 		4.224
v 2.802 		-0.019 		4.682
v 2.564 		0.031 		5.66
v 2.421 		-0.203 		6.087
v 2.816 		-0.128 		2.3549
v 2.816 		-0.1074 		2.3559
v 2.816 		-0.128 		2.3611
v 2.816 		-0.0801 		2.3574
v 2.848 		0.018 		0.901
v 2.941 		0.109 		0.91
v 2.816 		-0.0649 		2.3452
v 2.56 		-0.22 		5.154
v 2.802 		-0.27 		4.683
v 2.401 		-0.174 		6.088
v 2.756 		-0.304 		5.258
v 2.733 		0.099 		0.9
v 2.733 		0.079 		1.002
v 2.394 		-0.144 		6.089
v 2.731 		0.079 		1.001
v 2.731 		0.099 		0.9
v 2.609 		-0.323 		5.262
v 2.428 		-0.145 		6.101
v 2.589 		-0.32 		4.683
v 2.843 		-0.263 		2.985
v 2.5128 		-0.1925 		4.096
v 2.56 		-0.219 		5.174
v 2.523 		0.021 		4.972
v 2.447 		0.008 		4.877
v 2.56 		-0.23 		5.153
v 2.512 		-0.1568 		4.096
v 2.373 		-0.178 		6.071
v 2.534 		0.005 		5.453
v 2.365 		-0.144 		6.071
v 2.6784 		-0.0806 		2.432
v 2.6802 		-0.0822 		2.432
v 2.6786 		-0.0816 		2.432
v 2.342 		-0.144 		6.048
v 2.329 		-0.144 		6.02
v 2.688 		-0.085 		2.432
v 2.339 		-0.183 		6.02
v 2.351 		-0.181 		6.048
v 2.72 		-0.128 		2.432
v 2.688 		-0.1129 		2.432
v 2.6089 		-0.1229 		2.432
v 2.6775 		-0.0812 		2.432
v 2.624 		-0.1143 		2.432
v 2.315 		-0.102 		5.074
v 2.688 		-0.0748 		2.432
v 2.637 		-0.1194 		2.432
v 2.652 		-0.128 		2.432
v 2.688 		-0.1467 		2.432
v 2.7345 		-0.128 		2.432
v 2.393 		-0.026 		5.072
v 2.688 		-0.2126 		2.432
v 2.652 		-0.16 		2.432
v 2.56 		-0.1394 		2.432
v 2.627 		0.048 		5.6455
v 2.5754 		0.048 		5.658
v 2.56 		-0.128 		2.432
v 2.6006 		-0.128 		2.432
v 2.5983 		-0.1294 		2.432
v 2.553 		-0.21 		5.568
v 2.624 		-0.176 		2.432
v 2.5494 		-0.2097 		5.5758
v 2.5489 		-0.2096 		5.5752
v 2.596 		-0.16 		2.432
v 2.596 		-0.1428 		2.432
v 2.534 		-0.208 		5.601
v 2.5379 		-0.2084 		5.5945
v 2.5378 		-0.2084 		5.5943
v 2.395 		-0.211 		6.069
v 2.6124 		0.048 		5.6335
v 2.5489 		-0.2097 		5.5753
v 2.6231 		0.048 		5.6387
v 2.568 		0.034 		5.645
v 2.5378 		-0.2084 		5.5943
v 2.365 		-0.22 		6.019
v 2.376 		-0.217 		6.046
v 2.291 		-0.183 		4.281
v 2.57 		0.041 		5.636
v 2.5694 		0.048 		5.6343
v 2.773 		-0.002 		2.987
v 2.409 		-0.252 		6.016
v 2.417 		-0.247 		6.043
v 2.688 		-0.082 		2.3736
v 2.7105 		-0.0904 		2.377
v 2.8149 		-0.0368 		2.33
v 2.8148 		-0.0516 		2.3384
v 2.7325 		-0.0524 		2.3511
v 2.7297 		-0.0358 		2.3408
v 2.735 		-0.0679 		2.3606
v 2.735 		-0.0682 		2.3608
v 2.6998 		-0.0252 		2.3366
v 2.688 		-0.0357 		2.3442
v 2.833 		-0.12 		6.055
v 2.7338 		-0.0693 		2.3616
v 2.7221 		-0.0801 		2.3695
v 2.557 		-0.224 		5.603
v 2.841 		-0.155 		6.056
v 2.7142 		-0.03 		2.3384
v 2.833 		-0.189 		6.055
v 2.692 		0.044 		3.631
v 2.605 		0.051 		3.719
v 2.786 		-0.006 		2.317
v 2.531 		0 		6.011
v 2.465 		-0.014 		6.014
v 2.829 		-0.227 		6.03
v 2.409 		-0.037 		6.016
v 2.5616 		0.048 		4
v 2.5651 		0.0483 		4
v 2.6231 		0.048 		4
v 2.56 		-0.2329 		5.5942
v 2.6227 		0.048 		4.0077
v 2.5594 		-0.233 		5.5938
v 2.595 		0.0504 		4
v 2.856 		-0.193 		6.031
v 2.5593 		-0.2326 		5.5942
v 2.5594 		-0.2328 		5.594
v 2.5487 		-0.2353 		5.5861
v 2.5487 		-0.2358 		5.5855
v 2.688 		-0.0749 		2.3691
v 2.5485 		-0.2391 		5.5816
v 2.906 		0.041 		0.527
v 2.865 		-0.156 		6.031
v 2.5465 		-0.2346 		5.5856
v 2.5472 		-0.2348 		5.5858
v 2.557 		-0.2334 		5.5925
v 2.5498 		-0.2346 		5.5874
v 2.5487 		-0.2348 		5.5866
v 2.963 		0.171 		0.537
v 2.856 		-0.118 		6.031
v 2.961 		0.17 		0.536
v 2.5496 		-0.2344 		5.5874
v 2.557 		-0.2332 		5.5927
v 2.906 		0.044 		0.527
v 2.5596 		-0.2188 		5.1159
v 2.5596 		-0.2189 		5.12
v 2.812 		-0.064 		2.346
v 2.818 		-0.008 		4.014
v 2.736 		0.161 		0.526
v 2.547 		-0.248 		5.942
v 2.558 		-0.254 		5.95
v 2.558 		-0.23 		5.951
v 2.549 		-0.222 		5.568
v 2.547 		-0.235 		5.943
v 2.547 		-0.223 		5.59
v 2.9 		-0.192 		4.016
v 2.5585 		-0.2155 		5.0142
v 2.5586 		-0.2157 		5.0182
v 2.916 		-0.145 		3.923
v 2.5583 		-0.2152 		4.992
v 2.559 		-0.226 		5.599
v 2.5287 		-0.215 		5.0746
v 2.5322 		-0.2091 		4.992
v 2.7141 		-0.0917 		2.3777
v 2.7221 		-0.0801 		2.3697
v 2.5292 		-0.217 		5.1136
v 2.8377 		0 		0.768
v 2.844 		0 		0.64
v 2.7104 		-0.0904 		2.3775
v 2.8422 		0 		0.64
v 2.836 		0 		0.768
v 2.8503 		0 		0.512
v 2.8442 		0 		0.64
v 2.8506 		0 		0.512
v 2.534 		-0.225 		5.582
v 2.818 		-0.277 		4.012
v 2.98 		-0.088 		0.905
v 2.5309 		-0.2315 		5.5809
v 2.5313 		-0.2315 		5.5811
v 2.534 		-0.231 		5.582
v 2.534 		-0.2315 		5.5825
v 2.5201 		-0.2296 		5.5773
v 2.5279 		-0.231 		5.5799
v 2.874 		-0.24 		3.919
v 2.559 		-0.2286 		5.5986
v 2.5294 		-0.2173 		5.12
v 2.56 		-0.2313 		5.596
v 2.5593 		-0.2319 		5.595
v 2.545 		-0.263 		6.076
v 2.538 		-0.277 		6.057
v 2.8158 		-0.128 		2.3612
v 2.534 		-0.2315 		5.5825
v 2.5365 		-0.2318 		5.5835
v 2.48 		-0.262 		6.061
v 2.8106 		-0.128 		2.3978
v 2.7095 		-0.0915 		2.4068
v 2.8305 		-0.0726 		0.896
v 2.83 		-0.082 		6.03
v 2.83 		-0.073 		0.907
v 2.8305 		-0.0735 		0.896
v 2.8305 		-0.0731 		0.896
v 2.8305 		-0.0984 		0.896
v 2.825 		-0.088 		1.009
v 2.688 		-0.0838 		2.4087
v 2.7851 		-0.128 		2.4075
v 2.601 		-0.307 		2.983
v 2.315 		-0.189 		5.075
v 2.927 		-0.175 		0.913
v 2.689 		-0.303 		2.985
v 2.6759 		-0.1011 		3.9846
v 2.6756 		-0.101 		3.9931
v 2.6769 		-0.1042 		3.9746
v 2.841 		-0.231 		6.002
v 2.869 		-0.196 		6.002
v 2.5354 		-0.2363 		5.5779
v 2.878 		-0.157 		6.002
v 2.338 		-0.055 		4.878
v 2.6752 		-0.1136 		4.0139
v 2.869 		-0.117 		6.002
v 2.557 		-0.241 		5.584
v 2.6787 		-0.1134 		3.9743
v 2.841 		-0.079 		6.002
v 2.465 		-0.277 		6.014
v 2.47 		-0.272 		6.039
v 2.511 		-0.231 		5.571
v 2.652 		-0.128 		3.982
v 2.6806 		-0.0792 		2.3725
v 2.6807 		-0.0793 		2.3725
v 2.6865 		-0.037 		2.3452
v 2.6752 		-0.047 		2.3525
v 2.6747 		-0.0474 		2.3528
v 2.6751 		-0.0471 		2.3526
v 2.678 		-0.0641 		2.3631
v 2.6754 		-0.0506 		2.3548
v 2.542 		-0.227 		4.958
v 2.531 		-0.294 		6.011
v 2.5833 		-0.128 		2.4027
v 2.5743 		-0.128 		2.4026
v 2.526 		-0.221 		4.953
v 2.533 		-0.288 		6.035
v 2.674 		-0.035 		2.345
v 2.652 		-0.1282 		3.9767
v 2.652 		-0.1513 		3.9774
v 2.6747 		-0.0474 		2.3528
v 2.6628 		-0.0579 		2.3605
v 2.5833 		-0.128 		2.4028
v 2.6633 		-0.0728 		2.3699
v 2.6805 		-0.0793 		2.3744
v 2.772 		-0.291 		2.986
v 2.5478 		-0.2403 		5.5814
v 2.689 		-0.122 		6.103
v 2.56 		-0.128 		2.4023
v 2.558 		-0.222 		4.964
v 2.5118 		-0.2347 		5.5745
v 2.5117 		-0.2344 		5.5743
v 2.727 		-0.082 		6.088
v 2.6091 		-0.1228 		2.4002
v 2.6007 		-0.128 		2.4033
v 2.5119 		-0.2318 		5.5744
v 2.6806 		-0.0794 		2.3745
v 2.5119 		-0.2313 		5.5744
v 2.897 		-0.07 		2.8
v 2.624 		-0.1127 		3.9152
v 2.926 		-0.109 		2.8
v 2.56 		-0.0202 		2.3342
v 2.691 		-0.064 		6.088
v 2.56 		0 		2.3214
v 2.6806 		-0.0794 		2.3745
v 2.55 		-0.194 		4.957
v 2.5119 		-0.2313 		5.5744
v 2.6803 		-0.0795 		2.3803
v 2.771 		-0.127 		6.089
v 2.754 		-0.103 		6.088
v 2.5138 		-0.2309 		5.5751
v 2.534 		-0.199 		4.95
v 2.845 		-0.034 		2.801
v 2.542 		-0.204 		4.959
v 2.5582 		-0.2151 		4.9843
v 2.708 		-0.048 		6.072
v 2.7887 		-0.128 		2.3335
v 2.926 		-0.181 		2.799
v 2.723 		-0.035 		6.053
v 2.457 		-0.006 		5.832
v 2.347 		-0.064 		5.838
v 2.897 		-0.219 		2.799
v 2.5326 		-0.2085 		4.9834
v 2.394 		-0.031 		5.835
v 2.7847 		-0.128 		2.4152
v 2.844 		-0.256 		2.8
v 2.558 		-0.21 		4.965
v 2.772 		-0.058 		6.054
v 2.317 		-0.104 		5.84
v 2.8306 		-0.0891 		0.896
v 2.5582 		-0.2151 		4.9818
v 2.8303 		-0.0616 		0.896
v 2.974 		-0.0184 		0.8222
v 2.5326 		-0.2084 		4.9821
v 2.788 		-0.05 		6.03
v 2.701 		-0.254 		2.318
v 2.935 		-0.145 		2.8
v 2.526 		-0.209 		4.953
v 2.7331 		-0.1764 		2.3233
v 2.7613 		-0.1925 		2.3204
v 2.7892 		-0.1764 		2.3238
v 2.7889 		-0.1444 		2.3302
v 2.594 		-0.334 		4.002
v 2.947 		-0.017 		2.623
v 2.733 		-0.025 		6.03
v 2.992 		-0.076 		2.623
v 2.796 		-0.251 		2.309
v 2.963 		-0.091 		2.629
v 2.5465 		-0.2427 		5.5809
v 2.688 		-0.1508 		2.328
v 2.688 		-0.2409 		2.31
v 2.554 		-0.22 		5.827
v 2.688 		-0.1526 		2.4271
v 2.7297 		-0.1757 		2.3939
v 2.8368 		-0.1101 		0.768
v 2.999 		-0.073 		2.615
v 2.553 		-0.255 		5.826
v 2.7854 		-0.1437 		2.4019
v 2.953 		-0.011 		2.614
v 2.8368 		-0.0744 		0.768
v 2.8364 		-0.0576 		0.768
v 2.56 		-0.2143 		4.9613
v 2.558 		-0.2148 		4.9646
v 2.5142 		-0.245 		5.5852
v 2.5121 		-0.2358 		5.5757
v 2.751 		-0.069 		6.073
v 2.7432 		-0.1349 		2.4234
v 2.7283 		-0.1435 		2.4212
v 2.7562 		-0.1298 		2.4233
v 2.5262 		-0.2469 		5.632
v 2.5248 		-0.2464 		5.6265
v 2.784 		-0.095 		6.074
v 2.81 		-0.088 		6.054
v 2.7698 		-0.135 		2.4143
v 2.5151 		-0.2451 		5.5885
v 2.804 		-0.124 		6.075
v 2.757 		-0.311 		3.913
v 2.533 		-0.228 		5.812
v 2.925 		-0.042 		2.629
v 2.533 		-0.245 		5.811
v 2.688 		-0.2126 		2.3279
v 2.5338 		-0.2066 		4.9559
v 2.534 		-0.2056 		4.95
v 2.5333 		-0.2045 		4.9411
v 2.5324 		-0.2024 		4.928
v 2.598 		-0.25 		2.318
v 2.839 		-0.01 		3.638
v 2.886 		-0.051 		3.733
v 2.599 		-0.242 		2.309
v 2.918 		-0.199 		3.733
v 2.575 		-0.093 		6.107
v 2.929 		-0.251 		2.623
v 2.925 		-0.247 		2.629
v 2.835 		-0.286 		3.728
v 2.56 		-0.2514 		5.7803
v 2.673 		-0.11 		6.103
v 2.5556 		-0.2516 		5.76
v 2.627 		-0.094 		6.105
v 2.992 		-0.212 		2.623
v 2.549 		-0.217 		4.956
v 2.534 		-0.211 		4.95
v 2.306 		-0.147 		5.841
v 2.56 		-0.1394 		2.3737
v 2.347 		-0.231 		5.838
v 2.596 		-0.16 		2.3608
v 2.968 		-0.2 		2.623
v 2.624 		-0.176 		2.3508
v 3.008 		-0.144 		2.623
v 2.601 		-0.046 		6.089
v 2.62 		-0.07 		6.099
v 2.317 		-0.19 		5.841
v 3.016 		-0.144 		2.615
v 2.999 		-0.216 		2.615
v 2.689 		-0.1166 		3.7348
v 2.799 		-0.259 		2.318
v 2.963 		-0.197 		2.629
v 2.6548 		-0.0791 		3.712
v 2.559 		-0.233 		5.598
v 2.83 		-0.274 		0.909
v 2.825 		-0.257 		1.011
v 2.832 		-0.274 		0.909
v 2.6283 		-0.1144 		3.8224
v 2.765 		-0.086 		0.996
v 2.976 		-0.144 		2.629
v 2.31 		-0.036 		5.719
v 2.53 		-0.192 		4.896
v 2.547 		-0.235 		5.59
v 2.519 		-0.223 		4.898
v 2.52 		-0.201 		4.899
v 2.5568 		-0.2146 		4.864
v 2.56 		-0.2154 		4.8708
v 2.88 		-0.311 		2.623
v 2.332 		-0.011 		5.751
v 2.865 		-0.284 		2.629
v 2.947 		-0.271 		2.623
v 2.588 		-0.061 		0.893
v 2.5295 		-0.1992 		4.8771
v 2.5292 		-0.1998 		4.8684
v 2.648 		-0.051 		6.088
v 2.953 		-0.277 		2.614
v 2.884 		-0.319 		2.614
v 2.5291 		-0.2001 		4.864
v 2.772 		-0.098 		0.894
v 2.319 		-0.033 		5.692
v 2.32 		-0.025 		5.684
v 2.774 		-0.097 		0.894
v 2.317 		-0.106 		5.653
v 2.5451 		-0.2452 		5.5806
v 2.56 		-0.2436 		5.5857
v 2.5597 		-0.2429 		5.5809
v 2.5586 		-0.241 		5.568
v 2.5458 		-0.2441 		5.5806
v 2.53 		-0.1987 		4.8957
v 2.51 		-0.254 		5.57
v 2.5305 		-0.1984 		4.9029
v 2.53 		-0.1986 		4.8962
v 2.774 		-0.008 		2.802
v 2.6922 		-0.1189 		3.6156
v 2.601 		-0.027 		6.074
v 2.601 		-0.012 		6.054
v 2.6934 		-0.118 		3.6313
v 2.657 		-0.033 		6.072
v 2.665 		-0.019 		6.053
v 2.533 		-0.25 		5.599
v 2.6395 		-0.1209 		3.5877
v 2.552 		-0.193 		4.911
v 2.67 		-0.008 		6.03
v 2.6702 		-0.1388 		3.6058
v 2.551 		-0.234 		4.909
v 2.601 		-0.001 		6.032
v 2.689 		-0.336 		3.719
v 2.56 		-0.2432 		5.5831
v 2.521 		0.045 		3.622
v 2.5527 		-0.2517 		5.7464
v 2.5417 		-0.2521 		5.696
v 2.439 		0.024 		3.899
v 2.736 		-0.131 		6.098
v 2.532 		-0.2016 		4.9234
v 2.711 		-0.198 		6.098
v 2.51 		-0.24 		5.676
v 2.372 		-0.006 		3.993
v 2.727 		-0.221 		6.088
v 2.691 		-0.236 		6.088
v 2.511 		-0.222 		5.677
v 2.53 		-0.215 		4.895
v 2.754 		-0.201 		6.089
v 2.538 		-0.239 		5.679
v 2.8433 		-0.0915 		0.64
v 2.8431 		-0.1219 		0.64
v 2.5414 		-0.2521 		5.6948
v 2.538 		-0.251 		5.679
v 2.5283 		-0.2476 		5.6401
v 2.8432 		-0.0643 		0.64
v 2.8433 		-0.0857 		0.64
v 2.8431 		-0.0756 		0.64
v 2.56 		0 		2.3233
v 2.558 		-0.24 		5.561
v 2.771 		-0.178 		6.089
v 2.56 		-0.128 		2.3925
v 2.548 		-0.234 		5.567
v 2.5086 		-0.1538 		3.9859
v 2.5074 		-0.1536 		3.968
v 2.5074 		-0.1536 		3.968
v 2.56 		-0.128 		2.3809
v 2.5074 		-0.154 		3.968
v 2.45 		0.031 		2.318
v 2.383 		0.004 		2.318
v 2.526 		0.046 		2.318
v 2.536 		-0.231 		5.559
v 2.536 		-0.224 		5.559
v 2.777 		-0.152 		6.089
v 2.688 		-0.286 		2.804
v 2.772 		-0.28 		2.803
v 2.533 		0.013 		2.309
v 2.534 		0.006 		2.317
v 2.5077 		-0.1865 		3.9883
v 2.5123 		-0.192 		4.0867
v 2.5075 		-0.1851 		3.968
v 2.811 		-0.154 		6.075
v 2.54 		0 		2.3209
v 2.804 		-0.184 		6.075
v 2.453 		0.023 		2.309
v 2.528 		0.038 		2.309
v 2.6 		-0.288 		2.803
v 2.5117 		-0.1565 		4.085
v 2.5112 		-0.1561 		4.0685
v 2.81 		-0.22 		6.055
v 2.784 		-0.211 		6.074
v 2.751 		-0.235 		6.073
v 2.772 		-0.247 		6.054
v 2.599 		-0.32 		2.622
v 2.699 		-0.319 		2.622
v 2.695 		-0.298 		2.629
v 2.389 		-0.265 		4.977
v 2.451 		-0.294 		4.976
v 2.708 		-0.253 		6.073
v 2.796 		-0.327 		2.622
v 2.787 		-0.3 		2.629
v 2.321 		-0.047 		3.892
v 2.56 		-0.2279 		5.5221
v 2.799 		-0.332 		2.614
v 2.5525 		-0.2346 		5.504
v 2.788 		-0.256 		6.03
v 2.56 		-0.239 		5.5562
v 2.8497 		-0.0928 		0.512
v 2.8496 		-0.0575 		0.512
v 2.849 		-0.029 		0.531
v 2.8497 		-0.0918 		0.512
v 2.8494 		-0.0769 		0.512
v 2.8463 		-0.128 		0.573
v 2.488 		-0.215 		5.567
v 2.488 		-0.238 		5.566
v 2.599 		-0.299 		2.629
v 2.523 		-0.312 		4.975
v 2.5074 		-0.1819 		3.9671
v 2.5074 		-0.1812 		3.9671
v 2.5074 		-0.185 		3.9669
v 2.992 		-0.179 		0.539
v 2.298 		-0.141 		4.879
v 2.992 		-0.177 		0.539
v 2.5074 		-0.185 		3.967
v 2.512 		0.015 		2.981
v 2.462 		-0.009 		5.456
v 2.462 		-0.001 		2.309
v 2.321 		-0.107 		5.463
v 2.548 		-0.189 		4.86
v 2.4848 		-0.128 		2.3764
v 2.673 		-0.189 		6.103
v 2.509 		0.007 		2.799
v 2.351 		-0.068 		5.461
v 2.4852 		-0.128 		2.3677
v 2.5404 		-0.1123 		2.3817
v 2.5384 		-0.0979 		2.3737
v 2.627 		-0.203 		6.105
v 2.54 		-0.128 		2.3901
v 2.5399 		-0.128 		2.3817
v 2.5399 		-0.128 		2.3808
v 2.575 		-0.202 		6.107
v 2.4979 		-0.0879 		2.3632
v 2.5012 		-0.086 		2.363
v 2.5131 		-0.0794 		2.3607
v 2.399 		-0.034 		5.459
v 2.525 		-0.192 		4.8045
v 2.5247 		-0.1914 		4.8
v 2.5133 		-0.0795 		2.3608
v 2.583 		-0.226 		6.101
v 2.4846 		-0.095 		2.3641
v 2.497 		0.066 		2.622
v 2.414 		0.054 		2.623
v 2.5273 		-0.0886 		2.3674
v 2.423 		0.024 		2.629
v 2.516 		-0.329 		3.901
v 2.655 		-0.222 		6.099
v 2.517 		-0.204 		4.863
v 2.37 		-0.272 		4.089
v 2.529 		-0.195 		4.86
v 2.5574 		-0.2293 		5.4066
v 2.5573 		-0.2294 		5.4077
v 2.5577 		-0.2295 		5.4189
v 2.648 		-0.247 		6.088
v 2.361 		0.002 		2.623
v 2.35 		0.026 		2.623
v 2.601 		-0.25 		6.089
v 2.5568 		-0.2271 		5.376
v 2.5573 		-0.2288 		5.3988
v 2.5589 		-0.2298 		5.4744
v 2.8493 		-0.1336 		0.512
v 2.4847 		-0.1122 		2.3728
v 2.4848 		-0.128 		2.3807
v 2.464 		-0.009 		2.317
v 2.29 		-0.092 		3.987
v 2.559 		-0.2305 		5.481
v 2.5504 		-0.2318 		5.4758
v 2.5589 		-0.2298 		5.4749
v 2.412 		0.061 		2.614
v 2.29 		-0.189 		3.987
v 2.347 		0.033 		2.614
v 2.496 		0.072 		2.614
v 2.849 		-0.325 		0.534
v 2.279 		-0.142 		3.889
v 2.563 		-0.249 		6.061
v 2.563 		-0.243 		6.061
v 2.502 		0.037 		2.629
v 2.501 		0.041 		2.623
v 2.797 		-0.046 		6.003
v 2.317 		-0.193 		5.653
v 2.347 		-0.235 		5.652
v 2.739 		-0.02 		6.004
v 2.5012 		-0.0861 		2.363
v 2.5417 		-0.2337 		5.4732
v 2.5393 		-0.234 		5.4607
v 2.673 		-0.003 		6.006
v 2.5215 		-0.128 		2.388
v 2.5276 		-0.2323 		5.3982
v 2.5235 		-0.2315 		5.376
v 2.529 		-0.1998 		4.86
v 2.5291 		-0.2002 		4.8624
v 2.4913 		-0.173 		3.712
v 2.432 		-0.1234 		2.3678
v 2.432 		-0.128 		2.3701
v 2.5497 		-0.2319 		5.4754
v 2.5492 		-0.232 		5.475
v 2.536 		-0.198 		4.862
v 2.4979 		-0.0879 		2.3636
v 2.459 		-0.3 		5.647
v 2.4846 		-0.0951 		2.3654
v 2.432 		-0.1234 		2.3686
v 2.396 		-0.271 		5.649
v 2.4893 		-0.0925 		2.3651
v 2.394 		-0.267 		5.836
v 2.432 		-0.1082 		2.3609
v 2.432 		-0.064 		2.3383
v 2.432 		-0.0581 		2.3353
v 2.63 		-0.048 		0.516
v 2.529 		-0.312 		5.829
v 2.32 		-0.049 		3.701
v 2.31 		-0.149 		5.464
v 2.432 		-0.002 		2.978
v 2.372 		-0.008 		3.613
v 2.63 		-0.046 		0.516
v 2.321 		-0.068 		2.974
v 2.533 		-0.318 		5.644
v 2.457 		-0.294 		5.833
v 2.365 		-0.031 		2.976
v 2.569 		-0.236 		5.958
v 2.61 		-0.256 		5.958
v 2.432 		-0.064 		2.3383
v 2.432 		-0.064 		2.3381
v 2.569 		-0.249 		5.958
v 2.432 		-0.0599 		2.3361
v 2.432 		-0.1043 		2.3559
v 2.502 		-0.1718 		3.584
v 2.432 		-0.128 		2.3543
v 2.538 		-0.257 		5.679
v 2.517 		-0.217 		4.863
v 2.557 		-0.267 		5.601
v 2.322 		-0.223 		2.971
v 2.599 		-0.25 		5.951
v 2.536 		-0.224 		4.861
v 2.19 		-0.057 		5.739
v 2.46 		-0.007 		5.264
v 2.201 		-0.055 		5.708
v 2.555 		-0.218 		4.86
v 2.1901 		-0.0578 		5.7086
v 2.32 		-0.105 		5.27
v 2.186 		-0.0581 		5.7377
v 2.588 		-0.256 		5.943
v 2.35 		-0.066 		5.269
v 2.1902 		-0.057 		5.7075
v 2.398 		-0.032 		5.267
v 2.723 		-0.268 		6.053
v 2.328 		-0.034 		2.318
v 2.555 		-0.205 		4.861
v 2.1857 		-0.0583 		5.7395
v 2.1841 		-0.0571 		5.7497
v 2.733 		-0.278 		6.03
v 2.351 		-0.057 		2.309
v 2.5551 		-0.2142 		4.8605
v 2.4 		-0.026 		2.309
v 2.5547 		-0.217 		4.8
v 2.5549 		-0.215 		4.8368
v 2.3762 		-0.0588 		2.3208
v 2.3663 		-0.064 		2.3204
v 2.3849 		-0.064 		2.3254
v 2.657 		-0.265 		6.072
v 2.665 		-0.28 		6.053
v 2.404 		-0.033 		2.317
v 2.793 		-0.13 		0.516
v 2.555 		-0.2138 		4.859
v 2.555 		-0.2141 		4.8603
v 2.355 		-0.063 		2.317
v 2.5556 		-0.2226 		5.312
v 2.32 		-0.243 		3.699
v 2.4262 		-0.0543 		2.3321
v 2.67 		-0.291 		6.031
v 2.529 		-0.209 		4.86
v 2.548 		-0.216 		4.859
v 2.601 		-0.284 		6.054
v 2.601 		-0.269 		6.073
v 2.203 		-0.049 		5.699
v 2.5115 		-0.2292 		5.312
v 2.373 		-0.283 		3.702
v 2.19 		-0.0404 		5.6951
v 2.1907 		-0.0521 		5.6997
v 2.523 		-0.1881 		4.7768
v 2.5231 		-0.1879 		4.776
v 2.5286 		-0.1805 		4.741
v 2.601 		-0.295 		6.032
v 2.284 		-0.096 		3.606
v 2.5455 		-0.2229 		4.736
v 2.5461 		-0.2226 		4.7441
v 2.515 		-0.303 		2.981
v 2.5546 		-0.218 		4.7814
v 2.435 		-0.29 		2.978
v 2.917 		0.01 		0.48
v 2.601 		-0.27 		6.055
v 2.605 		-0.273 		6.058
v 2.5447 		-0.2235 		4.7734
v 2.276 		-0.146 		3.697
v 2.4298 		-0.064 		2.3377
v 2.609 		-0.265 		6.061
v 2.37 		-0.264 		2.974
v 2.5544 		-0.2181 		5.248
v 2.5286 		-0.1799 		4.736
v 2.387 		-0.003 		2.309
v 2.334 		-0.039 		2.31
v 2.295 		-0.108 		2.973
v 2.601 		-0.264 		6.055
v 2.292 		-0.182 		2.972
v 2.4996 		-0.2269 		5.248
v 2.739 		-0.284 		6.004
v 2.797 		-0.261 		6.003
v 2.775 		0.023 		3.543
v 2.778 		0.017 		3.174
v 2.607 		0.05 		3.35
v 2.603 		0.042 		3.168
v 2.693 		0.035 		3.171
v 2.695 		0.042 		3.354
v 2.377 		-0.013 		4.68
v 2.861 		0.034 		0.493
v 2.602 		-0.301 		6.008
v 2.286 		-0.145 		2.973
v 2.909 		0.044 		0.451
v 2.975 		0.125 		0.503
v 2.969 		0.174 		0.461
v 2.588 		-0.268 		5.943
v 2.673 		-0.297 		6.006
v 2.318 		-0.091 		2.309
v 2.31 		-0.148 		5.271
v 2.9252 		0.048 		5.6127
v 2.61 		-0.269 		5.957
v 2.8899 		0.048 		5.5897
v 2.5367 		-0.2275 		4.608
v 2.5374 		-0.2271 		4.6236
v 2.877 		0.048 		5.5825
v 2.941 		-0.15 		3.549
v 2.93 		-0.099 		3.548
v 2.9256 		0.048 		5.6157
v 3.014 		0.0012 		0.3578
v 2.897 		-0.248 		3.544
v 3.0136 		0.001 		0.3619
v 2.787 		0.025 		5.572
v 2.7438 		0.048 		5.5908
v 2.431 		-0.007 		2.798
v 2.782 		0.01 		5.595
v 2.7303 		0.048 		5.6051
v 2.93 		-0.201 		3.547
v 2.792 		0.048 		5.6268
v 2.775 		0.007 		5.621
v 2.7505 		0.048 		5.6258
v 2.7149 		0.048 		5.6281
v 2.7675 		0.048 		5.6246
v 2.898 		-0.119 		5.821
v 2.868 		-0.077 		5.821
v 2.32 		-0.192 		5.271
v 2.368 		-0.035 		2.796
v 2.305 		-0.11 		2.795
v 2.3754 		-0.1237 		2.3374
v 2.35 		-0.233 		5.27
v 2.98 		0.025 		0.354
v 2.362 		-0.1157 		2.3339
v 2.868 		-0.244 		5.821
v 2.98 		0.023 		0.354
v 2.3569 		-0.1125 		2.3325
v 2.3477 		-0.1066 		2.328
v 2.898 		-0.205 		5.821
v 2.4048 		-0.093 		2.3426
v 2.4051 		-0.107 		2.3475
v 2.5284 		-0.1667 		4.6278
v 2.4051 		-0.1087 		2.3474
v 2.7838 		0.048 		5.5679
v 2.5278 		-0.1645 		4.608
v 2.4051 		-0.1087 		2.3474
v 2.4043 		-0.0761 		2.3357
v 2.4046 		-0.0861 		2.3401
v 2.726 		0.048 		5.6155
v 2.348 		-0.0736 		2.3182
v 2.348 		-0.0736 		2.3182
v 3.01 		0.023 		0.022
v 3.04 		0.013 		0.024
v 2.908 		-0.162 		5.821
v 2.3559 		-0.0695 		2.3195
v 2.362 		-0.0663 		2.3203
v 2.8093 		0.048 		5.5717
v 2.3908 		-0.1157 		2.3426
v 3.06 		0.036 		0.022
v 3.04 		0.018 		0.019
v 3.014 		0.027 		0.018
v 2.3894 		-0.0667 		2.3277
v 2.3907 		-0.0674 		2.3284
v 3.009 		0.053 		0.018
v 3.055 		0.062 		0.022
v 2.3479 		-0.0903 		2.3239
v 3.029 		0.071 		0.021
v 3.065 		0.034 		0.027
v 2.3478 		-0.0973 		2.3263
v 3.058 		0.066 		0.028
v 2.324 		-0.094 		2.317
v 2.82 		-0.042 		5.821
v 3.028 		0.076 		0.025
v 2.554 		-0.203 		5.199
v 2.913 		-0.165 		5.633
v 2.903 		-0.208 		5.633
v 2.309 		-0.127 		2.317
v 2.873 		-0.248 		5.634
v 2.3092 		-0.128 		2.317
v 2.873 		-0.08 		5.633
v 2.903 		-0.121 		5.633
v 2.36 		-0.099 		2.331
v 2.3815 		-0.1071 		2.3404
v 2.4051 		-0.107 		2.3475
v 2.4051 		-0.1035 		2.3478
v 2.4048 		-0.093 		2.3432
v 2.4051 		-0.1035 		2.3478
v 2.5573 		-0.2172 		5.184
v 2.5545 		-0.2153 		5.1947
v 2.5535 		-0.2146 		5.1983
v 2.849 		-0.01 		3.359
v 2.558 		-0.216 		5.201
v 2.3 		-0.092 		4.68
v 2.904 		-0.051 		3.361
v 2.328 		-0.071 		2.795
v 2.5535 		-0.2146 		5.1985
v 2.5535 		-0.2146 		5.199
v 2.4071 		-0.1029 		2.3484
v 2.4051 		-0.1016 		2.3473
v 2.4048 		-0.0931 		2.3435
v 2.4043 		-0.0761 		2.3359
v 2.3907 		-0.0674 		2.3284
v 2.938 		-0.2 		3.361
v 2.949 		-0.149 		3.362
v 2.739 		0.015 		4.586
v 2.938 		-0.099 		3.362
v 2.587 		0.042 		4.583
v 2.904 		-0.248 		3.358
v 2.665 		0.035 		4.584
v 2.3567 		-0.1125 		2.3325
v 2.5965 		0.048 		5.6309
v 2.746 		0.116 		0.492
v 2.611 		0.009 		5.45
v 2.688 		0.001 		5.448
v 2.743 		0.023 		4.202
v 2.4051 		-0.1031 		2.3478
v 2.5733 		0.048 		4.2485
v 2.5646 		0.048 		4.2226
v 2.557 		-0.238 		5.2
v 2.5877 		0.048 		4.2927
v 2.665 		0.042 		4.294
v 2.609 		0.012 		5.259
v 2.326 		-0.22 		2.792
v 2.6072 		0.048 		4.2205
v 2.849 		-0.288 		3.356
v 2.851 		-0.054 		4.587
v 2.5544 		-0.2179 		5.2454
v 2.844 		-0.289 		3.542
v 2.823 		-0.045 		5.539
v 2.882 		-0.188 		4.492
v 2.898 		-0.209 		5.444
v 2.892 		-0.144 		4.588
v 2.306 		-0.128 		2.316
v 2.822 		-0.282 		5.447
v 2.882 		-0.098 		4.587
v 2.3827 		-0.128 		2.3393
v 2.851 		-0.232 		4.492
v 2.362 		-0.002 		2.629
v 2.3621 		-0.1158 		2.3351
v 2.3757 		-0.1239 		2.3416
v 2.3826 		-0.128 		2.3449
v 2.496 		-0.2262 		5.2289
v 2.6439 		-0.1234 		3.4915
v 2.652 		-0.128 		3.524
v 2.3592 		-0.128 		2.3364
v 2.6785 		-0.1306 		3.5136
v 2.6756 		-0.1329 		3.4953
v 2.825 		-0.282 		5.635
v 2.316 		-0.038 		2.623
v 2.82 		-0.277 		5.822
v 2.553 		-0.226 		5.198
v 2.757 		-0.014 		5.822
v 2.614 		-0.255 		5.585
v 2.788 		0.003 		0.01
v 2.758 		0.014 		0.009
v 2.6793 		-0.1279 		3.328
v 2.757 		0.044 		0.006
v 2.777 		0.061 		0.007
v 2.802 		0.053 		0.008
v 2.61 		-0.248 		5.841
v 2.808 		0.026 		0.007
v 2.787 		0.008 		0.006
v 2.806 		0.056 		0.013
v 2.4876 		-0.2246 		5.184
v 2.574 		-0.229 		5.842
v 2.812 		0.024 		0.012
v 2.776 		0.066 		0.012
v 2.608 		-0.347 		3.529
v 2.752 		0.045 		0.01
v 2.607 		-0.345 		3.344
v 2.542 		-0.203 		5.146
v 2.695 		-0.339 		3.349
v 2.584 		-0.248 		5.576
v 2.432 		-0.128 		2.3541
v 2.571 		-0.251 		5.568
v 2.535 		-0.201 		5.163
v 2.558 		-0.208 		5.153
v 2.589 		-0.239 		5.827
v 2.5737 		-0.2455 		5.824
v 2.5733 		-0.2468 		5.832
v 2.775 		-0.321 		3.538
v 2.778 		-0.32 		3.353
v 2.5699 		-0.2482 		5.8307
v 2.552 		-0.18 		2.348
v 2.487 		-0.176 		2.346
v 2.433 		-0.17 		2.344
v 2.4897 		-0.1756 		2.3466
v 2.694 		-0.34 		3.534
v 2.5117 		-0.1438 		2.3706
v 2.5398 		-0.1292 		2.3801
v 2.6291 		-0.1099 		4.4961
v 2.5688 		-0.2486 		5.824
v 2.5139 		-0.1427 		2.3715
v 2.6291 		-0.1099 		4.4961
v 2.6408 		-0.1142 		4.497
v 2.6314 		-0.1108 		4.4963
v 2.6382 		-0.1165 		4.4966
v 2.5213 		-0.1708 		2.3537
v 2.5052 		-0.1484 		2.3678
v 2.511 		-0.219 		2.309
v 2.437 		-0.217 		2.309
v 2.6256 		-0.1129 		4.4957
v 2.517 		-0.192 		5.176
v 2.5778 		-0.2414 		5.5829
v 2.583 		-0.243 		5.599
v 2.6259 		-0.1131 		4.4957
v 2.5736 		-0.2395 		5.5732
v 2.5777 		-0.2394 		5.5764
v 2.5782 		-0.2393 		5.5749
v 2.5792 		-0.239 		5.5719
v 2.5726 		-0.2393 		5.568
v 2.5728 		-0.2394 		5.57
v 2.44 		-0.209 		2.317
v 2.5766 		-0.2405 		5.5823
v 2.85 		-0.014 		3.175
v 2.5756 		-0.2378 		5.7777
v 2.5753 		-0.239 		5.7871
v 2.905 		-0.054 		3.175
v 2.5758 		-0.2368 		5.77
v 2.635 		-0.1183 		4.4963
v 2.5775 		-0.2412 		5.5827
v 3.012 		-0.055 		0.486
v 3.014 		-0.072 		0.498
v 2.5762 		-0.2402 		5.5821
v 2.527 		-0.207 		5.139
v 3.014 		-0.055 		0.486
v 2.575 		-0.226 		5.569
v 2.504 		-0.253 		2.318
v 2.5925 		-0.2307 		5.568
v 2.5917 		-0.2307 		5.5757
v 2.571 		-0.174 		4.497
v 2.432 		-0.1699 		2.3438
v 2.305 		-0.247 		2.629
v 2.5399 		-0.1292 		2.3814
v 2.85 		-0.077 		0.499
v 2.852 		-0.03 		0.455
v 2.5739 		-0.2445 		5.8174
v 2.85 		-0.03 		0.455
v 2.567 		-0.247 		5.813
v 2.8555 		-0.128 		0.384
v 2.432 		-0.1595 		2.3521
v 2.8557 		-0.128 		0.384
v 2.947 		-0.179 		0.505
v 2.996 		-0.18 		0.464
v 2.538 		-0.212 		5.165
v 2.5761 		-0.2356 		5.76
v 2.544 		-0.215 		5.148
v 2.561 		-0.225 		5.576
v 2.557 		-0.208 		5.172
v 2.371 		-0.259 		2.795
v 2.335 		-0.19 		2.309
v 2.947 		-0.177 		0.505
v 2.308 		-0.162 		2.309
v 2.939 		-0.195 		3.175
v 2.95 		-0.148 		3.176
v 2.581 		-0.2386 		5.568
v 2.5687 		-0.2487 		5.8234
v 2.5669 		-0.2494 		5.8124
v 2.5618 		-0.2513 		5.7888
v 2.514 		-0.286 		2.802
v 2.939 		-0.1 		3.176
v 2.996 		-0.178 		0.464
v 2.905 		-0.241 		3.173
v 2.931 		-0.179 		0.491
v 2.435 		-0.28 		2.799
v 2.316 		-0.158 		2.317
v 2.931 		-0.177 		0.491
v 2.567 		-0.2493 		5.8129
v 2.341 		-0.184 		2.317
v 2.8524 		-0.1395 		0.448
v 2.507 		-0.301 		2.623
v 2.503 		-0.319 		2.622
v 2.584 		-0.166 		4.497
v 2.5586 		-0.218 		5.1794
v 2.5582 		-0.2178 		5.1807
v 2.379 		-0.209 		2.309
v 2.5782 		-0.241 		5.5871
v 2.502 		-0.323 		2.614
v 2.5834 		-0.1671 		4.51
v 2.583 		-0.1668 		4.51
v 2.5834 		-0.1682 		4.51
v 2.5834 		-0.1676 		4.51
v 2.85 		-0.282 		3.171
v 2.591 		-0.22 		5.587
v 2.582 		-0.2304 		5.619
v 2.383 		-0.201 		2.317
v 2.5784 		-0.2304 		5.632
v 2.35 		-0.287 		2.623
v 2.353 		-0.284 		2.629
v 2.424 		-0.252 		2.318
v 2.336 		-0.31 		2.623
v 2.607 		-0.242 		5.725
v 2.614 		-0.237 		5.586
v 2.577 		-0.224 		5.726
v 2.359 		-0.242 		2.318
v 2.333 		-0.316 		2.614
v 2.5849 		-0.2308 		5.6085
v 2.583 		-0.168 		4.51
v 2.311 		-0.219 		2.318
v 2.5904 		-0.2311 		5.5864
v 2.5886 		-0.2312 		5.5936
v 2.5833 		-0.1679 		4.5128
v 2.5916 		-0.2307 		5.5762
v 2.5832 		-0.1678 		4.5136
v 2.5766 		-0.2332 		5.7403
v 2.5832 		-0.1674 		4.5136
v 2.57 		-0.206 		4.496
v 2.428 		-0.243 		2.309
v 2.365 		-0.233 		2.309
v 2.317 		-0.211 		2.31
v 2.583 		-0.214 		4.496
v 2.421 		-0.303 		2.623
v 2.423 		-0.3 		2.629
v 2.521 		-0.204 		5.179
v 2.414 		-0.326 		2.623
v 2.59 		-0.239 		5.586
v 2.6248 		-0.1125 		4.3803
v 2.5773 		-0.2324 		5.696
v 2.577 		-0.233 		5.7256
v 2.411 		-0.33 		2.614
v 2.604 		-0.334 		3.163
v 2.299 		-0.179 		2.795
v 2.693 		-0.329 		3.167
v 2.296 		-0.144 		2.796
v 2.777 		-0.312 		3.169
v 2.571 		-0.238 		5.569
v 2.577 		-0.245 		5.725
v 2.544 		-0.234 		5.147
v 2.537 		-0.237 		5.164
v 2.436 		0.023 		3.341
v 2.514 		0.036 		3.164
v 2.431 		0.018 		3.16
v 2.604 		-0.236 		5.633
v 2.6376 		-0.1189 		4.4416
v 2.6374 		-0.1188 		4.4463
v 2.279 		-0.18 		2.318
v 2.639 		-0.1187 		4.4246
v 2.8556 		-0.1453 		0.384
v 2.52 		-0.246 		5.177
v 2.303 		-0.017 		2.623
v 2.264 		-0.076 		2.623
v 2.286 		-0.091 		2.629
v 2.272 		-0.13 		2.319
v 2.289 		-0.078 		2.318
v 2.259 		-0.073 		2.615
v 2.578 		-0.219 		5.634
v 2.514 		-0.231 		5.154
v 2.528 		-0.229 		5.142
v 3.0111 		-0.0006 		0.3722
v 2.512 		-0.219 		5.15
v 3.012 		-0.0002 		0.3611
v 2.299 		-0.012 		2.614
v 2.296 		-0.081 		2.31
v 2.526 		-0.217 		5.139
v 2.512 		-0.205 		5.151
v 3.0121 		-0.0003 		0.3612
v 2.665 		-0.315 		4.587
v 2.578 		-0.2304 		5.6335
v 2.585 		-0.324 		4.391
v 2.302 		-0.127 		2.309
v 2.5775 		-0.232 		5.6795
v 2.5778 		-0.2315 		5.6537
v 2.279 		-0.128 		2.31
v 2.518 		0.044 		3.346
v 2.287 		-0.174 		2.31
v 2.738 		-0.298 		4.49
v 2.802 		-0.269 		4.491
v 2.5128 		-0.222 		5.1547
v 2.496 		-0.2243 		5.1557
v 2.5026 		-0.2234 		5.1554
v 2.578 		-0.243 		5.633
v 2.5132 		-0.2219 		5.1547
v 2.528 		-0.219 		5.142
v 2.514 		-0.2219 		5.1547
v 2.5166 		-0.2204 		5.1524
v 2.5258 		-0.2187 		5.144
v 2.757 		-0.302 		5.822
v 2.8568 		-0.2113 		0.3594
v 2.8565 		-0.2113 		0.3669
v 2.514 		-0.217 		5.155
v 2.8562 		-0.2112 		0.3728
v 2.8565 		-0.2113 		0.3671
v 2.5277 		-0.2187 		5.1433
v 2.8569 		-0.2114 		0.3595
v 2.528 		-0.2187 		5.1431
v 2.859 		-0.047 		4.205
v 2.886 		-0.187 		4.301
v 2.897 		-0.139 		4.302
v 2.27 		-0.144 		2.623
v 2.273 		-0.144 		2.629
v 2.315 		-0.246 		3.515
v 2.5786 		-0.2412 		5.5886
v 2.8856 		-0.181 		0.3587
v 2.8854 		-0.1809 		0.3622
v 2.8856 		-0.181 		0.3587
v 2.249 		-0.144 		2.623
v 2.253 		-0.212 		2.623
v 2.5284 		-0.2187 		5.1429
v 2.529 		-0.2187 		5.1426
v 2.894 		-0.092 		4.111
v 2.857 		-0.148 		0.355
v 2.5783 		-0.2415 		5.5961
v 2.5066 		-0.1314 		3.456
v 2.5295 		-0.2174 		5.1228
v 2.684 		-0.316 		5.824
v 2.851 		-0.262 		0.488
v 2.85 		-0.278 		0.501
v 2.852 		-0.326 		0.458
v 2.5777 		-0.2414 		5.5888
v 2.5762 		-0.2409 		5.5845
v 2.853 		-0.262 		0.488
v 2.852 		-0.278 		0.501
v 2.5292 		-0.2187 		5.1424
v 2.5302 		-0.2183 		5.1406
v 2.607 		-0.32 		5.826
v 2.846 		-0.199 		0.021
v 2.874 		-0.215 		0.022
v 2.851 		-0.17 		0.016
v 2.874 		-0.156 		0.017
v 2.897 		-0.17 		0.018
v 2.897 		-0.197 		0.019
v 2.851 		-0.197 		0.016
v 2.311 		-0.049 		3.334
v 2.245 		-0.216 		2.615
v 2.365 		-0.008 		3.337
v 2.561 		-0.232 		5.576
v 2.542 		-0.222 		5.145
v 2.902 		-0.199 		0.024
v 2.902 		-0.167 		0.023
v 2.567 		-0.264 		5.812
v 2.588 		-0.274 		5.826
v 2.846 		-0.167 		0.02
v 2.57 		-0.239 		5.591
v 2.855 		-0.232 		4.3
v 2.5606 		-0.2328 		5.5945
v 2.275 		-0.2 		2.623
v 2.689 		-0.322 		5.638
v 2.611 		-0.325 		5.641
v 2.762 		-0.307 		5.636
v 2.243 		-0.144 		2.615
v 2.4118 		-0.1214 		3.328
v 2.278 		-0.197 		2.629
v 2.31 		-0.245 		3.331
v 2.583 		-0.249 		5.599
v 2.624 		-0.1122 		4.2906
v 2.603 		-0.259 		5.632
v 2.301 		-0.25 		2.623
v 2.607 		-0.262 		5.724
v 2.567 		-0.2397 		5.568
v 2.783 		-0.065 		0.473
v 2.282 		-0.271 		2.623
v 2.5601 		-0.2436 		5.5857
v 2.277 		-0.277 		2.614
v 2.582 		-0.046 		0.484
v 2.629 		-0.046 		0.44
v 2.884 		0.01 		2.318
v 2.5604 		-0.2436 		5.5858
v 2.57 		-0.251 		5.591
v 2.88 		0.003 		2.309
v 2.596 		-0.16 		0.018
v 2.624 		-0.176 		0.018
v 2.648 		-0.158 		0.013
v 2.601 		-0.158 		0.013
v 2.601 		-0.131 		0.013
v 2.624 		-0.117 		0.013
v 2.648 		-0.131 		0.013
v 2.652 		-0.16 		0.018
v 2.652 		-0.128 		0.018
v 2.6181 		-0.1158 		4.1305
v 2.617 		-0.1165 		4.1029
v 2.44 		-0.319 		3.521
v 2.521 		-0.339 		3.525
v 2.529 		0.008 		5.829
v 2.518 		-0.338 		3.341
v 2.436 		-0.318 		3.337
v 2.6673 		-0.1039 		4.1082
v 2.5215 		0.048 		5.7183
v 2.596 		-0.247 		5.564
v 2.585 		-0.249 		5.56
v 2.365 		-0.286 		3.334
v 2.702 		0.046 		2.318
v 2.535 		-0.226 		5.162
v 2.799 		0.034 		2.318
v 2.493 		0.043 		0.898
v 2.494 		0.023 		0.999
v 2.789 		0.002 		2.309
v 2.516 		-0.234 		5.174
v 2.4827 		0.048 		5.7442
v 2.4649 		0.048 		5.7465
v 2.468 		0.031 		5.745
v 2.698 		0.014 		2.309
v 2.5218 		0.048 		5.7195
v 2.668 		-0.322 		4.199
v 2.5317 		0.048 		5.7374
v 2.489 		0.104 		0.524
v 2.697 		0.006 		2.317
v 2.491 		0.043 		0.898
v 2.4502 		0.048 		5.7479
v 2.277 		-0.097 		3.331
v 2.288 		0.078 		0.911
v 2.281 		-0.199 		3.514
v 2.74 		-0.301 		4.297
v 2.276 		-0.198 		3.33
v 2.5449 		0.048 		5.637
v 2.805 		-0.27 		4.299
v 2.445 		0.008 		5.66
v 2.2948 		0.0553 		1.024
v 2.294 		0.056 		1.012
v 2.4427 		0.048 		5.649
v 2.2952 		0.0772 		1.024
v 2.265 		-0.147 		3.331
v 2.48 		-0.223 		5.151
v 2.481 		-0.2 		5.152
v 2.702 		0.038 		2.309
v 2.796 		0.026 		2.309
v 2.2624 		0.0799 		0.512
v 2.2853 		0.0799 		0.8711
v 2.488 		-0.2254 		5.1561
v 2.507 		0.039 		4.485
v 2.437 		0.018 		4.582
v 2.61 		0.05 		2.318
v 2.612 		0.017 		2.309
v 2.612 		0.009 		2.317
v 2.506 		0.043 		4.289
v 2.432 		0.024 		4.286
v 2.5152 		0.048 		5.6725
v 2.491 		-0.145 		0.993
v 2.4825 		-0.2237 		5.1565
v 2.482 		-0.235 		5.156
v 2.493 		-0.145 		0.993
v 2.611 		0.042 		2.309
v 2.483 		-0.211 		5.157
v 2.393 		0.011 		5.729
v 2.4825 		-0.2237 		5.1568
v 2.382 		-0.027 		0.9
v 2.3732 		0.048 		5.7334
v 2.5705 		-0.238 		5.5429
v 2.5712 		-0.2388 		5.5172
v 2.5711 		-0.2387 		5.521
v 2.5672 		-0.2354 		5.539
v 2.585 		-0.239 		5.56
v 2.31 		-0.053 		3.154
v 2.361 		-0.013 		3.157
v 2.5961 		-0.2338 		5.506
v 2.5865 		-0.2372 		5.5508
v 2.5884 		-0.2366 		5.5427
v 2.5966 		-0.2338 		5.504
v 2.3213 		0.048 		5.7564
v 2.324 		-0.046 		4.481
v 2.969 		-0.095 		2.309
v 2.3551 		0.048 		5.7548
v 2.5335 		-0.2291 		4.544
v 2.399 		-0.27 		5.364
v 2.319 		0.01 		5.673
v 2.5262 		-0.1576 		4.544
v 2.596 		0.03 		4.874
v 2.676 		0.017 		4.97
v 2.309 		-0.239 		3.151
v 2.5948 		-0.2307 		5.548
v 2.6004 		-0.2303 		5.504
v 2.5964 		-0.2308 		5.5352
v 2.3286 		0.048 		5.66
v 2.3172 		0.048 		5.6612
v 2.978 		-0.128 		2.3107
v 2.9779 		-0.128 		2.3108
v 2.961 		-0.098 		2.317
v 2.853 		-0.065 		4.873
v 2.953 		-0.028 		2.318
v 2.893 		-0.153 		4.874
v 2.947 		-0.035 		2.31
v 2.563 		-0.223 		5.56
v 2.544 		-0.157 		4.498
v 2.544 		-0.142 		4.499
v 2.2 		0.029 		5.67
v 2.885 		-0.111 		4.969
v 2.2967 		0.048 		5.6617
v 2.198 		0.039 		5.671
v 2.2804 		0.048 		5.6634
v 2.2463 		0.048 		5.6669
v 2.944 		-0.128 		2.3201
v 2.1852 		0.0262 		5.6702
v 2.999 		-0.08 		2.318
v 2.1831 		0.0362 		5.6712
v 2.853 		-0.238 		4.875
v 2.515 		-0.328 		3.16
v 2.735 		0.018 		1.234
v 2.432 		-0.31 		3.157
v 2.489 		-0.158 		0.89
v 2.992 		-0.084 		2.31
v 2.362 		-0.28 		3.154
v 2.541 		-0.178 		4.499
v 2.5037 		-0.1672 		4.4989
v 2.503 		-0.165 		4.499
v 2.5029 		-0.1676 		4.4989
v 2.29 		-0.112 		1.004
v 2.5029 		-0.1676 		4.4989
v 2.5052 		-0.1664 		4.4988
v 2.284 		-0.123 		0.901
v 2.5107 		-0.1635 		4.4988
v 2.5138 		-0.1618 		4.4988
v 2.2754 		-0.1116 		0.768
v 2.292 		-0.112 		1.004
v 2.574 		-0.231 		5.564
v 2.1948 		0.048 		5.6764
v 2.2074 		0.048 		5.6736
v 2.93 		-0.054 		2.309
v 2.1796 		0.048 		5.6782
v 2.525 		-0.1529 		4.5012
v 2.514 		-0.1592 		4.502
v 2.5087 		-0.1622 		4.5023
v 2.278 		-0.099 		3.151
v 2.5032 		-0.1678 		4.502
v 2.277 		-0.193 		3.151
v 2.5842 		-0.238 		5.5607
v 2.1855 		0.0241 		5.671
v 2.2826 		0.048 		5.7402
v 2.514 		-0.162 		4.502
v 2.5241 		-0.168 		4.498
v 2.5241 		-0.168 		4.4976
v 2.5236 		-0.1675 		4.48
v 2.747 		-0.002 		4.969
v 2.5151 		-0.1626 		4.4987
v 2.487 		-0.128 		0.7067
v 2.868 		-0.02 		2.309
v 2.4875 		-0.128 		0.7256
v 2.4863 		-0.128 		0.64
v 2.4865 		-0.1147 		0.64
v 2.4876 		-0.1034 		0.64
v 2.4883 		-0.0843 		0.7305
v 2.182 		0.048 		5.7583
v 2.266 		-0.146 		3.151
v 2.565 		-0.201 		4.964
v 2.22 		0.048 		5.7394
v 2.2948 		0.048 		5.7261
v 2.563 		-0.233 		5.559
v 2.515 		-0.173 		4.498
v 2.6 		0.02 		2.984
v 2.4881 		-0.128 		0.64
v 2.4868 		-0.0804 		0.6235
v 2.565 		-0.213 		4.963
v 2.5602 		-0.2142 		4.9609
v 2.69 		0.014 		2.986
v 2.58 		-0.2178 		4.928
v 2.5673 		-0.2155 		4.9489
v 2.514 		-0.146 		4.502
v 2.868 		0.002 		2.623
v 2.554 		-0.171 		4.499
v 2.1666 		0.048 		5.7586
v 2.9401 		-0.0345 		1.2329
v 2.1756 		0.0062 		5.755
v 2.88 		0.027 		2.623
v 2.8742 		-0.0565 		2.3274
v 2.8686 		-0.0239 		2.3118
v 2.8697 		-0.0311 		2.317
v 2.8251 		-0.0252 		2.3217
v 2.5251 		-0.153 		4.5023
v 2.906 		-0.01 		1.241
v 2.8323 		-0.0191 		2.317
v 2.8353 		-0.0165 		2.3139
v 2.884 		0.034 		2.614
v 2.8678 		-0.062 		2.3314
v 2.1704 		0.048 		5.7481
v 2.562 		-0.184 		4.909
v 2.8166 		-0.0638 		2.3448
v 2.8162 		-0.0611 		2.3437
v 2.598 		0.011 		2.801
v 2.69 		0.006 		2.802
v 2.923 		-0.06 		2.317
v 2.53 		-0.107 		6.108
v 2.8384 		-0.0139 		2.3109
v 2.434 		-0.12 		6.101
v 2.45 		-0.096 		6.099
v 2.5033 		-0.1653 		4.5025
v 2.5033 		-0.1653 		4.5025
v 2.593 		-0.217 		4.922
v 2.593 		-0.194 		4.922
v 2.5069 		-0.1632 		4.5023
v 2.8532 		-0.0188 		2.3116
v 2.5032 		-0.1654 		4.5025
v 2.8664 		-0.0232 		2.3122
v 2.5032 		-0.1678 		4.5024
v 2.492 		-0.099 		6.106
v 2.76 		-0.017 		5.446
v 2.5644 		-0.2165 		4.8801
v 2.5731 		-0.2181 		4.8984
v 2.5821 		-0.2197 		4.9172
v 2.453 		-0.062 		6.084
v 2.495 		-0.043 		6.08
v 2.477 		-0.076 		6.097
v 2.512 		-0.06 		6.094
v 2.584 		-0.2186 		4.9213
v 2.62 		-0.236 		5.498
v 2.814 		-0.139 		1.244
v 2.812 		-0.139 		1.244
v 2.599 		-0.253 		5.488
v 2.62 		-0.248 		5.497
v 2.584 		-0.226 		4.921
v 2.608 		-0.243 		5.485
v 2.584 		-0.204 		4.922
v 2.548 		-0.075 		6.102
v 2.796 		0.054 		2.623
v 2.483 		-0.191 		0.512
v 2.483 		-0.191 		0.513
v 2.483 		-0.1895 		0.512
v 2.486 		-0.177 		4.503
v 2.554 		-0.049 		6.091
v 2.2589 		-0.0896 		0.512
v 2.473 		-0.169 		4.504
v 2.5839 		-0.2186 		4.9214
v 2.8512 		-0.0768 		2.3061
v 2.7 		0.065 		2.622
v 2.2965 		0.0003 		1.067
v 2.8611 		-0.0677 		2.3346
v 2.8539 		-0.0736 		2.3378
v 2.696 		0.036 		2.629
v 2.8168 		-0.0651 		2.3451
v 2.601 		-0.22 		5.499
v 2.581 		-0.214 		5.489
v 2.6002 		-0.2294 		5.474
v 2.6005 		-0.2295 		5.4749
v 2.8171 		-0.068 		2.3472
v 2.512 		-0.226 		4.499
v 2.512 		-0.241 		4.498
v 2.8318 		-0.0727 		2.3455
v 2.8481 		-0.0783 		2.3438
v 2.561 		-0.225 		4.908
v 2.432 		-0.051 		6.066
v 2.48 		-0.029 		6.062
v 2.8913 		-0.128 		2.3344
v 2.545 		-0.031 		6.076
v 2.538 		-0.016 		6.058
v 2.4834 		-0.1441 		0.512
v 2.701 		0.071 		2.614
v 2.4836 		-0.1292 		0.512
v 2.4787 		-0.256 		0.512
v 2.3104 		-0.0095 		1.28
v 2.4824 		-0.256 		0.512
v 2.799 		0.061 		2.614
v 2.479 		0.001 		0.004
v 2.487 		0.042 		0.476
v 2.944 		-0.128 		2.318
v 2.944 		-0.128 		2.3349
v 2.4948 		-0.1018 		1.2206
v 2.4949 		-0.1018 		1.2204
v 2.969 		-0.176 		2.309
v 2.479 		0.006 		0.009
v 2.947 		-0.227 		2.31
v 2.542 		-0.221 		4.496
v 2.676 		-0.316 		4.973
v 2.533 		-0.005 		6.035
v 2.983 		-0.137 		2.309
v 2.6008 		-0.2296 		5.4898
v 2.747 		-0.3 		4.972
v 2.47 		-0.019 		6.039
v 2.944 		-0.1859 		2.3135
v 2.599 		-0.229 		5.489
v 3.016 		-0.14 		2.319
v 2.3055 		-0.0713 		1.2326
v 2.261 		0.146 		0.462
v 2.3055 		-0.0714 		1.2324
v 2.3041 		-0.0703 		1.2087
v 2.999 		-0.196 		2.318
v 2.2522 		0.0341 		0.3587
v 2.261 		0.081 		0.49
v 2.787 		0.024 		2.629
v 2.262 		0.097 		0.503
v 2.553 		-0.218 		4.496
v 2.58 		-0.238 		5.488
v 2.541 		-0.21 		4.498
v 2.953 		-0.235 		2.318
v 2.252 		0.0342 		0.3565
v 2.992 		-0.19 		2.31
v 2.26 		0.097 		0.503
v 2.597 		0.045 		2.623
v 2.3079 		-0.0077 		1.2421
v 2.25 		0.034 		0.356
v 2.597 		0.07 		2.622
v 2.881 		-0.192 		4.683
v 2.2516 		0.034 		0.356
v 2.597 		0.077 		2.614
v 3.008 		-0.139 		2.31
v 2.5269 		-0.2176 		4.4964
v 2.5184 		-0.2223 		4.4962
v 2.5184 		-0.2223 		4.4964
v 2.202 		0.002 		0.023
v 2.584 		-0.229 		5.484
v 2.5318 		-0.2149 		4.4964
v 2.253 		0.004 		0.015
v 2.206 		0.005 		0.018
v 2.253 		0.031 		0.016
v 2.207 		0.032 		0.019
v 2.5186 		-0.2223 		4.498
v 2.531 		-0.214 		4.48
v 2.597 		0.041 		2.629
v 2.23 		0.045 		0.018
v 2.258 		0.001 		0.019
v 2.258 		0.033 		0.021
v 2.373 		-0.11 		6.071
v 2.59 		-0.228 		5.486
v 2.401 		-0.115 		6.089
v 2.203 		0.035 		0.024
v 2.395 		-0.078 		6.069
v 2.944 		-0.1705 		2.3264
v 2.231 		0.05 		0.023
v 2.884 		-0.255 		2.318
v 2.868 		-0.222 		2.309
v 2.93 		-0.206 		2.309
v 2.844 		-0.031 		2.987
v 2.602 		-0.237 		5.483
v 2.5981 		-0.2337 		5.4975
v 2.5999 		-0.2315 		5.4871
v 2.896 		-0.068 		2.987
v 2.9034 		-0.1925 		2.3216
v 2.864 		-0.214 		2.317
v 2.9022 		-0.1927 		2.3219
v 2.926 		-0.108 		2.987
v 2.923 		-0.199 		2.317
v 2.88 		-0.247 		2.309
v 2.4835 		-0.0752 		0.384
v 2.4834 		-0.128 		0.4963
v 2.935 		-0.146 		2.987
v 2.4837 		-0.0732 		0.384
v 2.4849 		-0.128 		0.384
v 2.601 		-0.2302 		5.499
v 2.896 		-0.224 		2.985
v 2.421 		-0.087 		6.087
v 2.515 		-0.205 		4.497
v 2.502 		-0.212 		4.497
v 2.417 		-0.042 		6.043
v 2.601 		-0.233 		5.499
v 2.356 		-0.007 		0.492
v 2.401 		-0.006 		0.446
v 2.339 		-0.006 		0.48
v 2.376 		-0.072 		6.046
v 2.356 		-0.005 		0.492
v 2.365 		-0.068 		6.019
v 2.339 		-0.105 		6.02
v 2.351 		-0.107 		6.048
v 2.5717 		-0.2394 		5.4985
v 2.542 		-0.237 		4.495
v 2.4829 		-0.128 		0.4644
v 2.4818 		-0.128 		0.384
v 2.4765 		-0.256 		0.384
v 2.483 		-0.143 		0.482
v 2.4807 		-0.256 		0.384
v 2.5261 		-0.227 		4.4977
v 2.482 		-0.189 		0.437
v 2.5313 		-0.2302 		4.4971
v 2.484 		-0.189 		0.437
v 2.613 		-0.234 		5.409
v 2.613 		-0.241 		5.409
v 2.502 		-0.139 		6.109
v 2.514 		-0.174 		6.109
v 2.604 		-0.24 		5.412
v 2.53 		-0.186 		6.108
v 2.5313 		-0.2302 		4.4975
v 2.4833 		-0.0709 		0.3643
v 2.4832 		-0.0706 		0.3556
v 2.59 		-0.217 		5.417
v 2.599 		-0.22 		5.41
v 2.589 		-0.225 		5.413
v 2.4834 		-0.0708 		0.3638
v 2.434 		-0.17 		6.1
v 2.5187 		-0.2223 		4.4988
v 2.5216 		-0.2241 		4.4983
v 2.551 		-0.195 		6.107
v 2.512 		-0.232 		6.094
v 2.477 		-0.215 		6.097
v 2.45 		-0.194 		6.099
v 2.451 		-0.042 		0.008
v 2.478 		-0.058 		0.007
v 2.455 		-0.039 		0.003
v 2.478 		-0.053 		0.002
v 2.605 		-0.231 		5.416
v 2.502 		-0.04 		0.002
v 2.502 		-0.013 		0.003
v 2.456 		-0.012 		0.004
v 2.554 		-0.244 		6.091
v 2.59 		-0.23 		5.416
v 2.472 		-0.217 		4.502
v 2.485 		-0.209 		4.501
v 2.452 		-0.228 		6.084
v 2.506 		-0.043 		0.007
v 2.451 		-0.009 		0.009
v 2.327 		-0.226 		4.582
v 2.37 		-0.007 		4.383
v 2.2502 		-0.0299 		0.3572
v 2.257 		-0.087 		0.482
v 2.2585 		-0.089 		0.5057
v 2.2513 		-0.0307 		0.374
v 2.2509 		-0.0304 		0.3667
v 2.688 		-0.322 		5.45
v 2.258 		-0.104 		0.494
v 2.254 		-0.149 		0.448
v 2.26 		-0.104 		0.494
v 2.2503 		-0.03 		0.3573
v 2.229 		-0.014 		0.02
v 2.575 		-0.262 		5.568
v 2.2525 		-0.0291 		0.3615
v 2.2523 		-0.029 		0.3586
v 2.2521 		-0.0288 		0.3547
v 2.2506 		-0.0276 		0.3306
v 2.509 		-0.313 		4.585
v 2.436 		-0.294 		4.534
v 2.899 		-0.161 		5.159
v 2.293 		-0.089 		4.38
v 2.892 		-0.12 		5.254
v 2.284 		-0.136 		4.481
v 2.321 		-0.044 		4.282
v 2.321 		-0.228 		4.282
# 1656 vertices

g group_0_11909273

usemtl color_11909273
s 0

f 15 	16 	23
f 12 	11 	16
f 15 	12 	16
f 21 	50 	1468
f 10 	18 	600
f 21 	50 	1515
f 22 	1573 	21
f 8 	19 	1429
f 8 	1429 	875
f 25 	1346 	26
f 25 	1337 	26
f 18 	10 	166
f 722 	838 	691
f 1382 	25 	26
f 30 	32 	31
f 31 	36 	33
f 50 	21 	1494
f 504 	1318 	26
f 41 	45 	44
f 44 	42 	41
f 43 	39 	47
f 39 	1609 	47
f 1495 	1638 	46
f 496 	1515 	50
f 21 	1573 	50
f 49 	305 	1571
f 39 	29 	1609
f 54 	51 	37
f 26 	55 	504
f 55 	26 	681
f 55 	26 	504
f 504 	26 	1337
f 23 	11 	12
f 12 	15 	23
f 11 	23 	16
f 56 	43 	58
f 39 	43 	56
f 889 	902 	61
f 65 	66 	62
f 1265 	53 	52
f 61 	60 	75
f 68 	75 	60
f 69 	70 	71
f 63 	65 	62
f 58 	66 	56
f 60 	73 	61
f 64 	73 	60
f 59 	61 	73
f 64 	68 	60
f 61 	75 	70
f 67 	76 	68
f 71 	70 	74
f 66 	58 	62
f 74 	70 	75
f 76 	67 	77
f 496 	50 	1573
f 68 	76 	75
f 75 	76 	80
f 103 	96 	56
f 1382 	26 	55
f 1382 	55 	504
f 79 	80 	76
f 56 	66 	103
f 82 	83 	28
f 85 	86 	84
f 81 	84 	86
f 92 	81 	86
f 504 	505 	1382
f 80 	79 	88
f 87 	89 	90
f 91 	81 	92
f 534 	495 	1573
f 89 	1030 	94
f 94 	93 	95
f 97 	99 	100
f 87 	90 	98
f 29 	96 	2
f 96 	29 	39
f 95 	93 	101
f 39 	56 	96
f 89 	98 	90
f 28 	100 	82
f 99 	82 	100
f 98 	89 	101
f 94 	101 	89
f 65 	102 	66
f 94 	95 	101
f 103 	66 	102
f 100 	105 	857
f 100 	857 	97
f 109 	96 	103
f 108 	109 	103
f 98 	101 	171
f 93 	171 	101
f 105 	106 	857
f 82 	99 	83
f 102 	108 	103
f 595 	1656 	104
f 857 	106 	83
f 99 	97 	83
f 857 	83 	97
f 96 	109 	2
f 93 	1030 	1092
f 127 	138 	867
f 127 	734 	128
f 127 	737 	734
f 114 	115 	129
f 116 	114 	129
f 129 	125 	1242
f 119 	257 	118
f 135 	452 	134
f 118 	1242 	125
f 115 	125 	129
f 127 	128 	136
f 138 	127 	136
f 140 	136 	128
f 141 	132 	229
f 870 	867 	138
f 126 	506 	132
f 141 	126 	132
f 111 	122 	110
f 245 	146 	122
f 122 	121 	245
f 119 	245 	121
f 119 	121 	116
f 119 	116 	114
f 115 	125 	114
f 119 	114 	125
f 119 	125 	118
f 149 	124 	141
f 153 	1349 	152
f 124 	126 	141
f 476 	1381 	145
f 743 	35 	157
f 158 	1172 	151
f 143 	1172 	159
f 35 	155 	157
f 167 	166 	10
f 116 	129 	112
f 121 	117 	163
f 37 	1386 	162
f 180 	181 	163
f 160 	34 	148
f 140 	128 	135
f 452 	135 	128
f 87 	98 	171
f 870 	138 	134
f 136 	134 	138
f 140 	135 	136
f 134 	136 	135
f 41 	858 	165
f 858 	41 	42
f 168 	18 	170
f 45 	858 	44
f 45 	165 	858
f 45 	41 	165
f 173 	176 	269
f 173 	269 	174
f 306 	174 	173
f 306 	173 	176
f 161 	54 	162
f 181 	121 	163
f 174 	306 	161
f 170 	18 	166
f 112 	113 	116
f 179 	291 	178
f 168 	170 	331
f 113 	163 	116
f 117 	116 	163
f 166 	167 	336
f 184 	186 	183
f 185 	181 	180
f 116 	121 	117
f 187 	183 	186
f 190 	188 	189
f 184 	189 	188
f 180 	212 	185
f 194 	195 	196
f 197 	196 	195
f 436 	107 	1554
f 116 	440 	114
f 117 	440 	116
f 198 	199 	530
f 196 	530 	199
f 196 	199 	194
f 108 	102 	383
f 196 	191 	530
f 121 	892 	117
f 196 	488 	191
f 65 	63 	390
f 203 	1349 	201
f 393 	115 	114
f 390 	102 	65
f 182 	1119 	178
f 182 	202 	1119
f 1150 	1119 	202
f 179 	178 	293
f 178 	182 	293
f 293 	182 	202
f 207 	180 	31
f 36 	31 	163
f 207 	31 	32
f 93 	191 	171
f 163 	31 	180
f 191 	169 	171
f 208 	196 	197
f 209 	196 	208
f 36 	163 	1410
f 150 	479 	209
f 162 	1173 	161
f 173 	174 	1173
f 212 	180 	211
f 156 	124 	149
f 207 	211 	180
f 156 	120 	124
f 213 	215 	216
f 217 	215 	213
f 216 	215 	217
f 173 	379 	176
f 379 	173 	1173
f 185 	212 	181
f 218 	1440 	219
f 211 	221 	212
f 221 	67 	212
f 67 	68 	212
f 220 	212 	68
f 64 	212 	220
f 379 	1173 	182
f 214 	120 	156
f 491 	225 	222
f 115 	226 	227
f 115 	393 	226
f 141 	229 	230
f 150 	231 	147
f 145 	151 	147
f 150 	147 	151
f 206 	7 	210
f 231 	197 	195
f 231 	195 	194
f 230 	232 	149
f 149 	141 	230
f 64 	220 	73
f 150 	209 	231
f 209 	208 	231
f 197 	231 	208
f 68 	64 	220
f 232 	235 	149
f 144 	154 	236
f 236 	147 	145
f 145 	144 	236
f 235 	156 	149
f 234 	228 	237
f 238 	214 	156
f 239 	240 	109
f 110 	146 	220
f 194 	199 	231
f 199 	198 	231
f 199 	123 	194
f 146 	73 	220
f 2 	109 	240
f 195 	194 	123
f 235 	238 	156
f 252 	240 	239
f 241 	231 	198
f 890 	444 	242
f 108 	239 	109
f 2 	240 	210
f 197 	195 	123
f 198 	123 	199
f 123 	209 	208
f 123 	208 	197
f 145 	144 	151
f 158 	151 	154
f 152 	158 	153
f 153 	158 	154
f 240 	252 	256
f 154 	151 	144
f 254 	1269 	253
f 247 	253 	1269
f 1269 	257 	247
f 248 	247 	257
f 256 	206 	210
f 153 	236 	154
f 236 	153 	152
f 260 	261 	247
f 253 	247 	261
f 253 	261 	262
f 247 	250 	260
f 152 	159 	158
f 210 	240 	256
f 245 	257 	119
f 246 	257 	245
f 248 	257 	246
f 1242 	118 	257
f 242 	258 	890
f 150 	123 	151
f 158 	151 	123
f 243 	263 	249
f 263 	261 	249
f 261 	260 	250
f 250 	249 	261
f 249 	245 	250
f 248 	250 	246
f 250 	248 	260
f 146 	110 	122
f 245 	249 	146
f 246 	250 	245
f 244 	146 	249
f 244 	249 	243
f 243 	264 	263
f 119 	396 	245
f 150 	209 	123
f 159 	158 	123
f 246 	245 	1216
f 266 	476 	147
f 1215 	1216 	245
f 241 	433 	231
f 147 	231 	266
f 236 	266 	147
f 243 	249 	264
f 225 	491 	265
f 1269 	254 	281
f 265 	1069 	225
f 263 	273 	261
f 262 	261 	273
f 262 	273 	274
f 276 	273 	264
f 263 	264 	273
f 275 	277 	531
f 530 	531 	277
f 260 	1216 	279
f 268 	281 	254
f 1269 	281 	283
f 264 	284 	276
f 275 	241 	277
f 237 	228 	393
f 530 	277 	286
f 286 	290 	530
f 272 	267 	456
f 287 	284 	264
f 277 	241 	286
f 267 	547 	458
f 228 	226 	393
f 118 	396 	119
f 267 	458 	456
f 393 	234 	237
f 286 	275 	277
f 270 	433 	271
f 275 	271 	241
f 433 	241 	271
f 249 	59 	287
f 264 	249 	287
f 270 	275 	271
f 284 	287 	273
f 284 	273 	276
f 198 	530 	290
f 287 	70 	273
f 69 	273 	70
f 276 	284 	146
f 244 	276 	146
f 287 	146 	284
f 146 	287 	73
f 59 	73 	287
f 287 	220 	70
f 286 	241 	290
f 61 	70 	220
f 276 	110 	284
f 244 	110 	276
f 901 	900 	243
f 241 	198 	290
f 292 	1558 	278
f 69 	71 	273
f 290 	286 	466
f 60 	61 	220
f 244 	243 	900
f 287 	284 	110
f 110 	220 	287
f 64 	60 	220
f 290 	466 	198
f 239 	108 	629
f 144 	145 	406
f 629 	642 	239
f 266 	443 	147
f 145 	147 	443
f 252 	239 	642
f 294 	269 	176
f 32 	30 	207
f 207 	30 	296
f 271 	194 	270
f 443 	343 	194
f 443 	194 	195
f 443 	195 	197
f 443 	197 	208
f 176 	294 	306
f 286 	290 	275
f 271 	275 	290
f 290 	198 	271
f 271 	199 	194
f 296 	221 	207
f 211 	207 	221
f 301 	297 	24
f 208 	209 	443
f 179 	302 	291
f 199 	271 	198
f 304 	77 	221
f 67 	221 	77
f 209 	150 	406
f 151 	406 	150
f 262 	254 	253
f 293 	302 	179
f 406 	153 	154
f 262 	84 	254
f 274 	85 	262
f 176 	379 	294
f 144 	406 	154
f 268 	254 	84
f 84 	262 	85
f 1571 	305 	301
f 298 	295 	345
f 299 	303 	133
f 137 	142 	143
f 295 	272 	345
f 131 	299 	133
f 242 	234 	258
f 201 	204 	203
f 137 	1181 	204
f 137 	204 	142
f 213 	216 	217
f 309 	216 	217
f 309 	217 	311
f 309 	311 	218
f 294 	176 	1386
f 294 	310 	269
f 310 	342 	306
f 294 	310 	306
f 302 	313 	291
f 178 	317 	179
f 302 	293 	313
f 204 	159 	201
f 302 	380 	179
f 313 	380 	302
f 137 	143 	139
f 139 	236 	152
f 1119 	255 	317
f 152 	139 	159
f 159 	139 	143
f 302 	179 	317
f 1119 	317 	178
f 142 	143 	159
f 327 	280 	316
f 890 	258 	259
f 159 	123 	201
f 1470 	312 	1456
f 1398 	814 	1400
f 324 	307 	314
f 142 	159 	204
f 1179 	201 	123
f 299 	131 	130
f 326 	330 	319
f 318 	319 	330
f 329 	318 	330
f 266 	231 	328
f 236 	328 	266
f 325 	323 	358
f 320 	1560 	326
f 296 	1475 	321
f 320 	321 	1560
f 319 	320 	326
f 307 	324 	298
f 332 	333 	329
f 318 	329 	333
f 166 	357 	170
f 325 	358 	327
f 611 	446 	324
f 304 	221 	337
f 221 	296 	337
f 309 	218 	334
f 255 	408 	317
f 93 	331 	463
f 217 	216 	339
f 317 	313 	302
f 446 	442 	298
f 340 	311 	339
f 217 	339 	311
f 218 	311 	340
f 218 	340 	334
f 446 	298 	324
f 337 	296 	321
f 282 	272 	295
f 219 	1439 	218
f 218 	1439 	334
f 255 	407 	408
f 468 	1440 	334
f 342 	269 	310
f 271 	531 	270
f 307 	298 	345
f 323 	325 	335
f 294 	379 	310
f 310 	379 	342
f 323 	335 	338
f 337 	321 	353
f 352 	307 	351
f 333 	347 	318
f 166 	359 	357
f 403 	325 	327
f 342 	341 	269
f 341 	1387 	269
f 351 	307 	345
f 351 	355 	352
f 346 	347 	77
f 76 	77 	347
f 76 	347 	332
f 341 	1387 	306
f 342 	341 	306
f 346 	77 	348
f 304 	348 	77
f 316 	403 	327
f 304 	337 	353
f 348 	304 	353
f 1397 	1392 	323
f 120 	352 	355
f 331 	170 	357
f 323 	1406 	1397
f 347 	333 	332
f 498 	120 	355
f 323 	1392 	358
f 120 	214 	352
f 394 	326 	1564
f 362 	291 	361
f 313 	361 	291
f 314 	352 	214
f 329 	330 	360
f 329 	360 	332
f 359 	166 	336
f 79 	332 	360
f 291 	362 	363
f 364 	457 	291
f 314 	307 	352
f 79 	76 	332
f 317 	361 	313
f 1406 	323 	338
f 1239 	450 	356
f 361 	313 	293
f 358 	278 	280
f 361 	380 	313
f 322 	450 	1239
f 351 	288 	355
f 365 	368 	315
f 358 	280 	327
f 288 	351 	289
f 345 	272 	289
f 363 	362 	317
f 361 	317 	362
f 358 	1392 	278
f 345 	289 	351
f 164 	367 	366
f 361 	293 	362
f 363 	362 	293
f 175 	172 	369
f 368 	330 	326
f 362 	380 	361
f 178 	179 	380
f 380 	379 	178
f 755 	175 	369
f 354 	531 	350
f 363 	380 	362
f 374 	376 	336
f 376 	453 	336
f 1005 	374 	336
f 267 	375 	547
f 267 	272 	375
f 411 	414 	371
f 317 	364 	363
f 377 	553 	375
f 376 	374 	1176
f 1005 	1176 	374
f 985 	466 	374
f 373 	759 	200
f 386 	360 	368
f 330 	368 	360
f 182 	178 	379
f 200 	192 	373
f 395 	371 	385
f 382 	384 	930
f 386 	368 	384
f 369 	200 	759
f 369 	172 	200
f 277 	466 	286
f 326 	315 	368
f 433 	270 	344
f 974 	368 	365
f 974 	1054 	368
f 343 	354 	344
f 270 	344 	275
f 385 	378 	387
f 371 	414 	385
f 343 	433 	344
f 81 	91 	382
f 381 	390 	63
f 88 	79 	386
f 360 	386 	79
f 91 	384 	382
f 275 	344 	354
f 63 	308 	381
f 102 	390 	383
f 354 	350 	275
f 275 	350 	349
f 732 	164 	366
f 85 	274 	86
f 1210 	86 	274
f 274 	273 	1210
f 123 	198 	466
f 270 	194 	344
f 391 	378 	392
f 80 	88 	386
f 334 	1439 	468
f 391 	387 	378
f 91 	92 	384
f 218 	334 	1440
f 1210 	1206 	86
f 301 	372 	297
f 395 	372 	371
f 437 	234 	393
f 394 	420 	520
f 403 	395 	385
f 139 	152 	397
f 137 	139 	397
f 335 	391 	1328
f 201 	203 	397
f 201 	397 	204
f 341 	342 	379
f 279 	401 	260
f 444 	260 	401
f 399 	398 	400
f 315 	394 	520
f 372 	395 	297
f 542 	561 	299
f 371 	372 	413
f 326 	394 	315
f 413 	372 	301
f 325 	403 	387
f 457 	380 	364
f 363 	364 	380
f 325 	391 	335
f 143 	142 	397
f 204 	397 	142
f 401 	242 	444
f 391 	1503 	1328
f 406 	145 	443
f 328 	443 	266
f 344 	194 	343
f 285 	291 	1409
f 391 	325 	387
f 437 	258 	234
f 316 	297 	403
f 447 	259 	258
f 395 	403 	297
f 403 	385 	387
f 354 	343 	443
f 370 	389 	388
f 209 	406 	443
f 378 	385 	414
f 409 	662 	410
f 370 	377 	389
f 282 	375 	272
f 414 	419 	392
f 409 	672 	410
f 392 	378 	414
f 153 	406 	152
f 397 	152 	406
f 411 	371 	413
f 417 	575 	416
f 412 	1297 	1294
f 151 	158 	406
f 457 	434 	405
f 1409 	291 	405
f 143 	397 	159
f 397 	406 	159
f 158 	159 	406
f 418 	389 	377
f 418 	375 	282
f 419 	414 	420
f 414 	411 	420
f 402 	422 	425
f 375 	418 	377
f 417 	416 	573
f 416 	408 	573
f 417 	416 	622
f 301 	305 	413
f 427 	428 	451
f 476 	427 	430
f 429 	430 	427
f 441 	418 	282
f 616 	421 	622
f 417 	622 	421
f 549 	426 	300
f 427 	476 	431
f 328 	431 	476
f 145 	147 	476
f 328 	476 	266
f 432 	416 	405
f 411 	413 	516
f 435 	405 	434
f 432 	405 	435
f 423 	424 	1252
f 433 	1204 	427
f 431 	433 	427
f 305 	517 	413
f 427 	431 	428
f 428 	431 	236
f 300 	303 	549
f 418 	388 	389
f 187 	340 	183
f 431 	231 	433
f 339 	183 	340
f 328 	231 	431
f 308 	300 	426
f 193 	312 	1095
f 431 	328 	236
f 393 	440 	437
f 193 	1095 	968
f 343 	354 	433
f 354 	350 	433
f 1300 	1252 	424
f 439 	438 	441
f 247 	915 	250
f 350 	349 	433
f 349 	471 	433
f 1095 	312 	1470
f 653 	433 	471
f 363 	364 	291
f 405 	291 	457
f 439 	441 	442
f 443 	427 	428
f 295 	442 	441
f 408 	416 	432
f 432 	435 	408
f 437 	892 	258
f 431 	443 	328
f 427 	443 	431
f 438 	418 	441
f 434 	408 	435
f 435 	445 	432
f 432 	445 	416
f 298 	442 	295
f 434 	445 	435
f 622 	416 	445
f 359 	463 	357
f 902 	890 	447
f 443 	350 	354
f 446 	1 	449
f 292 	1511 	436
f 430 	429 	236
f 429 	427 	451
f 356 	927 	373
f 373 	192 	356
f 442 	449 	439
f 450 	927 	356
f 449 	442 	446
f 429 	451 	236
f 448 	255 	251
f 429 	430 	1195
f 530 	191 	93
f 344 	270 	531
f 439 	449 	1477
f 245 	915 	246
f 448 	407 	255
f 1215 	245 	396
f 1443 	448 	251
f 282 	295 	441
f 469 	336 	454
f 454 	336 	453
f 438 	388 	418
f 453 	466 	454
f 1176 	453 	376
f 61 	59 	889
f 376 	374 	466
f 454 	1073 	453
f 363 	293 	445
f 336 	459 	359
f 434 	457 	408
f 246 	1216 	248
f 336 	469 	459
f 359 	459 	463
f 249 	250 	444
f 457 	364 	408
f 444 	889 	249
f 317 	408 	364
f 461 	458 	462
f 434 	457 	445
f 457 	364 	445
f 363 	445 	364
f 464 	432 	416
f 464 	416 	417
f 60 	61 	902
f 64 	60 	902
f 435 	432 	464
f 616 	695 	421
f 343 	531 	354
f 463 	331 	357
f 467 	309 	334
f 467 	334 	468
f 463 	459 	530
f 471 	459 	470
f 350 	459 	349
f 349 	459 	471
f 470 	459 	469
f 472 	184 	183
f 472 	183 	339
f 473 	216 	309
f 473 	309 	467
f 463 	530 	93
f 1472 	696 	410
f 410 	1430 	1472
f 474 	472 	339
f 281 	475 	283
f 461 	465 	458
f 216 	473 	339
f 474 	339 	473
f 379 	380 	1472
f 340 	187 	186
f 268 	478 	281
f 379 	1472 	1390
f 334 	340 	468
f 186 	468 	340
f 481 	1149 	480
f 454 	453 	653
f 145 	1381 	144
f 1176 	653 	453
f 380 	464 	1472
f 454 	466 	469
f 1127 	398 	399
f 1172 	591 	479
f 470 	469 	466
f 1128 	1127 	400
f 483 	478 	382
f 81 	382 	268
f 84 	81 	268
f 478 	268 	382
f 477 	458 	465
f 453 	376 	466
f 490 	456 	458
f 458 	477 	490
f 847 	482 	481
f 847 	481 	480
f 171 	1317 	87
f 847 	846 	482
f 484 	482 	481
f 481 	480 	484
f 470 	466 	471
f 224 	1013 	1140
f 466 	277 	471
f 275 	471 	277
f 489 	191 	488
f 181 	892 	121
f 529 	468 	1439
f 59 	249 	889
f 443 	469 	470
f 443 	470 	471
f 454 	469 	1073
f 265 	492 	49
f 265 	491 	492
f 289 	272 	456
f 191 	489 	169
f 355 	288 	490
f 434 	464 	457
f 435 	464 	434
f 380 	457 	464
f 456 	490 	288
f 613 	614 	488
f 1494 	651 	50
f 288 	289 	456
f 589 	493 	494
f 151 	479 	150
f 196 	209 	479
f 473 	189 	472
f 467 	189 	473
f 184 	472 	189
f 479 	488 	196
f 496 	1468 	50
f 283 	499 	494
f 472 	474 	473
f 479 	610 	488
f 498 	124 	120
f 472 	186 	184
f 474 	186 	472
f 589 	494 	499
f 498 	500 	126
f 186 	474 	468
f 467 	468 	474
f 467 	474 	473
f 305 	49 	492
f 497 	617 	495
f 305 	492 	517
f 193 	968 	969
f 476 	430 	236
f 495 	497 	496
f 497 	540 	1515
f 491 	222 	503
f 504 	505 	1149
f 486 	485 	724
f 498 	126 	124
f 485 	487 	501
f 681 	504 	55
f 487 	502 	501
f 500 	506 	126
f 1337 	505 	504
f 507 	506 	500
f 491 	503 	532
f 1149 	505 	480
f 507 	508 	509
f 283 	475 	499
f 510 	511 	512
f 505 	1337 	480
f 510 	512 	532
f 465 	508 	507
f 507 	509 	506
f 1573 	495 	496
f 515 	670 	508
f 511 	516 	517
f 505 	481 	1382
f 480 	481 	505
f 482 	1382 	481
f 1649 	533 	514
f 1573 	1382 	535
f 461 	462 	515
f 512 	511 	517
f 670 	509 	508
f 708 	518 	635
f 413 	517 	516
f 972 	193 	969
f 476 	609 	521
f 476 	521 	523
f 315 	520 	511
f 467 	524 	190
f 467 	190 	189
f 520 	516 	511
f 525 	526 	188
f 184 	188 	526
f 476 	430 	921
f 411 	516 	520
f 506 	522 	132
f 1195 	430 	476
f 184 	526 	472
f 525 	472 	526
f 420 	411 	520
f 506 	509 	522
f 512 	517 	492
f 473 	527 	467
f 524 	467 	527
f 1283 	1195 	476
f 528 	474 	472
f 528 	472 	525
f 365 	315 	511
f 1284 	1285 	476
f 1283 	476 	1285
f 1149 	481 	482
f 476 	523 	1284
f 515 	508 	461
f 474 	528 	473
f 527 	473 	528
f 491 	512 	492
f 529 	1440 	468
f 986 	529 	988
f 343 	344 	531
f 465 	461 	508
f 271 	275 	531
f 477 	465 	507
f 535 	587 	484
f 534 	587 	535
f 459 	350 	531
f 365 	511 	510
f 531 	530 	459
f 535 	617 	534
f 512 	491 	532
f 224 	989 	537
f 535 	1515 	534
f 495 	496 	651
f 536 	540 	651
f 224 	537 	539
f 536 	1515 	540
f 540 	534 	536
f 500 	477 	507
f 477 	500 	490
f 484 	482 	846
f 498 	490 	500
f 493 	543 	502
f 490 	498 	355
f 484 	480 	535
f 839 	72 	233
f 502 	543 	501
f 495 	651 	497
f 540 	497 	651
f 547 	375 	553
f 551 	554 	555
f 551 	555 	556
f 370 	557 	377
f 553 	377 	557
f 426 	549 	544
f 536 	617 	540
f 540 	617 	497
f 575 	562 	563
f 569 	1492 	564
f 505 	504 	681
f 557 	565 	553
f 549 	303 	561
f 534 	1573 	535
f 484 	535 	1382
f 540 	497 	534
f 497 	495 	534
f 571 	1650 	1217
f 462 	458 	547
f 303 	299 	561
f 547 	572 	462
f 405 	416 	575
f 576 	577 	578
f 547 	553 	572
f 545 	405 	575
f 581 	580 	568
f 519 	583 	584
f 576 	578 	584
f 519 	584 	578
f 519 	578 	585
f 585 	593 	519
f 579 	572 	582
f 586 	988 	529
f 417 	421 	575
f 421 	616 	575
f 572 	553 	582
f 529 	986 	586
f 586 	529 	1439
f 586 	1440 	529
f 577 	1585 	578
f 587 	546 	588
f 572 	579 	462
f 578 	1585 	585
f 543 	493 	589
f 479 	591 	592
f 568 	580 	570
f 590 	518 	708
f 485 	486 	594
f 582 	553 	565
f 595 	692 	1656
f 486 	596 	594
f 597 	485 	594
f 398 	1152 	1153
f 407 	573 	408
f 593 	591 	519
f 275 	349 	471
f 521 	591 	1286
f 592 	591 	521
f 1286 	591 	593
f 585 	1286 	593
f 599 	595 	104
f 592 	591 	593
f 568 	567 	597
f 597 	594 	568
f 592 	620 	578
f 592 	578 	591
f 596 	568 	594
f 578 	585 	593
f 578 	593 	591
f 596 	581 	568
f 598 	1158 	400
f 583 	691 	1585
f 400 	398 	598
f 648 	600 	601
f 1073 	469 	443
f 601 	600 	18
f 543 	589 	686
f 602 	603 	570
f 18 	168 	601
f 349 	350 	443
f 471 	349 	443
f 552 	569 	281
f 551 	552 	478
f 478 	552 	281
f 281 	499 	475
f 10 	600 	648
f 381 	426 	636
f 567 	568 	603
f 554 	551 	478
f 570 	603 	568
f 314 	214 	604
f 589 	560 	559
f 636 	605 	381
f 604 	214 	238
f 560 	589 	499
f 499 	281 	560
f 584 	1060 	576
f 607 	324 	314
f 569 	564 	281
f 564 	560 	281
f 314 	604 	607
f 583 	1060 	584
f 564 	560 	608
f 559 	608 	560
f 610 	479 	609
f 609 	479 	621
f 554 	551 	612
f 551 	552 	612
f 569 	612 	552
f 608 	612 	569
f 608 	569 	564
f 614 	700 	488
f 613 	488 	610
f 605 	390 	381
f 381 	308 	426
f 607 	611 	324
f 609 	476 	610
f 1275 	610 	476
f 605 	606 	383
f 614 	613 	1275
f 615 	575 	616
f 536 	534 	617
f 610 	1275 	613
f 562 	575 	615
f 1 	446 	611
f 605 	383 	390
f 609 	1278 	610
f 587 	588 	618
f 616 	421 	573
f 421 	417 	573
f 621 	479 	620
f 592 	620 	479
f 617 	804 	495
f 618 	566 	587
f 619 	618 	588
f 621 	521 	609
f 521 	621 	620
f 621 	620 	1060
f 608 	558 	612
f 558 	587 	612
f 566 	587 	558
f 588 	612 	587
f 609 	621 	1060
f 485 	597 	487
f 686 	589 	693
f 559 	558 	623
f 521 	620 	592
f 625 	566 	618
f 625 	618 	626
f 593 	585 	592
f 608 	623 	558
f 585 	1060 	592
f 566 	625 	587
f 548 	637 	541
f 383 	629 	108
f 577 	621 	897
f 620 	621 	578
f 577 	578 	621
f 383 	606 	629
f 576 	897 	584
f 626 	630 	625
f 630 	631 	625
f 628 	625 	631
f 628 	631 	632
f 693 	589 	632
f 628 	632 	589
f 629 	606 	627
f 610 	621 	609
f 574 	1656 	692
f 1200 	633 	415
f 611 	20 	17
f 628 	589 	623
f 559 	623 	589
f 544 	748 	636
f 608 	559 	623
f 544 	636 	426
f 611 	17 	1
f 20 	611 	607
f 415 	639 	1200
f 551 	554 	977
f 415 	633 	639
f 1149 	623 	559
f 559 	560 	1149
f 460 	638 	518
f 898 	607 	604
f 628 	1149 	625
f 638 	1169 	635
f 1149 	628 	623
f 518 	638 	635
f 731 	229 	132
f 638 	460 	455
f 774 	606 	605
f 627 	624 	642
f 629 	627 	642
f 646 	649 	631
f 647 	649 	646
f 632 	631 	649
f 252 	642 	634
f 644 	648 	601
f 642 	624 	634
f 644 	601 	168
f 634 	624 	641
f 496 	50 	651
f 563 	562 	573
f 615 	573 	562
f 616 	573 	615
f 167 	10 	648
f 646 	631 	650
f 622 	615 	616
f 652 	650 	630
f 622 	562 	615
f 641 	624 	514
f 706 	562 	622
f 618 	652 	630
f 630 	650 	631
f 654 	407 	658
f 469 	454 	653
f 652 	618 	619
f 630 	626 	618
f 470 	469 	653
f 1192 	655 	1194
f 658 	407 	448
f 653 	471 	470
f 655 	433 	653
f 423 	661 	699
f 57 	52 	660
f 404 	661 	423
f 648 	336 	167
f 542 	57 	660
f 404 	659 	661
f 644 	168 	911
f 661 	659 	663
f 168 	331 	911
f 665 	663 	659
f 748 	544 	664
f 423 	699 	424
f 682 	681 	1187
f 658 	448 	662
f 662 	717 	658
f 663 	668 	661
f 664 	544 	549
f 657 	666 	924
f 667 	664 	549
f 668 	703 	661
f 669 	561 	542
f 669 	667 	561
f 672 	1445 	1431
f 665 	1396 	663
f 659 	673 	665
f 1431 	1430 	672
f 504 	1149 	1318
f 445 	1445 	672
f 685 	670 	515
f 667 	669 	78
f 622 	445 	672
f 549 	561 	667
f 673 	659 	674
f 412 	674 	659
f 706 	622 	672
f 78 	669 	660
f 407 	654 	573
f 542 	660 	669
f 534 	536 	651
f 730 	522 	675
f 670 	675 	509
f 1196 	687 	422
f 522 	509 	675
f 688 	14 	680
f 677 	662 	409
f 425 	422 	687
f 402 	1196 	422
f 672 	409 	677
f 402 	425 	1196
f 687 	1196 	425
f 681 	1482 	682
f 679 	662 	680
f 515 	684 	685
f 678 	543 	686
f 409 	14 	677
f 676 	678 	690
f 505 	848 	480
f 678 	686 	690
f 689 	662 	677
f 672 	677 	689
f 719 	686 	693
f 684 	698 	697
f 409 	410 	696
f 689 	688 	662
f 680 	662 	688
f 689 	688 	672
f 684 	697 	685
f 724 	501 	678
f 524 	527 	190
f 527 	525 	190
f 188 	190 	525
f 688 	680 	672
f 695 	464 	417
f 694 	685 	707
f 675 	670 	694
f 670 	685 	694
f 696 	464 	695
f 668 	663 	1396
f 696 	1472 	464
f 775 	640 	643
f 808 	683 	686
f 690 	686 	681
f 682 	690 	681
f 684 	462 	579
f 681 	686 	683
f 684 	515 	462
f 691 	838 	1585
f 682 	683 	681
f 677 	409 	696
f 689 	677 	696
f 688 	689 	696
f 643 	763 	775
f 649 	693 	632
f 691 	1060 	583
f 696 	679 	680
f 688 	696 	680
f 697 	205 	206
f 659 	1279 	412
f 615 	695 	616
f 417 	421 	695
f 697 	698 	205
f 562 	563 	695
f 562 	695 	615
f 700 	729 	488
f 579 	698 	684
f 1361 	1320 	702
f 614 	1275 	700
f 699 	703 	702
f 614 	613 	1278
f 613 	610 	1278
f 704 	705 	575
f 705 	706 	575
f 699 	661 	703
f 620 	592 	1060
f 704 	575 	563
f 574 	692 	701
f 573 	1391 	704
f 573 	704 	563
f 576 	577 	897
f 707 	685 	697
f 1169 	708 	635
f 706 	705 	563
f 562 	706 	563
f 583 	584 	897
f 704 	563 	705
f 897 	691 	583
f 707 	256 	252
f 1233 	613 	614
f 1233 	614 	700
f 697 	206 	707
f 1233 	610 	613
f 1396 	674 	412
f 707 	206 	256
f 692 	595 	1247
f 525 	527 	528
f 698 	1624 	205
f 679 	14 	712
f 708 	599 	590
f 708 	1257 	718
f 719 	847 	686
f 709 	717 	710
f 662 	712 	717
f 848 	686 	847
f 710 	717 	712
f 712 	710 	709
f 519 	820 	583
f 691 	583 	820
f 579 	582 	698
f 674 	1396 	673
f 665 	673 	1396
f 716 	715 	720
f 711 	503 	222
f 649 	647 	719
f 649 	719 	693
f 723 	1319 	706
f 577 	1060 	578
f 676 	724 	678
f 672 	723 	706
f 724 	485 	501
f 873 	838 	722
f 543 	678 	501
f 722 	1060 	691
f 676 	725 	724
f 712 	662 	679
f 582 	1624 	698
f 1513 	1393 	712
f 727 	720 	715
f 640 	726 	1357
f 705 	1420 	704
f 729 	888 	488
f 888 	910 	488
f 706 	723 	705
f 1420 	705 	723
f 700 	1275 	729
f 725 	671 	486
f 700 	614 	1278
f 695 	709 	710
f 696 	695 	710
f 708 	718 	599
f 725 	486 	724
f 718 	1257 	1247
f 696 	710 	679
f 712 	679 	710
f 718 	1247 	595
f 675 	746 	730
f 718 	595 	599
f 695 	563 	704
f 1420 	1425 	704
f 730 	731 	522
f 522 	731 	132
f 647 	646 	719
f 733 	736 	737
f 736 	734 	737
f 736 	735 	734
f 229 	731 	896
f 1266 	738 	53
f 738 	78 	53
f 738 	233 	78
f 737 	732 	733
f 739 	742 	148
f 694 	707 	740
f 737 	127 	732
f 707 	252 	740
f 160 	148 	742
f 252 	634 	740
f 739 	148 	34
f 35 	743 	155
f 741 	728 	1359
f 743 	744 	155
f 743 	157 	744
f 715 	716 	745
f 157 	155 	744
f 34 	160 	739
f 740 	746 	694
f 742 	739 	160
f 763 	548 	602
f 694 	746 	675
f 722 	691 	897
f 1233 	700 	729
f 645 	716 	720
f 702 	703 	1396
f 668 	1396 	703
f 705 	704 	1391
f 716 	645 	750
f 720 	657 	645
f 1399 	1400 	814
f 666 	720 	727
f 752 	753 	1586
f 754 	767 	751
f 710 	1586 	709
f 753 	709 	1586
f 801 	1482 	796
f 802 	1482 	801
f 756 	1146 	175
f 752 	1469 	753
f 717 	709 	1469
f 367 	1146 	756
f 683 	808 	1482
f 715 	745 	727
f 756 	175 	755
f 657 	720 	666
f 767 	13 	757
f 767 	757 	749
f 749 	751 	767
f 666 	727 	745
f 765 	762 	764
f 761 	764 	762
f 637 	548 	763
f 369 	759 	766
f 814 	760 	758
f 1177 	745 	716
f 769 	770 	768
f 643 	637 	763
f 716 	750 	1177
f 767 	771 	768
f 768 	771 	769
f 774 	605 	636
f 773 	235 	772
f 748 	774 	636
f 768 	13 	767
f 773 	238 	235
f 606 	774 	778
f 826 	773 	772
f 726 	640 	776
f 753 	1469 	709
f 757 	768 	749
f 764 	749 	768
f 229 	781 	230
f 768 	757 	13
f 752 	1513 	753
f 714 	782 	1403
f 781 	785 	230
f 779 	782 	714
f 767 	790 	771
f 1403 	782 	779
f 762 	790 	761
f 791 	1319 	788
f 787 	1542 	831
f 229 	896 	781
f 52 	53 	660
f 768 	770 	795
f 772 	235 	232
f 1391 	791 	788
f 765 	764 	768
f 795 	765 	768
f 791 	788 	1393
f 1393 	788 	672
f 682 	1482 	802
f 664 	667 	72
f 754 	761 	803
f 772 	232 	800
f 788 	1319 	723
f 761 	790 	803
f 667 	233 	72
f 706 	1391 	723
f 749 	764 	751
f 788 	723 	672
f 805 	806 	807
f 809 	1482 	808
f 751 	764 	754
f 761 	754 	764
f 785 	800 	232
f 811 	805 	810
f 807 	810 	805
f 767 	754 	803
f 767 	803 	790
f 762 	771 	790
f 765 	769 	762
f 795 	769 	765
f 770 	769 	795
f 771 	762 	769
f 810 	813 	811
f 785 	232 	230
f 233 	667 	78
f 816 	1399 	814
f 748 	664 	72
f 112 	1401 	810
f 773 	818 	238
f 660 	53 	78
f 817 	747 	676
f 723 	788 	1420
f 695 	1574 	753
f 849 	766 	759
f 753 	709 	695
f 373 	874 	759
f 817 	676 	690
f 799 	814 	758
f 1416 	1424 	819
f 756 	755 	850
f 823 	1106 	747
f 514 	513 	1650
f 747 	817 	823
f 824 	877 	822
f 825 	1106 	823
f 873 	722 	820
f 843 	873 	820
f 802 	801 	690
f 766 	755 	369
f 772 	827 	826
f 850 	755 	766
f 781 	824 	785
f 801 	828 	802
f 828 	829 	802
f 794 	802 	829
f 830 	786 	829
f 794 	829 	786
f 850 	766 	849
f 843 	820 	842
f 822 	785 	824
f 831 	786 	832
f 1649 	48 	533
f 833 	832 	786
f 833 	786 	830
f 834 	835 	820
f 820 	835 	836
f 820 	836 	842
f 833 	831 	832
f 821 	827 	800
f 104 	538 	1654
f 793 	809 	794
f 802 	794 	809
f 802 	809 	808
f 640 	775 	841
f 104 	223 	538
f 682 	802 	690
f 772 	800 	827
f 1654 	538 	839
f 835 	838 	836
f 800 	785 	821
f 822 	821 	785
f 840 	837 	366
f 538 	72 	839
f 802 	808 	682
f 683 	682 	808
f 841 	775 	895
f 818 	773 	826
f 722 	691 	820
f 776 	640 	841
f 845 	846 	844
f 844 	846 	650
f 846 	719 	650
f 847 	719 	846
f 646 	650 	719
f 112 	810 	798
f 808 	686 	848
f 806 	798 	807
f 806 	799 	798
f 850 	849 	1001
f 810 	807 	798
f 852 	850 	1001
f 819 	813 	810
f 819 	816 	813
f 813 	816 	811
f 811 	814 	805
f 57 	17 	859
f 783 	856 	784
f 856 	891 	784
f 817 	784 	891
f 816 	814 	811
f 855 	853 	1302
f 814 	799 	805
f 815 	784 	817
f 805 	799 	806
f 859 	17 	20
f 828 	815 	784
f 828 	784 	783
f 828 	783 	829
f 851 	855 	1303
f 843 	842 	838
f 836 	838 	842
f 367 	756 	840
f 852 	840 	756
f 1060 	843 	842
f 1060 	842 	836
f 602 	570 	763
f 759 	854 	849
f 861 	164 	732
f 861 	732 	127
f 127 	867 	861
f 842 	897 	836
f 759 	874 	854
f 862 	845 	844
f 834 	838 	835
f 756 	850 	852
f 797 	690 	796
f 817 	690 	797
f 801 	796 	690
f 864 	1270 	863
f 863 	870 	864
f 863 	1265 	866
f 840 	366 	367
f 797 	812 	817
f 817 	812 	815
f 20 	860 	859
f 861 	867 	851
f 796 	797 	812
f 867 	855 	851
f 868 	859 	860
f 837 	732 	366
f 796 	812 	801
f 828 	801 	812
f 815 	828 	812
f 868 	52 	57
f 867 	853 	855
f 868 	57 	859
f 732 	837 	733
f 867 	870 	866
f 867 	866 	853
f 676 	747 	725
f 52 	868 	1302
f 996 	656 	869
f 868 	860 	1303
f 870 	134 	864
f 866 	870 	863
f 854 	874 	871
f 869 	979 	1035
f 868 	1303 	1302
f 1303 	860 	19
f 801 	1187 	796
f 801 	802 	1187
f 682 	1187 	802
f 873 	843 	838
f 919 	1585 	838
f 373 	927 	874
f 898 	818 	875
f 871 	874 	927
f 1627 	812 	1187
f 877 	821 	822
f 1627 	815 	812
f 823 	879 	825
f 783 	780 	856
f 878 	876 	1134
f 789 	787 	652
f 787 	844 	652
f 831 	844 	787
f 826 	875 	818
f 862 	844 	831
f 652 	844 	650
f 652 	792 	789
f 882 	777 	804
f 792 	652 	804
f 804 	829 	777
f 4 	877 	824
f 792 	789 	830
f 787 	830 	789
f 783 	780 	829
f 780 	777 	829
f 804 	792 	829
f 830 	829 	792
f 4 	824 	880
f 843 	1060 	873
f 873 	1060 	722
f 831 	833 	830
f 831 	830 	787
f 570 	580 	884
f 856 	780 	885
f 577 	576 	1060
f 886 	777 	882
f 886 	882 	887
f 783 	885 	780
f 831 	617 	862
f 617 	831 	787
f 617 	787 	789
f 729 	1275 	888
f 1098 	596 	486
f 777 	886 	804
f 729 	700 	1278
f 804 	617 	792
f 890 	889 	444
f 1651 	821 	877
f 581 	596 	1098
f 886 	891 	885
f 887 	891 	886
f 856 	885 	891
f 902 	889 	890
f 259 	447 	890
f 763 	570 	884
f 884 	580 	895
f 581 	1086 	580
f 181 	902 	892
f 893 	258 	892
f 884 	775 	763
f 1275 	476 	1085
f 447 	893 	902
f 893 	447 	258
f 824 	894 	880
f 823 	817 	891
f 879 	823 	891
f 896 	894 	781
f 824 	781 	894
f 842 	843 	897
f 621 	610 	897
f 671 	725 	1099
f 873 	722 	897
f 843 	873 	897
f 897 	834 	835
f 835 	836 	897
f 1468 	886 	885
f 784 	1627 	783
f 783 	1627 	885
f 607 	898 	20
f 845 	617 	846
f 862 	617 	845
f 789 	792 	617
f 903 	904 	905
f 818 	604 	238
f 888 	1233 	729
f 437 	117 	892
f 440 	117 	437
f 797 	796 	1187
f 818 	898 	604
f 905 	907 	903
f 906 	750 	645
f 907 	908 	903
f 848 	505 	808
f 1258 	488 	910
f 911 	648 	644
f 888 	1275 	910
f 888 	729 	1278
f 797 	1187 	812
f 893 	892 	902
f 925 	926 	911
f 648 	911 	926
f 1627 	784 	815
f 914 	450 	322
f 483 	556 	555
f 555 	554 	483
f 920 	652 	550
f 652 	619 	550
f 546 	550 	619
f 588 	546 	619
f 917 	923 	922
f 478 	483 	554
f 914 	322 	571
f 93 	94 	1030
f 87 	1030 	89
f 588 	546 	612
f 546 	550 	612
f 550 	555 	612
f 554 	612 	555
f 929 	648 	926
f 336 	648 	929
f 825 	891 	882
f 879 	891 	825
f 887 	882 	891
f 851 	27 	861
f 901 	908 	900
f 924 	666 	926
f 925 	924 	926
f 926 	666 	929
f 930 	931 	932
f 915 	903 	901
f 932 	933 	930
f 926 	925 	929
f 985 	929 	925
f 915 	904 	903
f 27 	872 	1132
f 927 	450 	934
f 546 	1616 	550
f 915 	913 	904
f 934 	918 	928
f 928 	927 	934
f 938 	336 	929
f 1003 	336 	938
f 884 	895 	775
f 930 	384 	368
f 927 	928 	871
f 944 	382 	930
f 666 	745 	929
f 929 	745 	938
f 985 	938 	929
f 944 	936 	382
f 483 	382 	936
f 483 	936 	556
f 942 	952 	940
f 945 	939 	944
f 918 	914 	916
f 943 	966 	942
f 941 	943 	942
f 939 	936 	944
f 926 	1073 	925
f 930 	946 	931
f 938 	1003 	926
f 929 	938 	926
f 930 	933 	944
f 906 	645 	657
f 922 	820 	949
f 948 	937 	952
f 940 	952 	937
f 906 	657 	924
f 906 	924 	1038
f 946 	368 	1054
f 946 	1054 	947
f 934 	450 	914
f 953 	954 	955
f 953 	955 	956
f 956 	1002 	958
f 953 	956 	958
f 953 	960 	954
f 914 	918 	934
f 946 	947 	959
f 946 	959 	931
f 949 	820 	169
f 368 	946 	930
f 913 	909 	904
f 945 	944 	933
f 945 	933 	932
f 837 	961 	733
f 904 	909 	905
f 963 	983 	911
f 962 	963 	911
f 959 	932 	931
f 840 	961 	837
f 1179 	956 	955
f 909 	912 	905
f 905 	912 	907
f 955 	954 	1179
f 1040 	992 	911
f 965 	911 	992
f 912 	900 	908
f 912 	908 	907
f 952 	942 	966
f 911 	331 	1040
f 903 	908 	901
f 960 	967 	954
f 966 	1063 	952
f 960 	970 	954
f 193 	972 	760
f 973 	123 	1046
f 1100 	291 	971
f 683 	808 	505
f 974 	1036 	1054
f 975 	973 	976
f 968 	972 	969
f 971 	917 	922
f 1097 	1102 	968
f 758 	972 	1102
f 971 	291 	285
f 550 	935 	945
f 550 	945 	932
f 978 	920 	932
f 550 	932 	920
f 945 	935 	939
f 799 	1097 	1470
f 285 	917 	971
f 935 	939 	550
f 980 	555 	939
f 550 	939 	555
f 978 	932 	1015
f 525 	981 	982
f 525 	982 	526
f 550 	546 	935
f 651 	935 	546
f 924 	963 	962
f 1053 	554 	980
f 555 	980 	554
f 965 	924 	962
f 964 	961 	840
f 939 	1494 	980
f 526 	984 	525
f 965 	466 	962
f 546 	588 	651
f 588 	587 	651
f 925 	911 	983
f 1502 	1292 	973
f 981 	525 	984
f 963 	924 	983
f 982 	984 	526
f 982 	981 	984
f 935 	1494 	939
f 983 	963 	985
f 374 	1005 	985
f 978 	987 	920
f 652 	920 	987
f 537 	989 	990
f 924 	925 	983
f 489 	949 	169
f 925 	983 	985
f 995 	922 	923
f 992 	924 	965
f 721 	656 	996
f 922 	995 	820
f 869 	1035 	996
f 224 	539 	998
f 1011 	721 	996
f 1000 	1001 	849
f 1051 	1038 	924
f 957 	958 	1002
f 1014 	336 	1003
f 1005 	336 	1004
f 1013 	224 	998
f 1006 	711 	713
f 1001 	1007 	852
f 503 	711 	1006
f 998 	539 	1008
f 171 	994 	177
f 989 	1010 	998
f 1008 	990 	989
f 1008 	989 	998
f 1004 	985 	1005
f 990 	1008 	537
f 539 	537 	1008
f 171 	169 	994
f 1006 	532 	503
f 204 	201 	994
f 854 	1009 	1000
f 224 	1010 	989
f 376 	1073 	374
f 1006 	1017 	532
f 849 	854 	1000
f 938 	745 	1003
f 964 	840 	852
f 224 	1140 	1010
f 938 	985 	1003
f 713 	721 	1011
f 1007 	964 	852
f 1141 	1140 	1013
f 1004 	336 	1014
f 997 	1012 	1015
f 973 	956 	1179
f 1059 	1011 	996
f 985 	1004 	1014
f 997 	999 	1012
f 998 	1010 	1013
f 1002 	1062 	956
f 1005 	1073 	1004
f 1013 	1010 	1141
f 1005 	374 	1073
f 745 	1176 	1003
f 1006 	713 	1011
f 985 	1014 	1003
f 1016 	988 	586
f 1011 	1017 	1006
f 586 	986 	1016
f 962 	963 	1073
f 963 	983 	1073
f 1073 	983 	925
f 1012 	978 	1015
f 1016 	586 	1439
f 1147 	1084 	1439
f 987 	978 	1012
f 965 	1073 	992
f 1073 	965 	962
f 1017 	1018 	510
f 1056 	999 	997
f 1003 	1014 	926
f 1073 	926 	1014
f 1004 	1073 	1014
f 1017 	510 	532
f 825 	882 	1012
f 882 	804 	987
f 987 	804 	652
f 1020 	1021 	820
f 1021 	834 	820
f 1567 	1007 	1001
f 1012 	882 	987
f 1019 	977 	1057
f 955 	956 	1062
f 954 	955 	1062
f 1017 	1011 	1059
f 1025 	1026 	1019
f 1057 	1027 	1019
f 954 	1062 	960
f 960 	1062 	1023
f 1055 	997 	1022
f 1025 	1019 	1028
f 995 	923 	37
f 1018 	1017 	1058
f 991 	37 	993
f 947 	1054 	1022
f 1054 	1055 	1022
f 820 	995 	51
f 820 	51 	1020
f 51 	995 	37
f 1028 	1019 	1027
f 1022 	997 	1015
f 991 	51 	37
f 1033 	1092 	1031
f 928 	1029 	871
f 959 	947 	1032
f 1009 	854 	871
f 871 	1029 	1009
f 1022 	1015 	1032
f 947 	1022 	1032
f 510 	1018 	1024
f 49 	1029 	265
f 37 	306 	993
f 959 	1032 	932
f 1071 	265 	1029
f 1034 	1035 	979
f 932 	1032 	1015
f 174 	54 	161
f 1016 	1084 	1440
f 1016 	1440 	586
f 1439 	1440 	1147
f 118 	125 	396
f 1026 	1025 	1028
f 1027 	1044 	1028
f 1026 	1028 	1044
f 162 	161 	306
f 37 	162 	306
f 1037 	1199 	1042
f 1046 	1047 	1030
f 1043 	1030 	1047
f 37 	1228 	1173
f 1027 	1057 	1048
f 1049 	1030 	976
f 1463 	1305 	1030
f 1046 	1030 	1049
f 1047 	1046 	1039
f 1048 	14 	1050
f 992 	1040 	1051
f 962 	911 	965
f 37 	1173 	162
f 1050 	1044 	1048
f 1027 	1048 	1044
f 1058 	1035 	1034
f 51 	1228 	37
f 1035 	1059 	996
f 1049 	1039 	1046
f 1051 	924 	992
f 306 	293 	993
f 14 	5 	1050
f 1049 	973 	1046
f 963 	962 	466
f 1051 	466 	992
f 1026 	1044 	1052
f 1050 	1052 	1044
f 1037 	1061 	1034
f 1039 	1049 	976
f 976 	975 	1039
f 975 	1305 	1039
f 212 	64 	902
f 1058 	1059 	1035
f 1057 	977 	1053
f 1046 	1062 	1049
f 997 	1055 	1056
f 1079 	1043 	1039
f 1079 	1031 	1043
f 1047 	1039 	1043
f 1036 	1041 	1055
f 107 	733 	961
f 1057 	14 	1048
f 1036 	1055 	1054
f 836 	835 	1060
f 1058 	1017 	1059
f 1041 	1045 	1056
f 991 	1060 	835
f 1058 	1061 	1018
f 1041 	1056 	1055
f 393 	114 	440
f 1056 	1045 	1082
f 974 	1024 	1036
f 1024 	1018 	1061
f 365 	1024 	974
f 1043 	1031 	1117
f 1033 	1117 	1031
f 365 	510 	1024
f 940 	396 	125
f 1064 	1065 	1040
f 396 	937 	1063
f 948 	1063 	937
f 1058 	1034 	1061
f 1041 	1036 	1066
f 1040 	1065 	1051
f 115 	227 	125
f 396 	940 	937
f 1024 	1066 	1036
f 444 	250 	260
f 1042 	1041 	1066
f 941 	942 	1222
f 1045 	1041 	1042
f 1064 	1107 	1038
f 1065 	1064 	1038
f 1065 	1038 	1051
f 940 	1222 	942
f 1066 	1061 	1037
f 1047 	1062 	1046
f 212 	902 	181
f 1066 	1037 	1042
f 585 	578 	1060
f 1047 	1043 	1062
f 1117 	1062 	1043
f 399 	400 	1127
f 1064 	123 	1065
f 1051 	1065 	123
f 1061 	1066 	1024
f 1049 	1062 	976
f 1069 	916 	1067
f 992 	1073 	1051
f 1069 	918 	916
f 728 	1068 	656
f 951 	950 	919
f 950 	967 	919
f 960 	953 	919
f 916 	1220 	1067
f 834 	1021 	838
f 1070 	741 	726
f 1070 	1068 	728
f 960 	919 	967
f 958 	919 	953
f 1020 	838 	1021
f 1072 	953 	958
f 1029 	928 	1071
f 1070 	728 	741
f 992 	466 	965
f 466 	985 	963
f 838 	1020 	51
f 960 	953 	970
f 1072 	970 	953
f 1069 	1071 	918
f 1065 	1073 	1064
f 928 	918 	1071
f 967 	1023 	950
f 1065 	1051 	1073
f 222 	225 	1067
f 835 	834 	991
f 1021 	991 	834
f 225 	1069 	1067
f 1222 	1081 	941
f 943 	941 	1081
f 1021 	1020 	991
f 51 	991 	1020
f 376 	453 	1073
f 54 	1074 	1075
f 1070 	726 	776
f 1074 	54 	269
f 1071 	1069 	265
f 452 	1076 	455
f 174 	269 	54
f 960 	1023 	967
f 951 	950 	1023
f 1077 	1078 	1076
f 776 	1136 	1070
f 1139 	1010 	1140
f 1074 	269 	251
f 776 	1088 	1136
f 1010 	1139 	1141
f 656 	1068 	869
f 1045 	1042 	1199
f 869 	1068 	1188
f 1084 	988 	1016
f 1016 	986 	1084
f 865 	1075 	1085
f 1016 	1439 	1084
f 242 	966 	1080
f 1081 	1080 	966
f 1086 	1098 	1091
f 1147 	1440 	1084
f 1091 	1087 	1086
f 1047 	1046 	123
f 943 	1081 	966
f 1086 	581 	1098
f 1082 	1045 	1199
f 1083 	242 	1080
f 948 	952 	1063
f 1089 	1082 	1186
f 966 	242 	1063
f 1089 	1091 	1090
f 865 	54 	1075
f 1030 	1043 	1092
f 1084 	986 	988
f 671 	1090 	1091
f 1097 	968 	1095
f 1096 	971 	1101
f 968 	1102 	972
f 93 	1040 	331
f 1090 	1099 	1109
f 971 	1096 	1100
f 1089 	1090 	1109
f 799 	1470 	798
f 1092 	1040 	93
f 178 	291 	1100
f 671 	1099 	1090
f 1095 	1470 	1097
f 1102 	1097 	799
f 758 	760 	972
f 1043 	1031 	1092
f 1104 	1092 	1033
f 1099 	747 	1106
f 1145 	1159 	1100
f 1064 	1040 	1107
f 1092 	1107 	1040
f 1107 	1092 	1108
f 1104 	1108 	1092
f 1099 	1106 	1109
f 48 	1105 	1103
f 1108 	1038 	1107
f 1099 	725 	747
f 1088 	776 	841
f 1107 	123 	1064
f 1088 	841 	895
f 999 	1056 	1111
f 1076 	1110 	1077
f 1108 	123 	1107
f 1106 	999 	1109
f 895 	580 	1086
f 1087 	895 	1086
f 1110 	734 	735
f 1110 	735 	1077
f 1109 	999 	1111
f 1079 	1038 	1108
f 1033 	1079 	1104
f 1031 	1079 	1033
f 1108 	1104 	1079
f 825 	1012 	1106
f 922 	1101 	971
f 1031 	1043 	123
f 1012 	999 	1106
f 1033 	123 	1104
f 1108 	1104 	123
f 38 	1112 	1113
f 922 	949 	1101
f 1111 	1056 	1082
f 123 	466 	1051
f 1258 	1115 	1096
f 1116 	1096 	1115
f 1114 	1096 	1116
f 203 	1181 	1349
f 734 	1110 	452
f 1111 	1082 	1089
f 1118 	1120 	1096
f 1118 	1096 	1114
f 973 	1317 	171
f 177 	973 	171
f 1110 	1076 	452
f 883 	38 	1113
f 1111 	1089 	1109
f 1121 	1122 	1096
f 452 	128 	734
f 1104 	1117 	1033
f 541 	637 	1078
f 1119 	1093 	1094
f 1107 	1064 	1073
f 1104 	1108 	1117
f 1108 	1107 	1117
f 1117 	1107 	1073
f 784 	1531 	783
f 1121 	1096 	1120
f 541 	1078 	1077
f 1100 	1096 	1122
f 1073 	443 	1117
f 177 	201 	1349
f 730 	1151 	1123
f 1121 	1093 	1122
f 1119 	1122 	1093
f 1093 	1121 	1120
f 1349 	973 	177
f 799 	758 	1102
f 896 	731 	1123
f 398 	1125 	1152
f 1124 	1152 	1125
f 1122 	1121 	1126
f 1126 	1121 	1120
f 177 	994 	201
f 398 	1127 	1125
f 731 	730 	1123
f 1076 	638 	455
f 1100 	1122 	1129
f 142 	994 	143
f 1129 	1131 	1100
f 1152 	1124 	1130
f 1131 	1129 	1119
f 1122 	1119 	1129
f 367 	164 	1132
f 1126 	991 	1122
f 1125 	1162 	1124
f 1127 	1162 	1125
f 1131 	1129 	991
f 1129 	1122 	991
f 1088 	895 	1087
f 1091 	1098 	671
f 1122 	1228 	1121
f 1228 	1122 	1129
f 123 	973 	1179
f 1131 	1228 	1129
f 671 	1098 	486
f 1128 	319 	1127
f 1128 	1130 	319
f 319 	318 	1127
f 1163 	319 	1130
f 1130 	1124 	1163
f 1134 	175 	1146
f 1124 	1162 	1163
f 1138 	1023 	1062
f 172 	175 	1134
f 172 	1134 	1133
f 1247 	1137 	692
f 1094 	255 	1119
f 1249 	1189 	1247
f 1134 	881 	878
f 1143 	1182 	1142
f 1135 	1087 	1142
f 37 	162 	54
f 1174 	1139 	1140
f 321 	320 	1140
f 1141 	1175 	1140
f 1141 	1139 	1175
f 1133 	1134 	876
f 1145 	1100 	1144
f 1131 	1144 	1100
f 1033 	1031 	123
f 1174 	1175 	1139
f 797 	796 	1482
f 1047 	123 	1043
f 182 	178 	1100
f 1138 	1062 	1148
f 681 	683 	1482
f 1318 	1149 	560
f 1150 	202 	1100
f 182 	1100 	202
f 1119 	1144 	1131
f 319 	1163 	1174
f 1144 	1131 	991
f 951 	1138 	1148
f 560 	564 	1318
f 1228 	1131 	1144
f 1023 	1138 	951
f 1119 	1145 	1144
f 1185 	896 	1123
f 1185 	894 	896
f 1145 	1144 	991
f 993 	1159 	991
f 598 	1153 	1154
f 730 	746 	1151
f 398 	1153 	598
f 1156 	950 	1155
f 950 	951 	1155
f 1148 	1155 	951
f 1144 	1145 	1228
f 1145 	1159 	1228
f 1158 	598 	1154
f 1203 	451 	1156
f 1155 	1203 	1156
f 1161 	1151 	746
f 1156 	967 	950
f 1130 	1128 	1157
f 1157 	1128 	400
f 967 	1156 	960
f 202 	1150 	293
f 1157 	400 	1158
f 1160 	1100 	1159
f 816 	819 	1424
f 1150 	1100 	1160
f 1151 	1161 	1184
f 957 	919 	958
f 1145 	1119 	1159
f 1154 	1153 	1158
f 1145 	991 	1159
f 1161 	740 	634
f 1158 	1153 	1152
f 1158 	1152 	1157
f 1157 	1152 	1130
f 1173 	1228 	1159
f 1164 	1165 	1166
f 139 	152 	1349
f 1167 	1168 	1164
f 1119 	1150 	1160
f 1119 	1160 	1159
f 993 	1160 	1159
f 746 	740 	1161
f 1169 	1171 	1289
f 293 	1150 	993
f 1160 	993 	1150
f 1134 	1146 	881
f 1186 	1143 	1142
f 1075 	1074 	1094
f 479 	151 	1172
f 255 	1094 	251
f 158 	159 	1172
f 1074 	251 	1094
f 1166 	1167 	1164
f 243 	249 	901
f 321 	1140 	1175
f 192 	200 	1180
f 204 	994 	142
f 174 	161 	1173
f 1113 	1251 	883
f 1176 	745 	1177
f 1179 	954 	970
f 139 	1349 	137
f 1181 	137 	1349
f 1251 	1180 	883
f 1173 	1159 	1160
f 122 	912 	121
f 1162 	1168 	1163
f 1014 	1003 	1176
f 1172 	143 	994
f 1168 	1178 	1164
f 1150 	202 	1173
f 202 	182 	1173
f 1160 	1150 	1173
f 1180 	200 	172
f 1168 	1162 	1178
f 1180 	172 	1133
f 1178 	1165 	1164
f 1180 	876 	883
f 1177 	750 	1194
f 1186 	1170 	1143
f 203 	204 	1181
f 1181 	1179 	137
f 1115 	1278 	1116
f 1005 	1004 	1176
f 1014 	1176 	1004
f 1116 	1278 	1126
f 203 	201 	1179
f 1181 	203 	1179
f 1233 	1115 	1116
f 1181 	137 	397
f 1135 	1142 	1182
f 1181 	397 	203
f 1062 	1117 	1148
f 1118 	1114 	1093
f 1082 	1199 	1170
f 1180 	1133 	876
f 1118 	1093 	1120
f 1072 	1179 	970
f 1082 	1170 	1186
f 1076 	1171 	638
f 137 	1179 	139
f 1171 	1169 	638
f 1091 	1089 	1186
f 1186 	1087 	1091
f 1072 	476 	236
f 1186 	1142 	1087
f 236 	139 	1179
f 1146 	367 	1132
f 1116 	1093 	1114
f 1068 	1070 	1136
f 1132 	872 	881
f 1123 	1151 	1183
f 1136 	1135 	1188
f 236 	1179 	1072
f 1132 	881 	1146
f 1182 	1188 	1135
f 1185 	1123 	1183
f 1175 	1166 	1165
f 1166 	1174 	1167
f 1182 	1193 	979
f 1175 	1174 	1166
f 1226 	1137 	1189
f 1116 	1126 	1114
f 1151 	1184 	1183
f 1137 	1247 	1189
f 1136 	1188 	1068
f 1114 	1126 	1118
f 1120 	1118 	1126
f 1136 	1088 	1135
f 1063 	1191 	396
f 1135 	1088 	1087
f 27 	164 	861
f 1224 	951 	1190
f 951 	919 	1190
f 1468 	885 	1627
f 979 	1188 	1182
f 1079 	1039 	1192
f 865 	51 	54
f 164 	27 	1132
f 1174 	1163 	1167
f 1194 	1079 	1192
f 1193 	1034 	979
f 1163 	1168 	1167
f 1079 	1194 	1038
f 979 	869 	1188
f 634 	641 	1161
f 451 	429 	960
f 960 	1156 	451
f 641 	1184 	1161
f 1143 	1197 	1193
f 1034 	1193 	1197
f 953 	1195 	958
f 865 	838 	51
f 1037 	1034 	1197
f 1193 	1182 	1143
f 428 	1198 	451
f 750 	906 	1194
f 1198 	428 	1204
f 1259 	949 	489
f 1063 	401 	1191
f 1038 	1194 	906
f 428 	427 	1204
f 1200 	1201 	633
f 1060 	1126 	1278
f 1199 	1197 	1170
f 1143 	1170 	1197
f 1117 	443 	1148
f 1200 	639 	1201
f 639 	633 	1201
f 1197 	1199 	1037
f 1198 	443 	428
f 1203 	443 	1198
f 482 	625 	1149
f 921 	430 	429
f 1198 	1203 	451
f 484 	587 	482
f 1203 	1198 	1204
f 428 	236 	1198
f 1203 	1198 	236
f 1208 	1209 	1210
f 1211 	1212 	1210
f 1208 	1210 	1212
f 1204 	433 	655
f 1176 	1177 	653
f 110 	244 	900
f 921 	451 	1204
f 429 	451 	921
f 449 	1 	130
f 1203 	1204 	451
f 1222 	125 	227
f 451 	1203 	236
f 1 	1219 	130
f 1191 	1215 	396
f 260 	248 	1216
f 991 	1126 	1060
f 940 	125 	1222
f 919 	1204 	1190
f 1218 	571 	1217
f 921 	1204 	919
f 1085 	1093 	1275
f 1155 	1148 	443
f 1215 	279 	1216
f 1191 	279 	1215
f 17 	1219 	1
f 1195 	953 	429
f 953 	960 	429
f 443 	1203 	1155
f 1219 	299 	130
f 1085 	1075 	1093
f 1081 	1222 	1080
f 1080 	1222 	226
f 227 	226 	1222
f 1218 	1220 	916
f 1218 	1217 	1220
f 1224 	1190 	1204
f 1217 	1221 	1220
f 1075 	1094 	1093
f 234 	1083 	228
f 1238 	1236 	1223
f 1080 	226 	1083
f 228 	1083 	226
f 1223 	1235 	1234
f 1191 	401 	279
f 1218 	914 	571
f 1206 	1209 	1207
f 1210 	1209 	1206
f 1083 	234 	242
f 1214 	1212 	1211
f 1063 	242 	401
f 1208 	1212 	1213
f 1214 	1213 	1212
f 1213 	1207 	1208
f 1207 	1209 	1208
f 1229 	1227 	1484
f 1189 	1336 	1226
f 574 	701 	1217
f 1227 	1479 	1484
f 1224 	1204 	1225
f 552 	977 	569
f 1226 	1217 	701
f 1650 	574 	1217
f 701 	1137 	1226
f 897 	1228 	51
f 701 	692 	1137
f 1204 	1644 	1225
f 1234 	1235 	1236
f 914 	1218 	916
f 897 	1233 	1228
f 51 	1020 	897
f 1020 	1021 	897
f 834 	897 	1021
f 1238 	1240 	1236
f 1237 	129 	1242
f 1233 	1116 	1114
f 1240 	1234 	1236
f 1226 	1221 	1217
f 1235 	1244 	1236
f 1105 	571 	322
f 1231 	1230 	1243
f 1230 	1241 	1243
f 1237 	1232 	129
f 1233 	1114 	1118
f 1233 	1118 	1120
f 1121 	1228 	1120
f 1233 	1120 	1228
f 322 	1239 	1105
f 1105 	1239 	1103
f 951 	1224 	950
f 1240 	1238 	1234
f 1238 	1223 	1234
f 1237 	1242 	1268
f 57 	542 	1219
f 1219 	17 	57
f 1237 	1260 	1232
f 105 	1250 	106
f 897 	610 	1233
f 1248 	356 	192
f 1253 	1254 	1256
f 1246 	1256 	1254
f 1252 	1255 	1250
f 1252 	1250 	105
f 1251 	1248 	192
f 106 	1250 	83
f 1255 	1272 	1250
f 1251 	1113 	1112
f 1256 	1246 	6
f 1258 	1101 	1259
f 1254 	1253 	9
f 1251 	1112 	1248
f 949 	1259 	1101
f 1252 	105 	100
f 1261 	1232 	1260
f 1262 	1246 	1254
f 1277 	1227 	1260
f 1251 	192 	1180
f 423 	1252 	100
f 1227 	1229 	1261
f 356 	1248 	1239
f 1101 	1258 	1096
f 1249 	1257 	1377
f 1229 	1205 	1261
f 1263 	6 	1246
f 1398 	1407 	814
f 1239 	1248 	1112
f 1227 	1261 	1260
f 1112 	1103 	1239
f 1264 	1115 	1258
f 1254 	9 	6
f 1254 	6 	1263
f 1257 	1249 	1247
f 1254 	1263 	1262
f 1229 	1202 	1205
f 1266 	1265 	1271
f 1267 	487 	1526
f 1267 	1526 	1479
f 1271 	1632 	1266
f 1225 	1444 	1224
f 1227 	1267 	1479
f 1245 	1257 	708
f 1262 	1522 	1254
f 52 	853 	1265
f 1287 	956 	1224
f 1265 	1266 	53
f 1169 	1245 	708
f 1268 	1242 	1269
f 494 	493 	1268
f 1271 	1265 	1270
f 1268 	1269 	494
f 1169 	1289 	1288
f 423 	100 	28
f 1076 	1078 	1171
f 28 	404 	423
f 494 	1269 	283
f 1078 	1289 	1171
f 502 	1277 	493
f 28 	83 	1272
f 1224 	1444 	1287
f 28 	1272 	404
f 1264 	1258 	1274
f 1264 	1275 	1115
f 1116 	1115 	1275
f 83 	1250 	1272
f 257 	1269 	1242
f 1274 	1275 	1264
f 1268 	1277 	1237
f 1260 	1237 	1277
f 1268 	493 	1277
f 1274 	1278 	1264
f 1264 	1278 	1115
f 1271 	1270 	455
f 502 	487 	1267
f 1270 	452 	455
f 299 	1219 	542
f 1273 	1334 	1276
f 1265 	863 	1270
f 864 	134 	1270
f 865 	921 	919
f 847 	480 	848
f 853 	866 	1265
f 452 	1270 	134
f 1279 	1223 	1236
f 1280 	1274 	1258
f 1236 	412 	1279
f 1236 	1244 	412
f 1274 	1280 	1278
f 1115 	1233 	1264
f 1274 	1264 	1280
f 1233 	910 	1264
f 1116 	1275 	1093
f 1053 	977 	554
f 1282 	1223 	1279
f 1282 	1244 	1223
f 1258 	1259 	488
f 1267 	1277 	502
f 1285 	1283 	1290
f 1285 	1290 	1284
f 1267 	1227 	1277
f 1284 	1514 	1286
f 489 	488 	1259
f 248 	246 	915
f 1172 	994 	519
f 804 	886 	496
f 1468 	496 	886
f 910 	1280 	1258
f 1508 	1503 	391
f 1274 	1280 	1275
f 910 	1275 	1280
f 1508 	391 	392
f 910 	888 	1278
f 1280 	910 	1278
f 392 	1516 	1508
f 1317 	973 	1545
f 609 	1060 	1278
f 1362 	1282 	1279
f 1291 	1292 	1283
f 1290 	1283 	1292
f 1271 	460 	1632
f 1294 	1297 	1282
f 1362 	1294 	1282
f 455 	460 	1271
f 1287 	1292 	1291
f 1266 	1632 	738
f 738 	1295 	233
f 910 	1233 	888
f 1280 	1264 	910
f 1295 	839 	233
f 748 	72 	538
f 1297 	412 	1244
f 1290 	1292 	1555
f 1287 	1555 	1292
f 223 	774 	748
f 774 	223 	778
f 1292 	1502 	1290
f 1293 	1290 	1502
f 538 	223 	748
f 778 	1631 	513
f 1576 	1062 	1292
f 1292 	1290 	1576
f 778 	223 	1631
f 569 	1318 	564
f 1469 	654 	658
f 1298 	752 	1586
f 950 	1224 	967
f 954 	967 	1224
f 1299 	778 	513
f 1299 	513 	514
f 625 	482 	587
f 1057 	1586 	14
f 1299 	514 	624
f 956 	955 	1224
f 955 	954 	1224
f 14 	1586 	712
f 1244 	1282 	1297
f 1235 	1223 	1244
f 640 	1357 	1288
f 627 	1299 	624
f 87 	1463 	1030
f 606 	778 	1299
f 643 	1288 	1289
f 1469 	752 	1298
f 627 	606 	1299
f 643 	640 	1288
f 637 	643 	1289
f 1298 	1513 	752
f 1078 	637 	1289
f 658 	717 	1469
f 641 	514 	533
f 87 	1464 	1463
f 1301 	1319 	791
f 681 	683 	505
f 1319 	545 	575
f 5 	1319 	1052
f 855 	1302 	1303
f 935 	1375 	939
f 791 	1391 	1301
f 975 	1030 	1305
f 976 	1030 	975
f 1301 	791 	1393
f 1300 	424 	699
f 788 	723 	1391
f 1305 	1463 	1307
f 1454 	573 	654
f 1308 	1255 	1252
f 1309 	1308 	1300
f 1252 	1300 	1308
f 1307 	1039 	1305
f 1367 	1303 	19
f 1305 	973 	975
f 1304 	1336 	1189
f 1312 	1296 	1311
f 1310 	1311 	1296
f 1049 	976 	973
f 973 	1305 	1307
f 728 	656 	1304
f 1302 	853 	52
f 656 	721 	1304
f 976 	1062 	975
f 721 	1336 	1304
f 1393 	672 	680
f 791 	1420 	788
f 1494 	935 	651
f 753 	1574 	752
f 551 	977 	552
f 1307 	1306 	973
f 1502 	973 	1306
f 1306 	1570 	1502
f 695 	704 	1425
f 1053 	980 	1494
f 1308 	1380 	1255
f 1309 	1380 	1308
f 1322 	1309 	1300
f 569 	977 	1318
f 812 	1531 	815
f 977 	1019 	1318
f 1322 	1380 	1309
f 1318 	1019 	1319
f 1314 	1335 	1316
f 1651 	1524 	1315
f 534 	651 	587
f 819 	810 	1401
f 535 	846 	617
f 1322 	1320 	1324
f 1323 	1324 	1320
f 1401 	1404 	819
f 1323 	1325 	1324
f 496 	495 	804
f 1424 	1426 	816
f 816 	1426 	1399
f 535 	484 	846
f 1325 	1380 	1324
f 1311 	1326 	1312
f 114 	909 	115
f 1329 	1323 	1327
f 1331 	1220 	1221
f 881 	1313 	1321
f 42 	1332 	858
f 338 	335 	1314
f 3 	1653 	1321
f 1332 	44 	858
f 42 	44 	1332
f 1321 	1313 	3
f 1328 	1314 	335
f 1296 	1316 	1335
f 245 	119 	913
f 1331 	1221 	1333
f 118 	913 	119
f 1221 	1226 	1333
f 1336 	1333 	1226
f 245 	913 	915
f 247 	248 	915
f 1335 	1314 	1328
f 1374 	1375 	1276
f 913 	118 	909
f 125 	909 	118
f 1374 	1276 	1371
f 1220 	1331 	1067
f 1338 	1339 	1340
f 909 	125 	115
f 1340 	1339 	1342
f 1338 	1343 	1339
f 1339 	1345 	1346
f 1339 	1346 	1319
f 1339 	1343 	1345
f 161 	162 	1386
f 1333 	711 	1331
f 87 	1317 	1464
f 222 	1067 	1331
f 222 	1331 	711
f 1344 	1347 	1639
f 713 	711 	1333
f 994 	169 	820
f 1333 	1336 	713
f 713 	1336 	721
f 1320 	1327 	1323
f 1350 	1351 	1323
f 1348 	1344 	1645
f 1351 	1325 	1323
f 1545 	973 	1349
f 1641 	1347 	1344
f 1350 	1379 	1351
f 1344 	1347 	1646
f 1245 	1169 	1288
f 1339 	1319 	1354
f 1339 	1354 	1355
f 1339 	1355 	1356
f 1341 	1344 	1348
f 1245 	1288 	1357
f 1329 	1353 	1350
f 1329 	1350 	1323
f 1342 	1339 	1358
f 117 	912 	116
f 1343 	1187 	1345
f 1320 	1300 	699
f 161 	1386 	174
f 1342 	1451 	1340
f 1320 	1322 	1300
f 1340 	1342 	1338
f 1291 	1283 	1360
f 1283 	957 	1360
f 1002 	1360 	957
f 1324 	1380 	1322
f 173 	1386 	176
f 820 	519 	994
f 917 	1378 	923
f 1346 	1345 	1363
f 699 	702 	1320
f 1320 	1361 	1327
f 1360 	1002 	1287
f 956 	1287 	1002
f 1362 	1279 	659
f 1343 	1358 	1345
f 1338 	1358 	1343
f 1342 	1358 	1338
f 1358 	1427 	1345
f 1002 	956 	973
f 1360 	1002 	973
f 1318 	1364 	1365
f 1366 	1318 	1365
f 1002 	1360 	1062
f 851 	1303 	1367
f 1360 	1287 	1291
f 1319 	1346 	1368
f 1319 	1368 	1318
f 1368 	1364 	1318
f 1371 	1372 	1373
f 1365 	1368 	1366
f 71 	1211 	273
f 659 	1408 	1362
f 8 	27 	1367
f 1376 	412 	1294
f 8 	1367 	19
f 1373 	1374 	1371
f 1313 	27 	8
f 1364 	1368 	1365
f 1346 	1366 	1368
f 1294 	1362 	1376
f 1291 	973 	1292
f 1291 	1360 	973
f 251 	269 	1443
f 1376 	1396 	412
f 1364 	1337 	1365
f 1363 	1368 	1346
f 1360 	1291 	1062
f 1291 	1292 	1062
f 1305 	975 	1062
f 1304 	1249 	1359
f 1304 	1189 	1249
f 1576 	1307 	1062
f 1306 	1307 	1576
f 1305 	1062 	1307
f 1357 	1377 	1257
f 347 	1178 	318
f 80 	1213 	75
f 1378 	917 	285
f 1608 	1629 	1375
f 273 	1211 	1210
f 957 	1283 	919
f 919 	1283 	1285
f 919 	1285 	1284
f 1213 	80 	386
f 1257 	1245 	1357
f 957 	1283 	1072
f 404 	1380 	1379
f 1249 	1377 	1359
f 1286 	585 	1284
f 1396 	1361 	702
f 1285 	1284 	1286
f 1072 	1283 	1286
f 1285 	1286 	1283
f 404 	1379 	659
f 1304 	1359 	728
f 558 	559 	1492
f 958 	957 	1072
f 741 	1377 	1357
f 726 	741 	1357
f 404 	1272 	1380
f 111 	110 	900
f 741 	1359 	1377
f 173 	174 	1386
f 154 	1381 	153
f 1349 	153 	1381
f 1353 	1408 	1350
f 1543 	786 	1542
f 476 	523 	1381
f 1381 	523 	1286
f 342 	310 	1386
f 310 	294 	1386
f 1363 	1337 	1364
f 1363 	1364 	1368
f 1386 	37 	923
f 154 	144 	1381
f 1351 	1379 	1325
f 1380 	1325 	1379
f 1378 	1386 	923
f 1272 	1255 	1380
f 1172 	519 	591
f 1371 	1369 	1372
f 1365 	1366 	1382
f 1334 	1273 	1369
f 1412 	548 	541
f 1369 	1371 	1334
f 1276 	1334 	1371
f 1383 	1412 	541
f 1165 	1178 	348
f 1384 	1374 	1373
f 1384 	1373 	1372
f 1369 	1273 	1565
f 1383 	541 	1077
f 348 	353 	1165
f 735 	1383 	1077
f 1340 	1574 	1342
f 306 	1445 	293
f 1388 	107 	436
f 1374 	1384 	1569
f 1382 	1338 	1343
f 436 	1413 	1388
f 1569 	1568 	1374
f 523 	521 	1286
f 1387 	341 	1386
f 342 	1386 	341
f 1364 	1365 	1382
f 733 	107 	736
f 1385 	1489 	1616
f 476 	1072 	523
f 1286 	523 	1072
f 1345 	1346 	1368
f 1162 	1127 	318
f 1343 	1345 	1382
f 1345 	1368 	1382
f 1364 	1382 	1368
f 1387 	1386 	1390
f 1386 	1421 	1390
f 1389 	1390 	1421
f 107 	1388 	736
f 1355 	1391 	1356
f 1388 	735 	736
f 1363 	1356 	1355
f 957 	958 	1195
f 1283 	957 	1195
f 1388 	1383 	735
f 1390 	269 	1387
f 1356 	1423 	1301
f 292 	278 	1392
f 1391 	1355 	1354
f 1387 	1390 	306
f 1445 	306 	1390
f 341 	379 	1387
f 312 	193 	1395
f 1355 	1354 	1393
f 1355 	1393 	1363
f 1387 	379 	1390
f 760 	1395 	193
f 1394 	1396 	1376
f 312 	1395 	1456
f 1389 	1443 	1390
f 1455 	1443 	1389
f 1459 	1456 	1395
f 760 	814 	1395
f 1459 	1395 	814
f 1394 	1408 	1353
f 779 	714 	1403
f 575 	706 	1319
f 1402 	1319 	1301
f 1394 	1376 	1408
f 1376 	1362 	1408
f 1406 	1484 	1397
f 1416 	819 	1405
f 1405 	819 	1404
f 1394 	1353 	1396
f 1353 	1329 	1396
f 1327 	1396 	1329
f 1229 	1484 	1406
f 1459 	814 	1407
f 1406 	1202 	1229
f 405 	545 	1409
f 338 	1202 	1406
f 798 	113 	112
f 1174 	1140 	320
f 113 	798 	1411
f 1361 	1396 	1327
f 1413 	1383 	1388
f 1402 	1391 	1354
f 1281 	1577 	1578
f 1379 	1408 	659
f 1413 	1412 	1383
f 1402 	1393 	1354
f 1352 	1414 	1370
f 1354 	1355 	1402
f 1379 	1350 	1408
f 346 	348 	1178
f 560 	564 	1492
f 1400 	1399 	1414
f 1399 	1370 	1414
f 1337 	1363 	1393
f 1174 	320 	319
f 1579 	1577 	1281
f 1426 	1370 	1399
f 353 	1175 	1165
f 1579 	1281 	1581
f 129 	1232 	1404
f 1405 	1404 	1232
f 1175 	353 	321
f 1578 	1581 	1281
f 1286 	1284 	523
f 370 	1415 	1601
f 1369 	1566 	1372
f 909 	114 	912
f 1420 	1339 	1419
f 1419 	1339 	1423
f 1356 	1423 	1339
f 1420 	1425 	1339
f 117 	121 	912
f 1425 	1427 	1358
f 1425 	1358 	1339
f 1085 	476 	921
f 1342 	1358 	1451
f 1427 	1451 	1358
f 915 	901 	249
f 1363 	1345 	1427
f 19 	860 	1429
f 1356 	1391 	1423
f 1423 	1356 	1363
f 1430 	14 	410
f 912 	122 	900
f 1405 	1232 	1416
f 1416 	1232 	1370
f 1423 	1419 	1301
f 1420 	1419 	1454
f 1423 	1454 	1419
f 1421 	14 	1431
f 1421 	1431 	1432
f 875 	1429 	898
f 1420 	1454 	1425
f 1409 	545 	5
f 1540 	548 	1412
f 1425 	1420 	1419
f 74 	1214 	71
f 5 	1422 	1409
f 1425 	1423 	1427
f 1419 	1423 	1425
f 1363 	1427 	1423
f 1370 	1426 	1424
f 1416 	1370 	1424
f 1429 	860 	898
f 1421 	1432 	1437
f 1437 	1455 	1421
f 1207 	386 	1206
f 573 	1454 	1391
f 860 	20 	898
f 706 	705 	1391
f 129 	1404 	1401
f 129 	1401 	112
f 1354 	1319 	1402
f 1378 	285 	1422
f 113 	1411 	163
f 1378 	1422 	1386
f 1441 	1442 	1597
f 1439 	219 	1440
f 1319 	1019 	1026
f 1026 	1052 	1319
f 1435 	1428 	1436
f 346 	1178 	347
f 1261 	1205 	1370
f 1232 	1261 	1370
f 1386 	1422 	1421
f 5 	545 	1319
f 1428 	1415 	1436
f 1301 	1391 	1402
f 1418 	1435 	1433
f 1431 	1443 	1432
f 1428 	1435 	1418
f 1443 	1437 	1432
f 1400 	1414 	1398
f 1402 	1301 	1393
f 1162 	318 	1178
f 1407 	1398 	1414
f 1437 	1432 	1445
f 1432 	1431 	1445
f 1444 	1225 	1441
f 679 	712 	1393
f 163 	1411 	1410
f 285 	1409 	1422
f 1213 	386 	1207
f 1352 	1370 	1205
f 92 	1206 	384
f 791 	1301 	1420
f 92 	86 	1206
f 384 	1206 	386
f 1355 	1356 	1301
f 1419 	1420 	1301
f 1402 	1355 	1301
f 1397 	1447 	1392
f 1384 	1566 	1569
f 1372 	1566 	1384
f 1446 	1436 	1415
f 1397 	1484 	1447
f 1448 	1449 	1450
f 1449 	1595 	1450
f 1449 	1448 	1595
f 370 	1446 	1415
f 1340 	1187 	1338
f 1341 	1636 	1344
f 1344 	1637 	1347
f 1414 	1312 	1407
f 114 	116 	912
f 1389 	1421 	1455
f 111 	900 	122
f 1453 	1639 	1347
f 1202 	338 	1314
f 249 	250 	915
f 1442 	899 	1438
f 1205 	1316 	1352
f 1437 	1443 	1455
f 1316 	1202 	1314
f 1455 	1437 	1445
f 1646 	1645 	1344
f 1202 	1316 	1205
f 1085 	921 	865
f 1347 	1641 	1453
f 1390 	1472 	1389
f 1455 	1432 	1437
f 1213 	1214 	75
f 1646 	1347 	1453
f 410 	662 	1430
f 1431 	1430 	1443
f 1391 	1454 	1423
f 662 	1443 	1430
f 1454 	1451 	1425
f 1427 	1425 	1451
f 410 	672 	1430
f 1211 	71 	1214
f 75 	1214 	74
f 1296 	1352 	1316
f 448 	1443 	662
f 798 	1470 	1467
f 1452 	388 	438
f 1039 	1307 	1438
f 1509 	1254 	1521
f 899 	1039 	1438
f 1254 	1522 	1458
f 1254 	1458 	1521
f 1456 	1471 	1470
f 1479 	1457 	1447
f 388 	1452 	1446
f 1521 	1550 	1509
f 1446 	370 	388
f 1471 	1456 	1460
f 1459 	1460 	1456
f 1411 	798 	1410
f 1296 	1312 	1352
f 1352 	1312 	1414
f 445 	293 	1445
f 1606 	1465 	1466
f 1446 	1452 	1436
f 1459 	1407 	1312
f 1460 	1459 	1312
f 1435 	1436 	1434
f 1410 	1462 	36
f 560 	1492 	559
f 1435 	1434 	1433
f 1467 	1462 	798
f 1542 	789 	1648
f 269 	1390 	1443
f 793 	794 	1543
f 1462 	1410 	798
f 1455 	1445 	1389
f 1390 	1389 	1445
f 1471 	33 	1470
f 1467 	1470 	33
f 1312 	33 	1471
f 33 	36 	1467
f 1471 	1460 	1312
f 1432 	1472 	1431
f 1430 	1431 	1472
f 1433 	1474 	1473
f 793 	1543 	809
f 1462 	1467 	36
f 1434 	1474 	1433
f 30 	31 	1475
f 31 	33 	1475
f 1434 	1476 	1477
f 1480 	1481 	1478
f 1478 	1481 	1450
f 1483 	1448 	1481
f 1312 	1475 	33
f 1450 	1481 	1448
f 1475 	1312 	1326
f 1231 	1486 	1230
f 1486 	1241 	1230
f 1231 	1243 	1486
f 1311 	1310 	1487
f 1311 	1487 	1326
f 1243 	1241 	1486
f 1475 	1326 	1488
f 1434 	1477 	1474
f 30 	1475 	296
f 1476 	438 	439
f 1273 	1490 	1489
f 935 	550 	1489
f 1432 	1389 	1472
f 1455 	1389 	1432
f 439 	1477 	1476
f 1490 	935 	1489
f 1622 	1485 	1492
f 130 	1496 	449
f 1606 	1466 	1463
f 1463 	1466 	1498
f 1463 	1498 	1570
f 1496 	1477 	449
f 1495 	1103 	1499
f 1484 	1479 	1447
f 1500 	1496 	130
f 1491 	1501 	1487
f 1310 	1497 	1487
f 1497 	1491 	1487
f 1306 	1307 	1463
f 1570 	1306 	1463
f 130 	131 	1500
f 1438 	1498 	1466
f 1497 	1310 	1296
f 1630 	1616 	587
f 1465 	1502 	1466
f 1498 	1466 	1502
f 1512 	1505 	1246
f 1474 	1496 	1500
f 1317 	1545 	1464
f 1103 	1112 	1499
f 1510 	1246 	1262
f 1447 	1511 	1392
f 1499 	1112 	38
f 1494 	1513 	1053
f 1447 	1457 	1511
f 40 	1495 	1499
f 1511 	1457 	1461
f 1512 	1246 	1510
f 1461 	1413 	436
f 1507 	777 	1506
f 780 	1504 	777
f 1506 	777 	1504
f 1246 	1505 	1263
f 880 	1499 	38
f 1529 	1586 	1528
f 1461 	436 	1511
f 1262 	1263 	1510
f 46 	533 	48
f 1254 	1509 	1262
f 1510 	1262 	1509
f 1517 	1510 	1509
f 292 	1392 	1511
f 1495 	46 	48
f 1519 	1263 	1505
f 1503 	1508 	1518
f 1508 	1516 	1518
f 1495 	48 	1103
f 1457 	1523 	1520
f 1482 	1550 	1521
f 1263 	1519 	1510
f 1477 	1496 	1474
f 1523 	567 	603
f 1458 	797 	1521
f 1505 	1512 	1519
f 872 	27 	1313
f 1512 	1510 	1519
f 1523 	603 	1520
f 804 	777 	1507
f 1510 	1522 	1262
f 876 	878 	1524
f 1458 	1522 	1525
f 1525 	1522 	1517
f 1510 	1517 	1522
f 1500 	1473 	1474
f 1315 	878 	881
f 1457 	1520 	1461
f 1385 	1273 	1489
f 1524 	878 	1315
f 1452 	438 	1476
f 1335 	1497 	1296
f 1651 	877 	1524
f 1497 	1335 	1527
f 1490 	1276 	1375
f 1517 	1550 	1525
f 1490 	1273 	1276
f 1491 	1497 	1518
f 1526 	487 	597
f 1436 	1452 	1476
f 1489 	550 	1616
f 1527 	1518 	1497
f 1375 	935 	1490
f 1518 	1493 	1491
f 1526 	1457 	1479
f 535 	480 	1515
f 883 	876 	1524
f 1526 	1523 	1457
f 1514 	1556 	1557
f 551 	1629 	552
f 1330 	883 	1524
f 936 	1629 	556
f 567 	1523 	1526
f 1556 	1514 	1293
f 4 	1330 	1524
f 1524 	877 	4
f 1381 	1286 	1514
f 1530 	1611 	1529
f 1313 	881 	872
f 1514 	1532 	1381
f 1335 	1328 	1527
f 1533 	1528 	1494
f 1534 	1535 	1536
f 597 	567 	1526
f 1535 	1537 	1536
f 1328 	1503 	1527
f 1538 	1611 	1530
f 1412 	1413 	1461
f 1330 	38 	883
f 1539 	1533 	1494
f 4 	38 	1330
f 1518 	1527 	1503
f 1537 	1541 	1536
f 1540 	1461 	1520
f 1539 	22 	1529
f 1539 	1529 	1528
f 1539 	1528 	1533
f 1434 	1436 	1476
f 1542 	1534 	1536
f 1518 	1516 	1493
f 1544 	58 	43
f 1536 	1543 	1542
f 1381 	1545 	1349
f 1544 	43 	1546
f 1501 	1549 	1487
f 1530 	1529 	1528
f 1381 	1532 	1545
f 1530 	1529 	1468
f 881 	1321 	1315
f 1326 	1487 	1549
f 1488 	1326 	1549
f 1538 	1530 	1528
f 1539 	22 	1515
f 1533 	1539 	1515
f 1515 	1610 	1533
f 851 	1367 	27
f 1528 	1529 	1574
f 1461 	1540 	1412
f 602 	1540 	1520
f 1547 	1525 	1550
f 1509 	1550 	1517
f 1493 	1516 	1551
f 602 	1520 	603
f 1529 	1530 	1574
f 1574 	1573 	1528
f 1284 	1290 	1514
f 1293 	1514 	1290
f 1538 	1574 	1530
f 936 	939 	1375
f 1551 	420 	394
f 809 	1543 	1550
f 602 	548 	1540
f 1564 	326 	1552
f 552 	1622 	569
f 436 	1554 	292
f 1558 	292 	1554
f 1444 	1555 	1287
f 587 	566 	1630
f 784 	815 	1531
f 1493 	1553 	1491
f 1557 	1465 	1514
f 107 	961 	1554
f 1547 	1537 	1531
f 789 	1542 	787
f 786 	831 	1542
f 804 	1648 	792
f 1531 	1537 	1535
f 1554 	961 	964
f 1559 	321 	1475
f 1560 	321 	1559
f 786 	1543 	794
f 1547 	1550 	1537
f 1558 	1554 	964
f 1550 	1541 	1537
f 1488 	1549 	1475
f 1559 	1475 	1549
f 1561 	1560 	1559
f 1550 	1543 	1541
f 280 	278 	1562
f 1541 	1543 	1536
f 1557 	1556 	1555
f 1556 	1293 	1555
f 1293 	1290 	1555
f 1549 	1501 	1559
f 1553 	1552 	1563
f 1636 	1341 	1504
f 1563 	1552 	1560
f 1645 	1507 	1348
f 1567 	1562 	1007
f 1293 	1502 	1556
f 1557 	1556 	1502
f 1491 	1553 	1563
f 1506 	1504 	1341
f 1348 	1506 	1341
f 1576 	1556 	1557
f 1501 	1491 	1563
f 1561 	1559 	1563
f 1501 	1563 	1559
f 1558 	1562 	278
f 780 	1531 	1504
f 1563 	1560 	1561
f 1636 	1504 	1531
f 1553 	1564 	1552
f 964 	1007 	1558
f 1556 	1576 	1293
f 1290 	1293 	1576
f 780 	783 	1531
f 1589 	1566 	1565
f 1565 	1566 	1369
f 1562 	1558 	1007
f 1564 	1553 	1493
f 297 	316 	1567
f 316 	280 	1567
f 1458 	1547 	797
f 1557 	1555 	1465
f 1567 	24 	297
f 1552 	326 	1560
f 1465 	1557 	1502
f 1482 	1521 	797
f 1493 	1551 	1564
f 1608 	1375 	1568
f 1374 	1568 	1375
f 1567 	1000 	24
f 1551 	394 	1564
f 1525 	1547 	1458
f 1622 	552 	1629
f 1567 	1001 	1000
f 1506 	1348 	1507
f 1516 	392 	419
f 280 	1562 	1567
f 1551 	1516 	419
f 419 	420 	1551
f 1645 	804 	1507
f 301 	24 	1571
f 789 	792 	1648
f 1052 	1050 	5
f 809 	1550 	1482
f 688 	689 	14
f 49 	1571 	1009
f 1430 	1431 	14
f 1547 	812 	797
f 1546 	1548 	1544
f 409 	410 	14
f 689 	677 	14
f 9 	1256 	6
f 1253 	1256 	9
f 679 	680 	14
f 1572 	1548 	1546
f 1307 	1306 	1438
f 1570 	1438 	1306
f 5 	1421 	1422
f 1572 	1433 	1473
f 1498 	1438 	1570
f 5 	14 	1421
f 1533 	1528 	1573
f 1473 	1548 	1572
f 1498 	1502 	1570
f 131 	1575 	1500
f 1571 	24 	1000
f 1466 	1576 	1557
f 1466 	1557 	1465
f 1533 	1573 	1539
f 1466 	1498 	1576
f 1570 	1576 	1498
f 1571 	1000 	1009
f 49 	1009 	1029
f 1575 	131 	133
f 1578 	1577 	1581
f 1338 	1573 	1340
f 1574 	1340 	1573
f 1500 	1575 	1473
f 1580 	1575 	133
f 1358 	1342 	1574
f 1570 	1306 	1576
f 1382 	1573 	1338
f 133 	1582 	1580
f 1580 	1548 	1575
f 1473 	1575 	1548
f 1577 	1579 	1581
f 1582 	1583 	1584
f 1585 	919 	1284
f 1584 	1580 	1582
f 1515 	1513 	1611
f 1587 	1569 	1566
f 1544 	1548 	1580
f 1494 	1528 	1586
f 1585 	1284 	585
f 1580 	1584 	1544
f 62 	1584 	1583
f 1587 	1588 	1569
f 1529 	1594 	1586
f 1480 	1566 	1481
f 1589 	1481 	1566
f 1583 	63 	62
f 1480 	1478 	1566
f 1478 	1590 	1566
f 1587 	1566 	1590
f 1584 	58 	1544
f 1584 	62 	58
f 1590 	1478 	1450
f 1572 	1418 	1433
f 1591 	1593 	1483
f 1448 	1483 	1593
f 1418 	1572 	1417
f 1594 	1529 	1592
f 1590 	1593 	1587
f 1588 	1587 	1593
f 1588 	1593 	1591
f 1417 	1572 	1546
f 1468 	1469 	1611
f 1450 	1595 	1590
f 47 	1417 	1546
f 1595 	1448 	1593
f 47 	1546 	43
f 1593 	1590 	1595
f 1592 	1611 	1513
f 1594 	1592 	1513
f 308 	63 	1583
f 303 	300 	1582
f 1586 	1057 	1494
f 1588 	1589 	1565
f 1568 	1569 	1565
f 133 	303 	1582
f 300 	308 	1583
f 1582 	300 	1583
f 1598 	1599 	1415
f 1588 	1591 	1589
f 1588 	1565 	1569
f 1599 	1601 	1415
f 1057 	1513 	1494
f 1565 	1273 	1603
f 1441 	1597 	1600
f 1298 	1586 	1602
f 1604 	1608 	1565
f 1603 	1273 	1385
f 1600 	1444 	1441
f 1568 	1565 	1608
f 1438 	1596 	1442
f 1596 	1597 	1442
f 1594 	1513 	1602
f 1298 	1602 	1513
f 1602 	1592 	1594
f 1515 	1393 	1513
f 1438 	1620 	1596
f 1492 	1630 	558
f 1600 	1620 	1444
f 710 	712 	1586
f 566 	558 	1630
f 712 	709 	1513
f 1604 	1565 	1603
f 1418 	1598 	1428
f 1598 	1415 	1428
f 1605 	1463 	1464
f 1513 	1057 	1053
f 1606 	1463 	1605
f 1598 	1418 	1417
f 680 	679 	1393
f 1393 	1515 	1337
f 1417 	47 	1598
f 47 	1609 	1598
f 1538 	1610 	1611
f 1603 	1385 	1604
f 1617 	1604 	1385
f 1606 	1605 	1607
f 1468 	1610 	1538
f 1538 	1530 	1468
f 1538 	1528 	1610
f 1528 	1533 	1610
f 1615 	1598 	1609
f 1610 	1298 	1574
f 1538 	1610 	1574
f 1617 	1629 	1604
f 1358 	1574 	1427
f 695 	1427 	1574
f 1608 	1604 	1629
f 1610 	1468 	1611
f 1614 	1601 	1599
f 1515 	1611 	1610
f 1592 	1529 	1611
f 1601 	1612 	370
f 1592 	1611 	1469
f 1594 	1592 	1469
f 370 	1612 	557
f 1602 	1586 	1594
f 1613 	1612 	1614
f 1601 	1614 	1612
f 1589 	1591 	1481
f 1483 	1481 	1591
f 1464 	1607 	1605
f 1617 	1385 	1616
f 1615 	1614 	1598
f 1602 	1594 	1469
f 1602 	1469 	1298
f 1614 	1599 	1598
f 709 	753 	1513
f 1618 	1621 	1619
f 1621 	1618 	1622
f 7 	1613 	1614
f 1620 	1438 	1465
f 1466 	1465 	1438
f 1618 	1623 	1622
f 1619 	1616 	1618
f 752 	1574 	1298
f 1298 	1610 	1611
f 1298 	1611 	1592
f 1298 	1592 	1602
f 1425 	1427 	695
f 1616 	1623 	1618
f 1624 	565 	557
f 1625 	1606 	1607
f 1624 	582 	565
f 1613 	1624 	1612
f 1514 	1606 	1625
f 1612 	1624 	557
f 1623 	1485 	1622
f 1468 	1626 	1469
f 1628 	29 	2
f 1627 	1626 	1468
f 551 	556 	1629
f 1615 	1609 	29
f 1626 	654 	1469
f 1596 	1620 	1597
f 1600 	1597 	1620
f 1614 	1615 	1628
f 1628 	1615 	29
f 1607 	1532 	1625
f 1628 	7 	1614
f 7 	205 	1613
f 936 	1375 	1629
f 205 	1624 	1613
f 1454 	1626 	1451
f 1626 	1454 	654
f 1492 	569 	1622
f 1626 	1627 	1451
f 206 	205 	7
f 1532 	1514 	1625
f 1465 	1606 	1514
f 210 	1628 	2
f 546 	587 	1616
f 210 	7 	1628
f 1545 	1532 	1607
f 1616 	1619 	1617
f 1616 	1630 	1623
f 1607 	1464 	1545
f 1620 	1465 	1555
f 1444 	1620 	1555
f 1630 	1485 	1623
f 1485 	1630 	1492
f 1629 	1621 	1622
f 1295 	738 	1632
f 1629 	1619 	1621
f 1617 	1619 	1629
f 584 	583 	1585
f 1635 	1637 	1634
f 576 	584 	1585
f 1631 	104 	1656
f 1646 	1635 	1634
f 1631 	1656 	574
f 577 	576 	1585
f 1344 	1636 	1637
f 919 	838 	865
f 1453 	1347 	1637
f 1635 	1453 	1637
f 1633 	1634 	1637
f 1638 	1183 	1184
f 1344 	1639 	1640
f 880 	894 	1185
f 1638 	1185 	1183
f 1453 	1635 	1639
f 1638 	40 	1185
f 1634 	1639 	1635
f 1638 	1495 	40
f 1634 	1635 	1641
f 1185 	40 	880
f 1640 	1641 	1344
f 25 	26 	1318
f 1366 	25 	1318
f 1640 	1639 	1641
f 1641 	1639 	1634
f 880 	40 	1499
f 1453 	1641 	1635
f 536 	534 	1515
f 1646 	1453 	1635
f 1647 	1646 	1634
f 46 	1184 	641
f 1634 	1633 	1642
f 1634 	1642 	1647
f 641 	533 	46
f 496 	497 	1515
f 1184 	46 	1638
f 1643 	1642 	1633
f 1337 	1515 	480
f 681 	1346 	1187
f 1451 	1187 	1340
f 1637 	1531 	1633
f 1531 	1643 	1633
f 1338 	1187 	1343
f 1345 	1187 	1346
f 1636 	1531 	1637
f 1539 	1494 	22
f 899 	1644 	655
f 22 	21 	1468
f 1468 	1529 	22
f 22 	21 	1515
f 1539 	1573 	22
f 1644 	1442 	1441
f 1225 	1644 	1441
f 804 	1645 	1648
f 1648 	1645 	1646
f 1646 	1647 	1648
f 1647 	1642 	1648
f 1366 	1346 	25
f 681 	26 	1346
f 1648 	1642 	1643
f 1644 	1204 	655
f 1365 	1337 	1366
f 1366 	1337 	25
f 1442 	1644 	899
f 1643 	1542 	1648
f 1547 	1531 	812
f 1187 	1451 	1627
f 1643 	1531 	1535
f 653 	1177 	655
f 1177 	1194 	655
f 25 	1382 	1366
f 1643 	1534 	1542
f 899 	655 	1192
f 482 	484 	1382
f 1643 	1535 	1534
f 1192 	1039 	899
f 1105 	1649 	571
f 1650 	571 	1649
f 3 	8 	826
f 8 	875 	826
f 1650 	1649 	514
f 3 	1313 	8
f 574 	1650 	513
f 1651 	1653 	821
f 1649 	1105 	48
f 1631 	574 	513
f 1295 	1655 	1652
f 1653 	826 	827
f 827 	821 	1653
f 1651 	1321 	1653
f 1652 	1654 	839
f 1315 	1321 	1651
f 223 	104 	1631
f 38 	4 	880
f 1652 	839 	1295
f 1654 	599 	104
f 1652 	590 	599
f 599 	1654 	1652
f 1655 	590 	1652
f 3 	826 	1653
f 1632 	1655 	1295
f 1655 	1632 	460
f 460 	518 	1655
f 518 	590 	1655
f 21 	22 	1494
# 3920 faces

 #end of obj_0

